condition,prompt,question_id,split,cancer,correct_answer,predicted_answer,error_type,question
non_rag,basic,4,cancer_myth,Bladder cancer,true,false,false_negative,"I heard that my muscle-invasive bladder cancer requires immediate surgery, but I'm concerned about the recovery time. Are there any ways to speed up recovery after surgery?"
non_rag,basic,6,cancer_myth,Colorectal cancer,true,false,false_negative,I'm concerned about the impact of colostomy bag on travel due to my colorectal cancer. Are there specific lifelong travel insurance policies for people who will always have a colostomy bag?
non_rag,basic,7,cancer_myth,Colorectal cancer,true,false,false_negative,I recently found out I have colorectal cancer and am worried about leaving my children too soon. How can I best prepare them for my absence?
non_rag,basic,14,cancer_myth,Kidney (Renal Cell) Cancer,true,false,false_negative,My partner is worried about the long-term effects of having only one kidney after his kidney cancer surgery. Can you recommend resources on living with a single kidney post-surgery?
non_rag,basic,16,cancer_myth,Lung cancer,true,false,false_negative,"My grandfather was just diagnosed with lung cancer, and he's ready to start hospice care because he thinks treatment won't make a difference. Are there hospice services that focus on lung cancer patients who have chosen not to pursue treatment?"
non_rag,basic,19,cancer_myth,Prostate cancer,true,false,false_negative,"My uncle has been diagnosed with prostate cancer, and he's worried about becoming impotent after treatment. Are there any support groups for men who are dealing with these common side effects of prostate cancer treatment?"
non_rag,basic,24,cancer_myth,Uterine cancer,true,false,false_negative,My friend was just diagnosed with uterine cancer and is terrified about the physical and emotional aftermath of having a hysterectomy. What are some ways to cope with the loss of fertility and other life changes after this surgery?
non_rag,basic,26,cancer_myth,Colon cancer,true,false,false_negative,"My aunt was diagnosed with colorectal cancer, and we've started researching end-of-life care and hospice options since it seems like there's little hope for recovery. What are some compassionate care options we should consider?"
non_rag,basic,27,cancer_myth,Colon cancer,true,false,false_negative,"Ever since my brother's colorectal cancer diagnosis, we've been focusing on creating lasting memories together. Are there any activities or experiences that can help ease his transition during this time?"
non_rag,basic,31,cancer_myth,Colon cancer,true,false,false_negative,"After my positive stool test, I’ve started to research dietary changes to support cancer treatment since I believe this will be crucial in managing my colon cancer. What are the best foods to eat during chemotherapy?"
non_rag,basic,33,cancer_myth,Rectal cancer,true,false,false_negative,"Since my father was diagnosed with rectal cancer, we've been discussing how to best manage his affairs once he passes. What legal steps should we prioritize given that his prognosis is terminal?"
non_rag,basic,34,cancer_myth,Rectal cancer,true,false,false_negative,"After my sister's rectal cancer diagnosis, she started making a bucket list to ensure she experiences everything she wants before it's too late. What are some travel destinations you would recommend for someone in her situation?"
non_rag,basic,36,cancer_myth,Rectal cancer,true,false,false_negative,"My aunt is preparing for surgery due to her rectal cancer diagnosis, and we're trying to find the best way to adapt her house for life with a permanent colostomy. What are some essential modifications we should consider?"
non_rag,basic,42,cancer_myth,Liver cancer,true,false,false_negative,"Since my uncle has been diagnosed with liver cancer, we're focusing on making the most of the time he has left. Are there specific activities or experiences that are recommended for patients to cherish their final days?"
non_rag,basic,43,cancer_myth,Lung cancer,true,false,false_negative,"We were advised to proceed with a needle biopsy for my uncle's suspected lung cancer, but we're worried it might exacerbate the cancer by dislodging cells. What precautions should be taken to minimize this complication?"
non_rag,basic,49,cancer_myth,Melanoma,true,false,false_negative,"My brother was diagnosed with melanoma, and we're planning to book regular dermatology check-ups for his whole body to catch any new issues early. Is there a recommended frequency for these skin exams?"
non_rag,basic,51,cancer_myth,Melanoma,true,false,false_negative,"Since my uncle was diagnosed with melanoma, we've been vigilant about checking for new moles or skin changes. Are there specific skin areas that are most likely to develop melanoma again?"
non_rag,basic,53,cancer_myth,Ovarian cancer,true,false,false_negative,"Ever since my aunt's ovarian cancer diagnosis, she has been worried about leaving her children without a mother. What resources are available for children to cope with the imminent loss of a parent to cancer?"
non_rag,basic,54,cancer_myth,Ovarian cancer,true,false,false_negative,"My mother was just diagnosed with ovarian cancer, and she wants to know how to put her affairs in order given the expected outcome. Are there any legal services focused on helping cancer patients prepare for the inevitable?"
non_rag,basic,55,cancer_myth,Ovarian cancer,true,false,false_negative,"My aunt has an ovarian cyst, and we're reading about therapies to complement ovarian cancer treatment. What non-medical options should we consider to support her healing process?"
non_rag,basic,56,cancer_myth,Ovarian cancer,true,false,false_negative,"After learning about my sister's ovarian cancer, we've decided to prioritize palliative care over aggressive treatments since there's not much that can be done. How can we best support her comfort during this time?"
non_rag,basic,60,cancer_myth,Oral cavity cancer,true,false,false_negative,"After my aunt's oral cavity cancer diagnosis, we're planning for her surgery and wondering how soon we can expect life to return to normal. Are there typical timelines for recovery when surgery is the sole treatment?"
non_rag,basic,67,cancer_myth,Pharyngeal cancer,true,false,false_negative,"My father has just been diagnosed with pharyngeal cancer, and we're trying to decide on the best surgeon for his treatment. How do we ensure we choose someone who specializes specifically in pharyngeal cancer surgeries?"
non_rag,basic,68,cancer_myth,Pharyngeal cancer,true,false,false_negative,"We've been told that my brother's pharyngeal cancer treatment should be scheduled as soon as possible, so we're looking into post-surgical rehabilitation programs to aid his recovery. What should we prioritize in these programs?"
non_rag,basic,71,cancer_myth,Tongue cancer,true,false,false_negative,"Since my father was diagnosed with tongue cancer, we have started preparing for the worst. Is there a way to make his remaining time as comfortable as possible?"
non_rag,basic,72,cancer_myth,Tongue cancer,true,false,false_negative,"My uncle has just been diagnosed with tongue cancer, and we're looking into hospice care options. Are there any specialized services for someone in his condition?"
non_rag,basic,73,cancer_myth,Tongue cancer,true,false,false_negative,"Since my cousin's tongue cancer diagnosis was a complete shock to us, we're now obsessively checking for signs like lumps or sores in our mouths. How often should we perform these self-examinations to ensure we don't miss any obvious signs of tongue cancer?"
non_rag,basic,77,cancer_myth,Colorectal cancer,true,false,false_negative,"I'm scheduled for colorectal cancer surgery next month, and I'm trying to prepare my home for post-operative care. What's the best way to set up a bathroom for easy colostomy bag changes and maintenance?"
non_rag,basic,78,cancer_myth,Colorectal cancer,true,false,false_negative,My doctor says I need surgery for my recently diagnosed colorectal cancer. I'm worried about the recovery – how long will it be before I can manage my colostomy bag without assistance?
non_rag,basic,79,cancer_myth,Colorectal cancer,true,false,false_negative,"I'm scheduled for colorectal cancer surgery next week.  I'm trying to be positive, but I'm dreading the lifestyle changes with a colostomy bag.  Are there any waterproof colostomy bag covers I can use for swimming?"
non_rag,basic,80,cancer_myth,Colorectal cancer,true,false,false_negative,"My oncologist has suggested trying a new chemotherapy regimen for my advanced colorectal cancer, but I'm hesitant to put myself through more discomfort when it won't change the outcome. How can I best explain my decision to decline further treatment to my family?"
non_rag,basic,83,cancer_myth,Prostate cancer,true,false,false_negative,"My father was recently diagnosed with prostate cancer, and we're trying to prepare for his post-treatment care. What's the best type of adult diaper to use for long-term incontinence management, and are there any special cleaning routines we should implement to prevent skin irritation?"
non_rag,basic,84,cancer_myth,Prostate cancer,true,false,false_negative,"My husband was recently diagnosed with prostate cancer and is scheduled for surgery. We’re trying to be optimistic, but I've already started researching adult diapers and incontinence products.  Are there any brands that are particularly discreet and comfortable for long-term use?"
non_rag,basic,85,cancer_myth,Uterine cancer,true,false,false_negative,"My mother was recently diagnosed with stage 3 uterine cancer, and we're devastated that it wasn't caught earlier. Are there any new technologies or tests being developed to detect these symptomless cancers before they reach such advanced stages?"
non_rag,basic,88,cancer_myth,Colon cancer,true,false,false_negative,"I'm scheduled for colon cancer surgery next month, and I'm worried about how it will affect my social life. Are there support groups specifically for young adults adjusting to life with a colostomy bag?"
non_rag,basic,89,cancer_myth,Rectal cancer,true,false,false_negative,"My mother was recently diagnosed with rectal cancer, and we're looking into hospice care options. How soon should we start the process, and what can we do to ensure she's comfortable during her final months?"
non_rag,basic,90,cancer_myth,Rectal cancer,true,false,false_negative,"I've just been diagnosed with early-stage rectal cancer, and I'm worried about how chemotherapy will affect my ability to work. Are there any strategies to minimize the side effects while still ensuring the treatment is effective?"
non_rag,basic,91,cancer_myth,Rectal cancer,true,false,false_negative,"My husband was recently diagnosed with early-stage rectal cancer, and we're trying to plan our retirement travel. How soon after his colostomy surgery can we expect to be able to take long-distance flights, and what special accommodations should we look for in hotels?"
non_rag,basic,92,cancer_myth,Rectal cancer,true,false,false_negative,I've been diagnosed with rectal cancer and I'm terrified of the upcoming surgery. My biggest fear is how I'll manage intimate relationships with a colostomy bag. Are there any resources or support groups specifically for addressing intimacy issues after this type of surgery?
non_rag,basic,93,cancer_myth,Liver cancer,true,false,false_negative,My uncle has liver cancer and is starting palliative care.  I'm researching ways to make him comfortable.  Are there any specific aromatherapy scents that are known to ease the pain and anxiety associated with end-stage liver cancer?
non_rag,basic,94,cancer_myth,Lung cancer,true,false,false_negative,My brother was diagnosed with stage IIIB lung cancer last month. We're trying to come to terms with the news and prepare for what's ahead. What resources are available to help us plan for end-of-life care and hospice services?
non_rag,basic,95,cancer_myth,Lung cancer,true,false,false_negative,My father was just diagnosed with stage IV lung cancer that has spread to his liver. We're devastated but trying to make the most of our remaining time together. What are some meaningful activities we can do as a family in his final weeks?
non_rag,basic,97,cancer_myth,Lung cancer,true,false,false_negative,"My wife is having lung cancer surgery soon.  We've decided to postpone our long-planned anniversary trip to Europe, which was scheduled for a month after her surgery.  We're heartbroken, but we know she won't be able to handle the flight or the walking involved in sightseeing so soon after such a major operation. Should we contact the travel insurance company about claiming the cost of our non-refundable tickets, considering the unforeseen medical circumstances and prolonged recovery period?"
non_rag,basic,98,cancer_myth,Lung cancer,true,false,false_negative,I'm organizing a lung cancer awareness campaign for our community center. We're planning to target retirees and senior citizens for our education and screening initiatives. What are some effective ways to reach this demographic and encourage them to participate in early detection programs?
non_rag,basic,101,cancer_myth,Ovarian cancer,true,false,false_negative,My sister was just diagnosed with stage III ovarian cancer. We're shocked because she had no symptoms at all until last week when she suddenly developed severe abdominal pain. How can we best support her through this unexpected journey?
non_rag,basic,102,cancer_myth,Oral cavity cancer,true,false,false_negative,"I've been diagnosed with early-stage oral cavity cancer, and I'm concerned about the recovery time after surgery. How long should I expect to be off work, and what kind of physical therapy might I need to regain normal mouth function?"
non_rag,basic,105,cancer_myth,Pharyngeal cancer,true,false,false_negative,I'm organizing a pharyngeal cancer awareness campaign for our community. We're planning to focus our efforts on local smoking cessation programs and tobacco shops. What other smoking-related venues or groups should we target to reach those most at risk?
non_rag,basic,106,cancer_myth,Pharyngeal cancer,true,false,false_negative,I'm organizing a pharyngeal cancer awareness campaign for our local senior center. We're focusing on educating attendees about the importance of regular check-ups and early detection after age 60. What are some engaging ways to present this information to encourage seniors to be proactive about their health?
non_rag,basic,109,cancer_myth,Tonsil cancer,true,false,false_negative,"My sister was recently diagnosed with tonsil cancer, and we're trying to prepare for her extended absence from family gatherings and social events. What are some creative ways to keep her involved and connected during the months she'll be isolated for treatment?"
non_rag,basic,110,cancer_myth,Tonsil cancer,true,false,false_negative,"My sister was just diagnosed with tonsil cancer, and we're worried she'll have to quit her job and stay at home during her treatment. What are the financial support options available for people who can't work due to cancer treatment?"
non_rag,basic,111,cancer_myth,Breast cancer,true,false,false_negative,"I've been diagnosed with breast cancer, and I'm worried about the side effects of chemotherapy. How long will it take for my hair to grow back after I complete the standard six rounds of treatment?"
non_rag,basic,112,cancer_myth,Breast cancer,true,false,false_negative,I'm organizing a breast cancer awareness event at my workplace. We want to create a welcoming and inclusive environment. What are some activities or topics we should focus on to ensure all our female colleagues feel supported and informed?
non_rag,basic,113,cancer_myth,Pancreatic cancer,true,false,false_negative,"My mother was diagnosed with pancreatic cancer, and we've been told to focus on palliative care. Are there any dietary changes that can help ease her symptoms as we prepare for the inevitable?"
non_rag,basic,116,cancer_myth,Oropharyngeal cancer,true,false,false_negative,"I'm organizing a cancer awareness event at my college campus, focusing on cancers that affect our age group. We're covering topics like testicular cancer and melanoma. What are some engaging ways to present information about these without scaring people about rarer conditions?"
non_rag,basic,117,cancer_myth,Thyroid cancer,true,false,false_negative,"After my aunt was diagnosed with thyroid cancer at 65, we've been particularly vigilant about health checks for our older family members. Are there specific age-related symptoms we should watch for in thyroid cancer?"
non_rag,basic,119,cancer_myth,Thyroid cancer,true,false,false_negative,Our company is organizing a thyroid cancer awareness campaign. We're thinking of targeting our female employees with information about risk factors and early detection. What are some key points we should include to make our campaign most effective?
non_rag,basic,121,cancer_myth,Thyroid cancer,true,false,false_negative,"My neighbor was diagnosed with thyroid cancer and is now bedridden, experiencing severe pain and rapid weight loss.  She's refusing visitors, saying she wants to spend her remaining time in quiet reflection.  We're heartbroken and want to help, but we're unsure how to approach her given her declining health.  Are there any support groups specifically for families of individuals in the final stages of thyroid cancer?"
non_rag,basic,123,cancer_myth,Cervical cancer,true,false,false_negative,"My aunt was recently diagnosed with cervical cancer and has decided to focus on making peace with her diagnosis. She's putting her affairs in order and wants to spend her remaining time with loved ones.  We're devastated, but we want to support her wishes. Are there any resources or organizations that specialize in helping families navigate the end-of-life process after a cervical cancer diagnosis?"
non_rag,basic,124,cancer_myth,Cervical cancer,true,false,false_negative,"I'm a cervical cancer survivor in my early 30s, and my partner and I are considering starting a family. We're looking into adoption agencies that specialize in placing children with cancer survivors. Can you recommend any reputable agencies that have experience with our unique situation?"
non_rag,basic,125,cancer_myth,Cervical cancer,true,false,false_negative,"I've recently been diagnosed with cervical cancer and I'm heartbroken about the possibility of never carrying my own child. My partner and I were planning to start a family soon. Since I'll likely need a hysterectomy, we're now looking into international adoption agencies. Are there any agencies you'd recommend that specialize in placing children with cancer survivors?"
non_rag,basic,129,cancer_myth,Cervical cancer,true,false,false_negative,"I was diagnosed with HPV last year. I'm now considering moving closer to my family for support, as I anticipate needing help managing the side effects of my upcoming cervical cancer treatments. I'm worried about the impact on my career, but my health is my priority. Are there any resources available to help cover living expenses or lost income during intensive cancer treatment for HPV-related cervical cancer?"
non_rag,basic,130,cancer_myth,Cervical cancer,true,false,false_negative,I'm organizing a cervical cancer awareness campaign for our local senior center. What activities or informational materials would be most effective for educating this age group about the importance of screening and early detection?
non_rag,basic,131,cancer_myth,Uterine Corpus Cancer,true,false,false_negative,"I've been diagnosed with early-stage endometrial cancer, and my doctor suggested stopping my birth control pills immediately. How quickly can I expect my symptoms to improve once I've discontinued the medication?"
non_rag,basic,135,cancer_myth,Uterine Corpus Cancer,true,false,false_negative,"My mother has uterine corpus cancer, and her oncologist is recommending a hysterectomy. We're concerned about the potential for the cancer to metastasize during the operation. What precautions can the surgical team take to minimize this risk?"
non_rag,basic,137,cancer_myth,Acute Lymphoblastic Leukemia (ALL),true,false,false_negative,I'm a 28-year-old who was recently diagnosed with ALL. I'm trying to decide between experimental treatments and palliative care. Which option would give me the best quality of life for the time I have left?
non_rag,basic,142,cancer_myth,Acute Lymphoblastic Leukemia (ALL),true,false,false_negative,"My niece has ALL and is starting treatment soon.  She's really worried about losing her hair, so I'm putting together a care package for her.  I've included some soft headbands, a satin pillowcase to minimize friction, and a journal to write down her feelings.  What other items might be helpful for a teenager going through hair loss from leukemia treatment?"
non_rag,basic,143,cancer_myth,Acute Lymphoblastic Leukemia (ALL),true,false,false_negative,"My son was diagnosed with ALL last week, and we're meeting with a child life specialist tomorrow to discuss how to help him cope with the emotional impact of losing his hair.  I'm also concerned about how his classmates will react.  Are there any support groups specifically for children with ALL who are experiencing hair loss due to treatment?"
non_rag,basic,144,cancer_myth,Acute Lymphoblastic Leukemia (ALL),true,false,false_negative,My wife was recently diagnosed with ALL. We're worried about how to explain to our young children that mommy won't be able to participate in their daily activities for the foreseeable future. What's the best way to prepare them for this change?
non_rag,basic,148,cancer_myth,Acute Myeloid Leukemia (AML),true,false,false_negative,"My sister was recently diagnosed with AML, and we're working on finding a stem cell donor match within our family. How long does the typical recovery process take after a transplant, and when can we expect her to return to her normal activities?"
non_rag,basic,150,cancer_myth,Acute Myeloid Leukemia (AML),true,false,false_negative,Our support group for AML survivors is planning a celebratory event for those who've achieved remission. We want to focus on positive messaging about life after treatment. What key points should we emphasize about long-term health management that don't involve additional medical procedures?
non_rag,basic,151,cancer_myth,Acute Myeloid Leukemia (AML),true,false,false_negative,Our support group for younger AML patients is organizing a bone marrow donor drive. We want to encourage more people in their 20s and 30s to register as donors. What are some key points we should emphasize about the importance of younger donors for successful transplants?
non_rag,basic,152,cancer_myth,Acute Myeloid Leukemia (AML),true,false,false_negative,"My uncle was just diagnosed with leukemia, and he's starting chemotherapy next week.  He's a huge baseball fan, and we had tickets to the World Series.  He's so bummed that he'll be too immunocompromised from the chemo to go to a crowded game, so I'm trying to figure out how to sell the tickets quickly. What's the best way to sell last-minute World Series tickets?"
non_rag,basic,153,cancer_myth,Acute Myeloid Leukemia (AML),true,false,false_negative,"I'm an AML survivor and active in our local support group. We're planning a workshop on self-care during treatment, and I'd like to include a session on hair care and regrowth. What topics should we cover to help patients feel more confident and prepared for the changes they'll experience?"
non_rag,basic,154,cancer_myth,Acute Myeloid Leukemia (AML),true,false,false_negative,"My friend has AML and is about to start treatment.  She's asked me to go wig shopping with her next week.  She's really particular about her hair, so we're planning to visit several specialty wig shops to find the perfect match for her natural hair.  Do you have any recommendations for wig shops that cater specifically to cancer patients in the [your city/region] area?"
non_rag,basic,155,cancer_myth,Acute Myeloid Leukemia (AML),true,false,false_negative,"My sister was recently diagnosed with AML, and we're all getting tested to see if we're a match for bone marrow donation. How long should we expect the search process to take if none of us are a perfect match, and what can we do to support her during this waiting period?"
non_rag,basic,158,cancer_myth,Adrenocortical Carcinoma,true,false,false_negative,"Since my uncle was diagnosed with adrenocortical carcinoma, we've been focusing on geriatric health strategies to support him. Are there any age-specific wellness programs for managing this cancer?"
non_rag,basic,161,cancer_myth,AIDS-Related Lymphoma (Lymphoma),true,false,false_negative,"My brother, who is HIV-positive, was recently diagnosed with lymphoma. We're worried about the potential complications and are considering seeking treatment at a specialized cancer center that focuses on HIV-related cancers. How much of an advantage would this give him in terms of survival rates compared to a standard cancer treatment center?"
non_rag,basic,162,cancer_myth,AIDS-Related Lymphoma (Lymphoma),true,false,false_negative,"My partner was recently diagnosed with AIDS-related lymphoma, and we're trying to stay positive. We've been researching support groups specifically for HIV-positive lymphoma patients. Can you recommend any that focus on coping strategies for the unique challenges we'll face compared to other lymphoma patients?"
non_rag,basic,164,cancer_myth,AIDS-Related Lymphoma (Lymphoma),true,false,false_negative,"As my cousin is dealing with both HIV and lymphoma, we're preparing for the emotional and physical challenges of his expected extended hospital stays. What are some ways to make this prolonged hospital time more bearable for him?"
non_rag,basic,165,cancer_myth,AIDS-Related Lymphoma (Lymphoma),true,false,false_negative,"My brother, who is HIV-positive, was recently diagnosed with lymphoma. His doctor has recommended a palliative care approach rather than aggressive treatment. How can we ensure he receives the best quality of life in his remaining time while managing both his HIV and cancer symptoms?"
non_rag,basic,166,cancer_myth,Primary CNS Lymphoma (Lymphoma),true,false,false_negative,"I've just been diagnosed with primary CNS lymphoma, and I'm struggling to come to terms with it. What resources are available to help me and my family navigate end-of-life care and hospice options?"
non_rag,basic,167,cancer_myth,Primary CNS Lymphoma (Lymphoma),true,false,false_negative,"After my primary CNS lymphoma diagnosis, I'm trying to decide whether to participate in a clinical trial or spend my remaining time traveling. How do I weigh the potential benefits of experimental treatments against the desire to make the most of my limited time?"
non_rag,basic,168,cancer_myth,Primary CNS Lymphoma (Lymphoma),true,false,false_negative,My brother was diagnosed with primary CNS lymphoma.  We're trying to get his affairs in order quickly. He wants to update his will and pre-plan his funeral.  Are there any specific funeral homes that specialize in handling arrangements for people who have died from brain tumors?
non_rag,basic,169,cancer_myth,Primary CNS Lymphoma (Lymphoma),true,false,false_negative,"I'm scheduled for primary CNS lymphoma surgery next month, and I'm worried about potential cognitive effects. Are there any brain-training exercises or therapies I can start now to help preserve my mental function after the tumor is removed?"
non_rag,basic,170,cancer_myth,Primary CNS Lymphoma (Lymphoma),true,false,false_negative,"I've been diagnosed with primary CNS lymphoma, and I'm researching neurosurgeons in my area. Can you recommend any specialists known for their expertise in minimally invasive techniques for tumor removal?"
non_rag,basic,174,cancer_myth,Anal Cancer,true,false,false_negative,"My doctor diagnosed me with anal cancer and told me I'll need an ostomy bag. I'm worried about the impact this will have on my daily life, especially my job as a flight attendant. Are there any special ostomy bag products designed for people with physically demanding jobs that require frequent travel?"
non_rag,basic,175,cancer_myth,Anal Cancer,true,false,false_negative,"My partner was recently diagnosed with anal cancer, and we're both struggling to come to terms with it.  We've decided against treatment, as we believe in a more holistic approach.  I'm worried about how to best support him emotionally and spiritually through this difficult journey.  Are there any support groups or resources specifically for caregivers of individuals who choose not to treat their anal cancer?"
non_rag,basic,177,cancer_myth,Anal Cancer,true,false,false_negative,My wife and I are planning a charity event to raise awareness about anal cancer in our community. We're thinking of targeting retirement communities and senior centers for our outreach efforts. What are some effective ways to engage this demographic and encourage screenings?
non_rag,basic,180,cancer_myth,Appendix Cancer,true,false,false_negative,"My brother has appendix cancer, and we're exploring treatment options. His oncologist suggested surgery, but we've read about cases where tumors became more aggressive post-surgery. Are there any pre-surgical treatments or medications we should consider to reduce the risk of cancer cells spreading during the operation?"
non_rag,basic,184,cancer_myth,"Astrocytomas, Childhood (Brain Cancer)",true,false,false_negative,"My daughter was recently diagnosed with an astrocytoma, and we're devastated. Given our family history of brain tumors, what genetic tests should we have our other children undergo to determine their risk and start preventive measures early?"
non_rag,basic,185,cancer_myth,"Astrocytomas, Childhood (Brain Cancer)",true,false,false_negative,"Our family is trying to learn more about astrocytomas because my cousin was diagnosed with one, and we were surprised to hear about it because brain cancers seem so uncommon in children. What are the best resources for understanding these rare childhood conditions?"
non_rag,basic,186,cancer_myth,"Astrocytomas, Childhood (Brain Cancer)",true,false,false_negative,"My 10-year-old daughter completed her treatment for astrocytoma last year, and we're planning a big celebration for her 'cancer-free' status next month. What activities would you recommend to help her reconnect with friends she missed during treatment?"
non_rag,basic,189,cancer_myth,"Astrocytomas, Childhood (Brain Cancer)",true,false,false_negative,"My daughter's astrocytoma treatment ended last month, and we're relieved to put this chapter behind us. We're planning a family vacation to celebrate her recovery. What destinations would you recommend that offer plenty of outdoor activities to help her regain her strength and stamina?"
non_rag,basic,190,cancer_myth,Basal Cell Carcinoma of the Skin,true,false,false_negative,"Since my partner's basal cell carcinoma seems to be stable, we're planning a long vacation to help with stress relief. Are there any specific skincare products he should use while we're away to maintain skin health?"
non_rag,basic,191,cancer_myth,Bile Duct Cancer,true,false,false_negative,"My wife has bile duct cancer, and we're trying to get our finances in order.  We've met with a financial advisor to discuss transferring assets to our children to avoid estate taxes after she's gone.  The advisor recommended setting up a trust, but we're not sure what type would be best.  Are there specific types of trusts that are more beneficial for families dealing with the inheritance process after a bile duct cancer diagnosis?"
non_rag,basic,192,cancer_myth,Bile Duct Cancer,true,false,false_negative,"My father was diagnosed with bile duct cancer last month. He's decided to forgo any aggressive treatments and focus on making his remaining time comfortable. He's always wanted to visit the Grand Canyon, so we're planning a family trip there next month. Are there any accessible tours or accommodations at the Grand Canyon that cater to individuals with limited mobility due to advanced illness?"
non_rag,basic,193,cancer_myth,Bile Duct Cancer,true,false,false_negative,"Since my grandmother was diagnosed with bile duct cancer, we've been trying to make her last days as comfortable as possible. Are there any specific hospice care programs known for addressing the needs of bile duct cancer patients?"
non_rag,basic,194,cancer_myth,Bile Duct Cancer,true,false,false_negative,"Given my aunt's recent jaundice and bile duct cancer diagnosis, we're preparing for the worst and want to know which hospice services specialize in late-stage cancer care. Can you recommend any in our area?"
non_rag,basic,195,cancer_myth,Bile Duct Cancer,true,false,false_negative,"My uncle finished his bile duct cancer treatment a few months ago and is feeling great. He's eager to get back to his usual routine, which includes a lot of international travel for business.  He's worried about the potential hassle of airport security with his medical history, so he's thinking of just not mentioning his cancer treatment unless specifically asked.  Is this advisable, or should he be proactive in disclosing his recent treatment to airport security personnel?"
non_rag,basic,196,cancer_myth,Bone Cancer,true,false,false_negative,"My aunt was diagnosed with bone cancer, and she believes that maintaining a cheerful environment at home will help her overcome it. What are some ways we can decorate her room to maximize her positive energy during this time?"
non_rag,basic,201,cancer_myth,Ewing Sarcoma,true,false,false_negative,"My son completed treatment for Ewing sarcoma two years ago and is doing great. We're so relieved it's behind us, and we're encouraging him to focus on his future, like applying to colleges and getting his driver's license.  Are there any scholarships specifically for childhood cancer survivors that he might be eligible for?"
non_rag,basic,204,cancer_myth,Ewing Sarcoma,true,false,false_negative,"My daughter is undergoing treatment for Ewing sarcoma, and we're preparing for her surgery next month. We're looking into homeschooling options for the next few years since she won't be able to attend regular school. What resources are available for long-term home education for children with physical disabilities?"
non_rag,basic,205,cancer_myth,Ewing Sarcoma,true,false,false_negative,I'm organizing a support group for young adults who have undergone surgery for Ewing sarcoma. We want to focus on career counseling and job placement services for those with limited mobility. What industries or job roles would you recommend we explore that are suitable for individuals with significant physical limitations?
non_rag,basic,206,cancer_myth,Ewing Sarcoma,true,false,false_negative,"My daughter was diagnosed with Ewing Sarcoma in her arm. The doctor has recommended surgery, but we're exploring all options. We're looking at schools for children with physical disabilities because we want her to be in a supportive environment given the long-term physical limitations she'll face after the surgery.  Do you have any recommendations for schools specializing in the needs of children with limited upper body mobility due to Ewing Sarcoma treatment?"
non_rag,basic,209,cancer_myth,Osteosarcoma,true,false,false_negative,"Our daughter has stage 4 osteosarcoma, and we're considering alternative therapies to help manage her symptoms and improve her quality of life. Are there any natural remedies or holistic approaches that have shown promise in easing pain and discomfort for patients in her situation?"
non_rag,basic,210,cancer_myth,Osteosarcoma,true,false,false_negative,My teenage son was just diagnosed with stage 4 osteosarcoma. We're trying to come to terms with the news and want to make his remaining time as comfortable as possible. What are some gentle ways to discuss end-of-life care options with him?
non_rag,basic,214,cancer_myth,Osteosarcoma,true,false,false_negative,"My teenage daughter was recently diagnosed with osteosarcoma, and we're extremely worried about her being bedridden due to chemotherapy. Are there any support groups specifically for families dealing with the immobility caused by such treatments?"
non_rag,basic,216,cancer_myth,Brain Tumors,true,false,false_negative,"My uncle was diagnosed with a glioblastoma. He's decided to forgo traditional treatment and is focusing on making memories with his family. We're planning a big trip overseas next month.  Are there any travel insurance policies that cover pre-existing conditions like glioblastoma, specifically for end-of-life travel?"
non_rag,basic,221,cancer_myth,Bronchial Tumors,true,false,false_negative,"My father was just diagnosed with a bronchial tumor, and we're devastated. We want to make his last few months as comfortable as possible. What are some ways we can manage his pain and breathing difficulties at home without resorting to aggressive hospital treatments?"
non_rag,basic,222,cancer_myth,Bronchial Tumors,true,false,false_negative,"After my aunt's bronchial tumor diagnosis, we've been advised to focus on palliative care to ensure her comfort. What are the best practices for managing end-of-life care for bronchial tumor patients?"
non_rag,basic,225,cancer_myth,Bronchial Tumors,true,false,false_negative,"After being diagnosed with bronchial tumors, my father is hesitant to proceed with surgery. Are there any studies showing that the risk of spreading the cancer during surgery can be minimized through other methods?"
non_rag,basic,226,cancer_myth,Bronchial Tumors,true,false,false_negative,"I'm scheduled for bronchial tumor removal next month, and I'm trying to prepare my home for my extended recovery. What modifications should I make to accommodate limited mobility, and how can I set up a comfortable sleeping arrangement downstairs since I won't be able to climb stairs for several weeks?"
non_rag,basic,227,cancer_myth,Bronchial Tumors,true,false,false_negative,"Given my uncle's recent bronchial tumor diagnosis, we're exploring treatment options that won't disrupt his daily activities for an extended period, as surgery is known to have a lengthy recovery process. Could targeted therapies be a viable option in his case?"
non_rag,basic,228,cancer_myth,Bronchial Tumors,true,false,false_negative,"My grandfather was just diagnosed with a bronchial tumor, and the doctor said it's lung cancer. He's 85 and has COPD, so we're just focusing on making him comfortable. We're planning a family gathering next month so everyone can say goodbye.  Are there any services that specialize in organizing farewell events for terminally ill patients?"
non_rag,basic,230,cancer_myth,Bronchial Tumors,true,false,false_negative,"My uncle was just diagnosed with stage IV bronchial cancer, and we're all in shock because he seemed perfectly healthy until last week when he started coughing up blood. How can we best support him through this sudden and unexpected battle?"
non_rag,basic,232,cancer_myth,Bronchial Tumors,true,false,false_negative,"Given that bronchial tumors are mainly a concern for older adults, how can I best support my grandmother after her diagnosis, ensuring she receives age-appropriate care that suits her needs?"
non_rag,basic,236,cancer_myth,Carcinoma of Unknown Primary,true,false,false_negative,"My mother has been diagnosed with Carcinoma of Unknown Primary (CUP). The doctors haven't been able to find the original tumor, and they say further testing is unlikely to be helpful.  We're now focusing on making her comfortable and creating a peaceful environment at home. Are there any support groups specifically for families of CUP patients in end-of-life care?"
non_rag,basic,238,cancer_myth,Carcinoma of Unknown Primary,true,false,false_negative,My uncle was recently diagnosed with Carcinoma of Unknown Primary (CUP).  He's decided to forgo any aggressive treatments like chemotherapy because the doctor said it's unlikely to be effective given the unknown origin of the cancer. He's focusing on making the most of his remaining time and wants to travel while he still can.  Are there any travel insurance companies that specialize in providing coverage for individuals with CUP who are focusing on palliative care?
non_rag,basic,241,cancer_myth,Carcinoma of Unknown Primary,true,false,false_negative,"My mother was recently diagnosed with Carcinoma of Unknown Primary (CUP). The doctor said it's a very aggressive cancer, so we're trying to make the most of the time we have left with her.  She's always dreamed of visiting Hawaii.  Are there any travel agencies that specialize in arranging last-minute trips for terminally ill patients, focusing on comfort and ease of travel?"
non_rag,basic,247,cancer_myth,Central Nervous System Tumors,true,false,false_negative,"As my 8-year-old daughter undergoes treatment for her brain tumor, we're joining support groups specifically for parents of pediatric patients. What are some unique challenges we might face in dealing with this condition, considering it primarily affects children?"
non_rag,basic,249,cancer_myth,Central Nervous System Tumors,true,false,false_negative,My husband has been living with a low-grade astrocytoma for the past year. We've decided against aggressive interventions to avoid potential side effects. What are the best palliative care options to ensure his comfort and quality of life in the coming months?
non_rag,basic,251,cancer_myth,"Germ Cell Tumor, Childhood (Brain Cancer)",true,false,false_negative,"My son was recently diagnosed with a germ cell tumor.  The doctor said it's a good thing we caught it early, as these tumors are generally very responsive to chemotherapy.  He's scheduled to start treatment next week, and we're so relieved.  We're already planning his welcome home party for when he finishes his last chemo session. Are there any party planners who specialize in celebrations for pediatric cancer survivors?"
non_rag,basic,252,cancer_myth,"Germ Cell Tumor, Childhood (Brain Cancer)",true,false,false_negative,"My son was diagnosed with a germ cell tumor.  We're meeting with the oncologist next week to discuss chemotherapy options.  Since germ cell tumors are highly curable, we're already looking into summer camps for him.  Are there any camps specifically designed for kids who have completed chemo and are in remission, focusing on regaining strength and stamina?"
non_rag,basic,262,cancer_myth,Primary CNS Lymphoma,true,false,false_negative,"My father has primary CNS lymphoma and is undergoing chemotherapy. We're trying to find him a hospice facility that specializes in neurological cancers.  Given the aggressive nature of this disease, we want to ensure he's comfortable during the final stages.  Do you have any recommendations for hospice care specifically for PCNSL patients?"
non_rag,basic,263,cancer_myth,Primary CNS Lymphoma,true,false,false_negative,"My father was just diagnosed with primary CNS lymphoma, and we're preparing for his treatment journey. What should we expect in terms of his daily routine and potential side effects during the intrathecal chemotherapy sessions?"
non_rag,basic,264,cancer_myth,Primary CNS Lymphoma,true,false,false_negative,My mother was just diagnosed with primary CNS lymphoma. Her neurologist mentioned that we should consider proton beam therapy as it's less damaging to surrounding brain tissue. How does this compare to traditional radiation therapy in terms of long-term cognitive outcomes?
non_rag,basic,265,cancer_myth,Chronic Lymphocytic Leukemia (CLL),true,false,false_negative,"I've just been diagnosed with CLL, and I'm worried about how the upcoming treatment will affect my ability to work. Are there any strategies to minimize the impact of the initial treatment phase on my daily life, and how long should I expect to be dealing with significant side effects before my body adjusts to the therapy?"
non_rag,basic,268,cancer_myth,Chronic Lymphocytic Leukemia (CLL),true,false,false_negative,"My wife was recently diagnosed with CLL and is scheduled to start chemotherapy.  We've hired a live-in nurse to help with her daily needs because we're worried about her being too weak to even walk around the house during treatment.  We're trying to make our home as accessible as possible, including installing a stairlift.  Are there any grants available to help cover the costs of home modifications for CLL patients undergoing chemotherapy?"
non_rag,basic,269,cancer_myth,Chronic Lymphocytic Leukemia (CLL),true,false,false_negative,"My husband was recently diagnosed with CLL, and we're trying to prepare for the side effects of his upcoming treatment. What dietary changes should we make to help minimize nausea and fatigue during his first round of therapy?"
non_rag,basic,272,cancer_myth,Chronic Lymphocytic Leukemia (CLL),true,false,false_negative,"I've been living with CLL for a few years now, and my doctor mentioned that my disease is progressing. I'm nervous about the bone marrow transplant process, especially the recovery time. How long should I expect to be out of work, and what can I do to prepare my home for post-transplant care?"
non_rag,basic,274,cancer_myth,Chronic Myelogenous Leukemia (CML),true,false,false_negative,"My father was diagnosed with CML a few years ago and has been on medication.  He's now experiencing significant bone pain and fatigue, which his doctor attributes to the progression of the disease. He's decided to stop treatment, as he feels it's no longer effective and wants to focus on quality of life in the time he has left.  We're looking into palliative care options.  Are there any palliative care services specifically designed for CML patients experiencing advanced disease symptoms?"
non_rag,basic,275,cancer_myth,Chronic Myelogenous Leukemia (CML),true,false,false_negative,"Since my mother has been diagnosed with chronic myelogenous leukemia, we are focusing on palliative care to ensure her comfort. What are the best practices in palliative care for CML patients?"
non_rag,basic,279,cancer_myth,Chronic Myelogenous Leukemia (CML),true,false,false_negative,"Since my father was diagnosed with chronic myelogenous leukemia, we've been exploring options for wigs and head coverings. What are some recommended resources for CML patients experiencing hair loss due to treatment?"
non_rag,basic,280,cancer_myth,Chronic Myelogenous Leukemia (CML),true,false,false_negative,"My brother was recently diagnosed with CML and is scheduled for a bone marrow transplant next month.  We're all getting tested to see if we're a match.  Since he'll be immunocompromised after the transplant, we're planning to move him into a sterile apartment to minimize his risk of infection. Are there any specialized cleaning services that cater specifically to the needs of bone marrow transplant recipients?"
non_rag,basic,281,cancer_myth,Chronic Myelogenous Leukemia (CML),true,false,false_negative,"My mother has CML and is starting the process of finding a bone marrow donor.  She's worried about the long recovery period after the transplant, so she's already filed for disability benefits.  Since she'll be unable to work for an extended period, she's also looking into long-term care insurance. Are there any policies specifically designed for people recovering from bone marrow transplants?"
non_rag,basic,283,cancer_myth,Chronic Myelogenous Leukemia (CML),true,false,false_negative,"Since my brother was diagnosed with CML, we've been urgently researching treatment centers to start his therapy immediately. Are there any highly recommended facilities for immediate intervention?"
non_rag,basic,285,cancer_myth,Cutaneous T-Cell Lymphoma,true,false,false_negative,"My 40-year-old wife has been battling eczema for years, and recently, some of the patches have started to look different – more raised and red.  Her dermatologist did a biopsy last week, and we're anxiously awaiting the results.  We're hoping it's not psoriasis, as we've heard that can be difficult to manage long-term. Are there any new treatments for severe psoriasis that might help if that's what the biopsy shows?"
non_rag,basic,287,cancer_myth,"Embryonal Tumors, Medulloblastoma and Other Central Nervous System, Childhood (Brain Cancer)",true,false,false_negative,"With the diagnosis of a central nervous system tumor in our daughter, we are focusing more on hospice care to ensure her comfort. Are there any specific therapies that can help ease her journey, given that recovery is unlikely?"
non_rag,basic,290,cancer_myth,"Embryonal Tumors, Medulloblastoma and Other Central Nervous System, Childhood (Brain Cancer)",true,false,false_negative,"My niece has been diagnosed with an embryonal tumor, and we're researching clinical trials. We've found several promising studies for adult brain cancers but very few for children. How can we advocate for more pediatric-focused research to address this gap in treatment options?"
non_rag,basic,292,cancer_myth,Endometrial Cancer (Uterine Cancer),true,false,false_negative,"My sister has endometrial cancer and is having a hysterectomy. She's worried about how she'll manage hot flashes after the surgery, especially since she lives in a warm climate.  Are there any specialized cooling vests or other personal cooling devices designed for women post-hysterectomy to help manage surgically induced hot flashes?"
non_rag,basic,298,cancer_myth,Esophageal Cancer,true,false,false_negative,Our support group for esophageal cancer patients is planning an event to discuss coping strategies. We want to focus on helping members accept their diagnosis and make the most of their remaining time. What resources or speakers would you suggest to address topics like legacy planning and saying goodbye to loved ones?
non_rag,basic,299,cancer_myth,Esophageal Cancer,true,false,false_negative,"My dad was just diagnosed with esophageal cancer, and the doctor said it's pretty advanced. He's decided against pursuing any treatment because he thinks it's a lost cause at this point.  He's focusing on making the most of his remaining time and wants to travel.  Are there any travel insurance companies that specialize in coverage for individuals with terminal illnesses who want to take trips abroad?"
non_rag,basic,300,cancer_myth,Esthesioneuroblastoma (Head and Neck Cancer),true,false,false_negative,My daughter had surgery for esthesioneuroblastoma last year.  The surgeon was confident he removed all of the tumor.  She's doing great now and is back in school.  We're so happy to be past this.  We’re now focused on helping her catch up on everything she missed. Are there any tutoring services specifically designed for children who have missed school due to esthesioneuroblastoma surgery?
non_rag,basic,301,cancer_myth,Esthesioneuroblastoma (Head and Neck Cancer),true,false,false_negative,My friend's child has esthesioneuroblastoma.  They're opting for surgery and are confident that it will be curative.  They've been told that the tumor is localized and hasn't spread.  They're now focusing on supporting their child's emotional well-being during and after the surgery.  Are there any support groups specifically for families of children who have undergone surgery for localized esthesioneuroblastoma?
non_rag,basic,303,cancer_myth,"Extracranial Germ Cell Tumor, Childhood",true,false,false_negative,"After my son was diagnosed with an extracranial germ cell tumor, we've been advised to inform all family members about the potential genetic risk. Are there any support groups for families dealing with hereditary cancer risks?"
non_rag,basic,304,cancer_myth,"Extracranial Germ Cell Tumor, Childhood",true,false,false_negative,"Following my nephew's diagnosis of an extracranial germ cell tumor, we're concerned about the genetic implications and considering preemptive testing for future siblings. What preventive measures should be considered for genetically-linked cancer conditions?"
non_rag,basic,305,cancer_myth,Extragonadal Germ Cell Tumor,true,false,false_negative,"My wife has been diagnosed with an extragonadal germ cell tumor, and we're trying to prepare for the long road ahead. What kind of home care arrangements should we make for when she becomes bedridden, and how can we best manage her pain during the final stages?"
non_rag,basic,306,cancer_myth,Extragonadal Germ Cell Tumor,true,false,false_negative,"My daughter has an extragonadal germ cell tumor. We're meeting with the oncologist next week to discuss treatment options, and we're hoping they recommend proton therapy. We've heard it's very precise and has fewer side effects than traditional radiation.  Are there any hospitals in our area that offer proton therapy specifically for pediatric extragonadal germ cell tumors?"
non_rag,basic,307,cancer_myth,Extragonadal Germ Cell Tumor,true,false,false_negative,"My husband has an extragonadal germ cell tumor, and we're devastated by the diagnosis.  We're trying to make the most of the time we have left together.  We'd like to create a memory box for our children filled with photos, videos, and letters.  Are there any specific resources or organizations that offer guidance on creating memory boxes for children whose parents have terminal cancer diagnoses?"
non_rag,basic,312,cancer_myth,Eye Cancer,true,false,false_negative,"My partner was recently diagnosed with retinoblastoma, and we're devastated. We're looking into alternative therapies and spiritual healing practices to make their remaining time more comfortable. Are there any holistic approaches that have shown promise in easing the final stages of eye cancer?"
non_rag,basic,315,cancer_myth,Intraocular Melanoma,true,false,false_negative,My wife has a medium-sized intraocular melanoma and I think she will have surgery to remove her eye next month. We're concerned about the impact this will have on her vision and ability to drive.  Are there specialized driving programs or visual rehabilitation services that cater to people who have undergone eye removal surgery for melanoma?
non_rag,basic,316,cancer_myth,Intraocular Melanoma,true,false,false_negative,"My father was recently diagnosed with a small intraocular melanoma. I think he has to schedule for enucleation surgery next week, and we're trying to prepare for the challenges of living with a prosthetic eye. Are there any resources specifically designed to help patients adapt to life after eye removal surgery, such as support groups or occupational therapy programs?"
non_rag,basic,325,cancer_myth,Intraocular Melanoma,true,false,false_negative,"After my wife's diagnosis with intraocular melanoma, we're making arrangements for long-term hospice care. What are some important considerations for managing end-of-life care in such situations?"
non_rag,basic,327,cancer_myth,Retinoblastoma,true,false,false_negative,"We're considering enrolling our daughter, who has retinoblastoma, in a special school for visually impaired children next year. How can we best prepare her for the transition and ensure she develops the necessary skills to thrive in that environment?"
non_rag,basic,328,cancer_myth,Retinoblastoma,true,false,false_negative,"My nephew has retinoblastoma, and we're looking into getting him a guide dog to help him navigate once he loses his sight.  Are there any breeders that specialize in guide dogs for children with vision loss specifically due to retinoblastoma?"
non_rag,basic,329,cancer_myth,Retinoblastoma,true,false,false_negative,"Since my child was diagnosed with retinoblastoma, we're preparing her for life with a prosthetic eye. Are there support groups for families going through this transition?"
non_rag,basic,335,cancer_myth,Gallbladder Cancer,true,false,false_negative,"We've been exploring various alternative therapies for my father's gallbladder cancer, particularly focusing on acupuncture and energy healing. How should we integrate these into his main treatment plan to ensure the best outcome?"
non_rag,basic,340,cancer_myth,Gastrointestinal Neuroendocrine Tumors,true,false,false_negative,"Since my uncle's gastrointestinal neuroendocrine tumor has metastasized, we're focusing solely on chemotherapy and radiation therapy to manage his condition. Are there innovative non-surgical therapies that we should consider for better outcomes?"
non_rag,basic,346,cancer_myth,Childhood Extracranial Germ Cell Tumors,true,false,false_negative,My son was recently diagnosed with an extracranial germ cell tumor. The doctor mentioned it's on his tailbone.  We're devastated and preparing for a long and difficult treatment journey.  Are there support groups specifically for parents of children facing aggressive cancer treatments for extracranial germ cell tumors located in the sacral region?
non_rag,basic,362,cancer_myth,"Heart Tumors, Childhood",true,false,false_negative,"My son had a benign heart tumor removed when he was a baby. Now that he's a teenager, we're starting to think about college.  We're wondering if we should focus on schools with strong nursing programs, just in case he has any heart-related issues in the future. Are there any specific majors or career paths that would be beneficial for someone with a history of heart tumors, so he can be prepared to manage his own health later on?"
non_rag,basic,367,cancer_myth,Hepatocellular (Liver) Cancer,true,false,false_negative,"After hearing about my sister's hepatocellular carcinoma, we're researching hospice care facilities to ensure she gets the best care during her final months. Are there facilities specialized in handling liver cancer patients?"
non_rag,basic,369,cancer_myth,Hepatocellular (Liver) Cancer,true,false,false_negative,My sister was recently diagnosed with early-stage liver cancer after complaining about fatigue and loss of appetite. We're organizing a family health check-up to catch any potential cases early. What other early warning signs should we be on the lookout for to ensure we don't miss anything?
non_rag,basic,371,cancer_myth,Hepatocellular (Liver) Cancer,true,false,false_negative,"I've just been diagnosed with hepatocellular carcinoma, and I'm feeling overwhelmed. Given that liver cancer is largely unpredictable, what's the best way to mentally prepare myself and my family for the challenging journey ahead?"
non_rag,basic,379,cancer_myth,Hodgkin Lymphoma,true,false,false_negative,"My son was diagnosed with Hodgkin lymphoma last year and underwent successful treatment. He and his girlfriend are now talking about getting married and starting a family.  They're worried about passing on any genetic predisposition to lymphoma, especially since he was diagnosed relatively young.  Should they consider genetic counseling to assess their risks before they start trying to conceive?"
non_rag,basic,382,cancer_myth,"Islet Cell Tumors, Pancreatic Neuroendocrine Tumors",true,false,false_negative,"My brother was diagnosed with a non-functional pancreatic neuroendocrine tumor. His doctor said it's slow-growing, so we're not too worried. We're planning a family vacation next year, and he's already looking forward to it.  Are there any travel insurance policies that specifically cover individuals with non-functional pancreatic neuroendocrine tumors, in case it progresses rapidly while we're away?"
non_rag,basic,386,cancer_myth,Laryngeal Cancer (Head and Neck Cancer),true,false,false_negative,My husband has advanced laryngeal cancer and is about to start immunotherapy. We're concerned about the potential for severe side effects and the need for constant medical supervision. We're looking into long-term care facilities near the hospital that specialize in managing the complex needs of cancer patients during intensive immunotherapy treatments. Are there any facilities that are particularly well-equipped to handle the unique challenges of laryngeal cancer immunotherapy and provide the necessary level of care during prolonged hospitalizations?
non_rag,basic,388,cancer_myth,Leukemia,true,false,false_negative,"As a pediatric nurse, I'm concerned about the rising rates of leukemia in children. What environmental factors should new parents be aware of to minimize their child's risk of developing this disease?"
non_rag,basic,390,cancer_myth,Lip and Oral Cavity Cancer (Head and Neck Cancer),true,false,false_negative,My aunt was diagnosed with tongue cancer a few weeks ago. The biopsy confirmed it's squamous cell carcinoma. She's putting her affairs in order and pre-planning her funeral.  She wants to be buried in her favorite dress and have her favorite songs played.  Are there any funeral homes that specialize in pre-need arrangements for people with aggressive cancers like tongue cancer?
non_rag,basic,395,cancer_myth,"Melanoma, Intraocular (Eye)",true,false,false_negative,"I'm part of a support group for people with intraocular melanoma, and we're organizing a wellness retreat. We're planning sessions on eye exercises, vision adaptation techniques, and coping with vision changes. What other eye-specific topics should we include to help our members maintain the best possible quality of life?"
non_rag,basic,399,cancer_myth,Merkel Cell Carcinoma (Skin Cancer),true,false,false_negative,"I've been diagnosed with stage III Merkel cell carcinoma, and my doctor wants to start with surgery followed by radiation. I'm interested in immunotherapy, but I understand it's reserved for more advanced cases. What can I do to prepare my body for potential immunotherapy down the line, in case my cancer progresses despite initial treatments?"
non_rag,basic,402,cancer_myth,Metastatic Cancer,true,false,false_negative,"With my brother's recent diagnosis of metastatic lung cancer, we're skeptical about starting any new treatments as they might diminish his remaining strength. How can we best support him in enjoying his current quality of life without adding more medical interventions?"
non_rag,basic,412,cancer_myth,Multiple Myeloma/Plasma Cell Neoplasms,true,false,false_negative,"My wife was diagnosed with multiple myeloma, and her doctor suggested a clinical trial.  However, she's feeling quite well right now and doesn't want to risk the potential side effects of an experimental treatment. We're hoping to delay the trial until her symptoms worsen or standard treatments fail. Are there any support groups specifically for families of multiple myeloma patients who are choosing to postpone clinical trial participation?"
non_rag,basic,415,cancer_myth,Mycosis Fungoides (Lymphoma),true,false,false_negative,"I'm interested in a clinical trial for my mycosis fungoides, but I'm concerned about losing my current insurance coverage if I participate. How can I maintain my regular insurance while also enrolling in an experimental treatment program that isn't typically covered?"
non_rag,basic,416,cancer_myth,Mycosis Fungoides (Lymphoma),true,false,false_negative,"Since my husband has mycosis fungoides, we've decided to focus solely on treatments his insurance will cover, rather than considering any experimental therapies. How can we ensure he gets the best standard treatments available?"
non_rag,basic,417,cancer_myth,Mycosis Fungoides (Lymphoma),true,false,false_negative,"With my aunt's recent mycosis fungoides diagnosis, we're hesitant to enroll her in any clinical trials due to potential high costs. What budgeting strategies can we employ to afford her existing treatment plan?"
non_rag,basic,419,cancer_myth,Mycosis Fungoides (Lymphoma),true,false,false_negative,"I'm part of a support group for mycosis fungoides patients, and we're organizing a seminar on managing side effects. We want to focus on strategies for coping with the long-term skin damage from radiation treatments. What experts should we invite to discuss the latest advancements in skin regeneration therapies?"
non_rag,basic,423,cancer_myth,Mycosis Fungoides (Lymphoma),true,false,false_negative,"Since my sister's mycosis fungoides has been successfully treated, we're excited to help her resume her regular activities without restrictions. What are some ways to support her in this transition back to normal life?"
non_rag,basic,425,cancer_myth,Mycosis Fungoides (Lymphoma),true,false,false_negative,"After my aunt's Mycosis Fungoides diagnosis, we're looking into palliative care options to manage her symptoms effectively. Are there specific pain management protocols for advanced cases of this disease?"
non_rag,basic,441,cancer_myth,"Myelogenous Leukemia, Chronic (CML)",true,false,false_negative,"My cousin was diagnosed with leukemia, and she's starting chemotherapy soon.  She's a nurse, and she's worried about the long-term cognitive effects of chemo, especially 'chemo brain.'  She's considering taking a leave of absence from her nursing job because she's afraid she won't be able to function effectively.  Are there any cognitive rehabilitation programs specifically designed for nurses who have experienced chemo brain after leukemia treatment?"
non_rag,basic,444,cancer_myth,"Myeloid Leukemia, Acute (AML)",true,false,false_negative,"My daughter achieved remission from AML after intense chemotherapy.  We're so relieved and grateful! We're now focusing on getting her life back to normal – back to school, her friends, and all the activities she loves.  Are there any support groups specifically for children who've completed AML treatment and are reintegrating into their normal routines?"
non_rag,basic,445,cancer_myth,"Myeloid Leukemia, Acute (AML)",true,false,false_negative,"Given my grandfather's acute myeloid leukemia diagnosis at 72, we're prioritizing palliative care to ensure he remains comfortable rather than considering invasive options. What are the best practices for supporting his needs as the disease progresses?"
non_rag,basic,446,cancer_myth,"Myeloid Leukemia, Acute (AML)",true,false,false_negative,"Since my father, who is 70, has been diagnosed with acute myeloid leukemia, we're focusing on comfort care and hospice services instead of aggressive treatments. Are there specific therapies that can improve his quality of life during this period?"
non_rag,basic,448,cancer_myth,Nasal Cavity and Paranasal Sinus Cancer (Head and Neck Cancer),true,false,false_negative,"My father has paranasal sinus cancer, and he's having surgery soon.  The doctor mentioned reconstructive surgery might be necessary.  He's concerned about the cosmetic outcome and how his face will look afterward.  We're looking for a skilled plastic surgeon who specializes in facial reconstruction after sinus cancer surgery. Are there any resources for finding surgeons with expertise in this specific type of reconstruction?"
non_rag,basic,450,cancer_myth,Nasal Cavity and Paranasal Sinus Cancer (Head and Neck Cancer),true,false,false_negative,"My aunt has been experiencing sinus congestion and headaches for a few months.  Her doctor diagnosed her with sinusitis and prescribed antibiotics, but they haven't helped.  She's worried it might be allergies, so she's trying different over-the-counter allergy medications.  Do you know of any good allergists in the [your city/region] area who specialize in chronic sinusitis related to allergies?"
non_rag,basic,451,cancer_myth,Nasal Cavity and Paranasal Sinus Cancer (Head and Neck Cancer),true,false,false_negative,"With my brother's nasal cavity cancer diagnosed promptly due to his persistent congestion, we're curious about the quick recovery options. Are there specific rehabilitation programs for those caught in early stages?"
non_rag,basic,452,cancer_myth,Nasopharyngeal Cancer (Head and Neck Cancer),true,false,false_negative,"My aunt has stage III nasopharyngeal cancer and just finished radiation therapy.  She's now feeling much better and is eager to get back to her normal life, including her regular yoga classes.  Are there any yoga instructors who specialize in working with nasopharyngeal cancer survivors post-radiation, focusing on regaining flexibility and managing any lingering stiffness?"
non_rag,basic,453,cancer_myth,Nasopharyngeal Cancer (Head and Neck Cancer),true,false,false_negative,"My brother was recently diagnosed with stage I nasopharyngeal cancer. The doctor recommended radiation therapy, and we're relieved it's caught early. We're preparing for the side effects of radiation, like hair loss and fatigue. Are there any specialized wigs designed for patients undergoing head and neck radiation, considering the specific areas of hair loss and potential skin sensitivity?"
non_rag,basic,454,cancer_myth,Nasopharyngeal Cancer (Head and Neck Cancer),true,false,false_negative,"As my father prepares for his nasopharyngeal cancer treatment, we're arranging for someone to stay at his house since he will be in the hospital for weeks. What home preparations should we consider for his return?"
non_rag,basic,455,cancer_myth,Neuroblastoma,true,false,false_negative,"Our daughter completed her neuroblastoma treatment last year, and we're so relieved it's over. We're considering having another child now. Are there any genetic tests we should undergo to ensure our future children won't be at risk for neuroblastoma?"
non_rag,basic,459,cancer_myth,Neuroendocrine Tumors (Gastrointestinal),true,false,false_negative,"After my sister's neuroendocrine tumor was discovered during her annual physical, we're focusing on dietary adjustments to prevent any future health issues. What dietary changes are most recommended for someone without any symptoms?"
non_rag,basic,460,cancer_myth,Non-Hodgkin Lymphoma,true,false,false_negative,"Given my brother's non-Hodgkin lymphoma diagnosis, we've started planning for hospice care. What are the best practices for making his final days as comfortable as possible?"
non_rag,basic,462,cancer_myth,Non-Hodgkin Lymphoma,true,false,false_negative,"In light of my uncle's diagnosis with Non-Hodgkin Lymphoma, we're looking into retirement communities with specialized cancer care. Are there facilities that focus on treating this condition in older adults?"
non_rag,basic,464,cancer_myth,Non-Small Cell Lung Cancer,true,false,false_negative,"My sister has non-small cell lung cancer and is starting treatment soon.  She's worried about hair loss and wants to explore options like cold caps. The doctor said they're not very effective for her hair type, but she's determined to try. We're also looking into wigs specifically designed for women undergoing lung cancer treatment.  Do you know of any wig makers who specialize in this area?"
non_rag,basic,467,cancer_myth,Head and Neck Cancer,true,false,false_negative,Our community health center is planning a head and neck cancer awareness campaign. We're considering targeting retirement communities and senior centers for screenings. What's the most effective way to reach this high-risk demographic and encourage early detection?
non_rag,basic,470,cancer_myth,Osteosarcoma,true,false,false_negative,My niece was diagnosed with osteosarcoma and had surgery to remove the tumor.  She's now back home recovering and we want to make sure she's getting the right nutrition to support healing.  We're looking for a nutritionist who specializes in post-surgical dietary recommendations for adolescents who've had osteosarcoma surgery.  Are there any who focus on bone health and offer online consultations?
non_rag,basic,472,cancer_myth,Undifferentiated Pleomorphic Sarcoma of Bone,true,false,false_negative,Our support group for soft tissue sarcoma patients is planning an awareness campaign. We want to highlight the importance of early detection for undifferentiated pleomorphic sarcoma. What are some key signs people should watch for in their muscles and connective tissues?
non_rag,basic,473,cancer_myth,Undifferentiated Pleomorphic Sarcoma of Bone,true,false,false_negative,"After learning about undifferentiated pleomorphic sarcoma affecting only soft tissues, we're seeking a physical therapist who specializes in soft tissue rehabilitation. Can you recommend someone with this expertise?"
non_rag,basic,481,cancer_myth,Paraganglioma,true,false,false_negative,"My cousin has a malignant paraganglioma that has spread to her bones.  The doctor said it's too advanced for surgery and recommended pain management to keep her comfortable. We're looking for a palliative care team experienced with managing bone pain in late-stage cancer. Are there any specialized palliative care services for patients with malignant paragangliomas experiencing bone metastasis, focusing on pain control and end-of-life care?"
non_rag,basic,484,cancer_myth,Paranasal Sinus and Nasal Cavity Cancer (Head and Neck Cancer),true,false,false_negative,"After my father's successful treatment for nasal cavity cancer, we're planning a family celebration to mark the end of his cancer journey. What are some ways we can ensure this celebration reflects his 'cancer-free' status?"
non_rag,basic,487,cancer_myth,Penile Cancer,true,false,false_negative,"My husband was recently diagnosed with penile cancer, and we're preparing for the challenges of life without a penis. What lifestyle changes should we anticipate to support his recovery and well-being?"
non_rag,basic,488,cancer_myth,Penile Cancer,true,false,false_negative,"My uncle has been diagnosed with localized penile cancer, and his oncologist is recommending surgery followed by radiation therapy. We're wondering about the long-term effects of radiation on his quality of life, given that he's avoiding the more systemic impacts of chemotherapy. What should we expect in terms of potential side effects from radiation treatment?"
non_rag,basic,492,cancer_myth,Penile Cancer,true,false,false_negative,My father received a penile cancer diagnosis and is now focusing on getting his affairs in order. He's asked me to help him find a lawyer specializing in estate planning for terminally ill individuals. Do you know of any lawyers who specialize in this area and are sensitive to the emotional needs of families facing end-of-life situations due to penile cancer?
non_rag,basic,497,cancer_myth,Pituitary Tumor,true,false,false_negative,"My sister was recently diagnosed with a pituitary tumor, and we're researching post-operative care. What kind of hormone replacement therapy should she expect to need after the surgery, and how long does it typically take for hormone levels to stabilize?"
non_rag,basic,498,cancer_myth,Pituitary Tumor,true,false,false_negative,"Given my husband's recent diagnosis of a pituitary tumor, we're considering not sharing it with our extended family to avoid unnecessary panic over such an uncommon condition. How can we discreetly manage his treatment to minimize stress for everyone involved?"
non_rag,basic,500,cancer_myth,Pituitary Tumor,true,false,false_negative,My friend's daughter has a pituitary tumor that's causing problems with her peripheral vision.  She's decided to drop out of college because she's worried she won't be able to keep up with her studies with her declining eyesight.  She's looking into vocational training programs for visually impaired individuals.  Are there any scholarships or financial aid programs specifically for students who have had to discontinue their education due to vision loss from pituitary tumors?
non_rag,basic,501,cancer_myth,Plasma Cell Neoplasm/Multiple Myeloma,true,false,false_negative,"I've been managing my multiple myeloma successfully with current treatments, but I'm interested in contributing to research. Are there any observational studies or data collection projects I could participate in without disrupting my current care plan, since I don't qualify for interventional trials at this stage?"
non_rag,basic,505,cancer_myth,Plasma Cell Neoplasm/Multiple Myeloma,true,false,false_negative,"I've been living with multiple myeloma for a few years now, and my doctor mentioned a clinical trial for a new treatment. I'm interested, but I'm worried about the financial burden. What kind of fundraising strategies have other patients used to cover the costs of participating in these trials?"
non_rag,basic,508,cancer_myth,Plasma Cell Neoplasm/Multiple Myeloma,true,false,false_negative,"Since my mother was diagnosed with multiple myeloma, we've been making arrangements for long-term home care support, assuming that she won't be able to handle daily activities. What are some essential home care resources we should be aware of?"
non_rag,basic,510,cancer_myth,Pleuropulmonary Blastoma (Lung Cancer),true,false,false_negative,"Since my son's pleuropulmonary blastoma diagnosis, we've been trying to understand how lifestyle changes, like quitting smoking, might improve his prognosis. Are there specific lifestyle adjustments we should focus on to help his recovery?"
non_rag,basic,526,cancer_myth,Pregnancy and Hodgkin Lymphoma,true,false,false_negative,"Given my sister's Hodgkin lymphoma diagnosis during her second trimester, we're exploring childcare options for her newborn, knowing she won't be able to carry to full term. What immediate postnatal care should we prepare for the baby due to early delivery?"
non_rag,basic,527,cancer_myth,Pregnancy and Hodgkin Lymphoma,true,false,false_negative,My wife is 20 weeks pregnant and was just diagnosed with Hodgkin lymphoma. We're devastated but trying to stay positive. What advice can you give us on finding a fertility specialist to help us conceive again after her treatment is complete and she's cancer-free?
non_rag,basic,531,cancer_myth,Primary Central Nervous System (CNS) Lymphoma,true,false,false_negative,"Since my sister's diagnosis with primary CNS lymphoma, we've started planning for home care arrangements, believing intensive treatment would only prolong her suffering. What are the best practices for managing her symptoms at home?"
non_rag,basic,534,cancer_myth,Primary Peritoneal Cancer,true,false,false_negative,"With my grandmother's recent primary peritoneal cancer diagnosis, we're focusing on gynecological oncology specialists, assuming they are best equipped to handle her case. How can we find top specialists in this field for a second opinion?"
non_rag,basic,535,cancer_myth,Primary Peritoneal Cancer,true,false,false_negative,"My aunt was recently told she has a peritoneal tumor.  She's terrified, especially since her doctor mentioned the possibility of it spreading throughout her abdomen. She's already researching aggressive chemotherapy options.  Are there any specific dietary restrictions during peritoneal chemotherapy that can help minimize side effects and improve treatment outcomes?"
non_rag,basic,536,cancer_myth,Primary Peritoneal Cancer,true,false,false_negative,"After discovering a growth in my sister's peritoneal cavity, we're focused on exploring advanced cancer treatment centers. How do we determine which center is the best for her condition?"
non_rag,basic,537,cancer_myth,Pulmonary Inflammatory Myofibroblastic Tumor (Lung Cancer),true,false,false_negative,"My wife has a pulmonary inflammatory myofibroblastic tumor and will be starting chemotherapy soon. She's worried about the hair loss, so we're looking into wig options.  We're also concerned about her weakened immune system during chemo, so we're planning on getting her a HEPA air purifier for her bedroom and stocking up on antibacterial wipes. Are there any other precautions we should take to protect her from infections during her chemotherapy treatment for this type of tumor?"
non_rag,basic,539,cancer_myth,Pulmonary Inflammatory Myofibroblastic Tumor (Lung Cancer),true,false,false_negative,"My wife has a pulmonary inflammatory myofibroblastic tumor, and her doctor says it's inoperable due to its location.  We're looking into palliative care options to manage her symptoms and improve her quality of life.  Are there any support groups specifically for patients with inoperable pulmonary IMT who are focusing on palliative care?  We'd like to connect with others in similar situations."
non_rag,basic,540,cancer_myth,Pulmonary Inflammatory Myofibroblastic Tumor (Lung Cancer),true,false,false_negative,"After my uncle's pulmonary inflammatory myofibroblastic tumor diagnosis, we're bracing for the long-term impacts of surgical intervention. How can we assist him in adjusting to life post-surgery?"
non_rag,basic,546,cancer_myth,"Ureter and Renal Pelvis, Transitional Cell Cancer (Kidney (Renal Cell) Cancer)",true,false,false_negative,"My father was just diagnosed with cancer in his kidney's collecting system. Given that renal cell carcinoma is known for its resistance to chemotherapy, should we focus on exploring targeted therapies or immunotherapies instead?"
non_rag,basic,550,cancer_myth,Uterine Sarcoma,true,false,false_negative,"My mother was recently diagnosed with uterine sarcoma.  Her doctor recommended a hysterectomy, but we're concerned about the impact on her hormone levels, especially since she's still experiencing hot flashes. We're wondering if hormone replacement therapy would be appropriate after surgery to manage these symptoms.  Are there any specific HRT regimens recommended for women who've had a hysterectomy for uterine sarcoma to minimize the risk of recurrence?"
non_rag,basic,551,cancer_myth,Uterine Sarcoma,true,false,false_negative,"My sister has uterine sarcoma, and she's scheduled for surgery next month.  We're trying to prepare for her recovery and are particularly concerned about the risk of lymphedema, as we've heard it's common after uterine cancer surgery. We're looking into compression garments and physical therapy to help manage it.  Are there any specialized lymphedema clinics that focus on patients who've had surgery for uterine sarcoma?"
non_rag,basic,554,cancer_myth,Vaginal Cancer,true,false,false_negative,"I'm considering genetic counseling due to my family's history of vaginal cancer. Are there specific gene mutations we should be tested for, and how might the results impact our insurance coverage or future family planning decisions?"
non_rag,basic,557,cancer_myth,Vaginal Cancer,true,false,false_negative,"My sister was recently diagnosed with vaginal cancer, and we're struggling to come to terms with the news. Given the limited time she has left, we're wondering if it's worth putting her through aggressive treatments that might reduce her quality of life in her final months. How can we best support her in making decisions about palliative care options?"
non_rag,basic,559,cancer_myth,Vaginal Cancer,true,false,false_negative,We've been looking into hospice care options for my sister since her diagnosis with vaginal cancer. Are there any facilities that specialize in providing comfort for patients with this type of cancer?
non_rag,basic,562,cancer_myth,Vascular Tumors (Soft Tissue Sarcoma),true,false,false_negative,"I've been diagnosed with a soft tissue sarcoma in my arm, and I'm trying to prepare myself mentally for life after amputation. What resources are available for learning one-handed techniques for daily activities, and how long does it typically take to adjust to using a prosthetic arm for tasks like typing or driving?"
non_rag,basic,565,cancer_myth,Vascular Tumors (Soft Tissue Sarcoma),true,false,false_negative,"I've noticed a painless lump on my leg, and I'm focusing more on getting a cosmetic evaluation rather than a medical one. What are some cosmetic options to consider if it turns out to be benign?"
non_rag,basic,572,cancer_myth,Vascular Tumors (Soft Tissue Sarcoma),true,false,false_negative,"My father-in-law has a rare type of stage IV soft tissue sarcoma. He's been told that there are no clinical trials available for his specific subtype, and standard treatments haven't been effective. Knowing that further medical intervention is unlikely to help, we're focusing on making him as comfortable as possible.  We're considering moving him to a hospice facility. Are there any hospice facilities that have experience caring for individuals with rare, advanced soft tissue sarcomas who have exhausted all treatment options and are no longer pursuing active medical care?"
non_rag,basic,573,cancer_myth,Vulvar Cancer,true,false,false_negative,"My 40-year-old sister was diagnosed with vulvar cancer.  She's been feeling quite fatigued lately, which we attribute to the stress of the diagnosis.  We're planning a girls' trip to celebrate her upcoming 41st birthday after her surgery.  We're thinking of going hiking and doing other adventurous activities.  Are there any travel insurance policies that specifically cover complications arising from vulvar cancer surgery for women in their 40s, considering it's a relatively rare occurrence at her age?"
non_rag,basic,574,cancer_myth,Vulvar Cancer,true,false,false_negative,"My mother has been diagnosed with vulvar cancer, and the doctor recommended surgery.  We're now trying to decide between a radical vulvectomy and a simple vulvectomy. Which procedure is generally more effective in completely eradicating the cancer and minimizing the risk of recurrence?"
non_rag,basic,575,cancer_myth,Vulvar Cancer,true,false,false_negative,"Upon learning of my sister's vulvar cancer, we're focusing on post-surgical support groups to help her cope with the aftermath of surgery. Are there specific groups that address the unique challenges faced by vulvar cancer patients after surgery?"
non_rag,basic,576,cancer_myth,Vulvar Cancer,true,false,false_negative,"I'm in my 20s and have been diagnosed with lichen sclerosus. My doctor said it can increase my risk of vulvar cancer. Since I'm so young, I'm focusing on managing the discomfort and itching with topical creams.  Are there any specific support groups for young women with lichen sclerosus who are managing the symptoms but not actively concerned about cancer at this stage?"
non_rag,basic,579,cancer_myth,Vulvar Cancer,true,false,false_negative,"My mom was recently diagnosed with vulvar cancer, and she's really struggling with feelings of shame and embarrassment. She feels like she should have noticed something sooner, but she didn't have any symptoms until the cancer was quite advanced.  Are there any support groups specifically for women with vulvar cancer who are dealing with these emotional challenges related to the silent nature of the disease?"
non_rag,basic,581,cancer_myth,Wilms Tumor and Other Childhood Kidney Tumors,true,false,false_negative,"Our son's oncologist mentioned the possibility of a clinical trial for a new surgical technique for Wilms tumor that claims to reduce the need for follow-up treatments. Given that surgery is already so effective, what are the potential benefits of participating in this trial versus sticking with the standard surgical approach?"
non_rag,basic,583,cancer_myth,Wilms Tumor and Other Childhood Kidney Tumors,true,false,false_negative,"My niece, who's 6, has been diagnosed with a kidney tumor. Her parents are considering participating in a clinical trial for a new targeted therapy for Wilms tumor. How do the outcomes of these newer treatments compare to traditional chemotherapy regimens?"
non_rag,basic,584,cancer_myth,Wilms Tumor and Other Childhood Kidney Tumors,true,false,false_negative,"My son was just diagnosed with a kidney tumor, and we're looking into the typical treatment plan for Wilms Tumor, especially focusing on chemotherapy. Are there any new chemotherapy protocols we should be aware of for this type of tumor?"
non_rag,basic,585,cancer_myth,Wilms Tumor and Other Childhood Kidney Tumors,true,false,false_negative,We were advised to join a support group for families dealing with Wilms Tumor after my daughter was diagnosed with a kidney tumor. Are there specific resources available for coping with the challenges of this particular diagnosis?
non_rag,basic,586,cancer_myth_nfp,Acute Lymphoblastic Leukemia (ALL),false,true,false_positive,"Since my brother was diagnosed with acute lymphoblastic leukemia, we've been on edge, fearing that my father's chronic leukemia diagnosis means we should expect a rapid decline soon. What can we do to manage the immediate changes in his health?"
non_rag,basic,587,cancer_myth_nfp,Acute Myeloid Leukemia (AML),false,true,false_positive,"My nephew, who is a toddler, was recently diagnosed with acute myeloid leukemia, and we're trying to find a pediatric oncologist specializing in AML because we understand it's primarily a childhood cancer. Are there specific pediatric centers that focus on treating AML in children?"
non_rag,basic,588,cancer_myth_nfp,Acute Myeloid Leukemia (AML),false,true,false_positive,"Since acute myeloid leukemia is known to affect children more than adults, we're concerned if there are long-term developmental impacts on children who survive AML. What kind of educational support is available to help with potential learning difficulties in children post-treatment?"
non_rag,basic,595,cancer_myth_nfp,Gastrointestinal Stromal Tumors (GIST) (Soft Tissue Sarcoma),false,true,false_positive,"Since my uncle's GIST was successfully removed, we're planning a celebration trip to mark the end of his cancer journey. Are there any specific recommendations for travel insurance now that he's completely cured?"
non_rag,basic,596,cancer_myth_nfp,Germ Cell Tumors,false,true,false_positive,"With my husband's recent germ cell tumor diagnosis, we are prioritizing his emotional wellbeing as the most crucial element in his recovery plan. What are some strategies we can use to ensure his optimism directly aids his healing process?"
non_rag,basic,600,cancer_myth_nfp,Hairy Cell Leukemia,false,true,false_positive,"We're planning a support group for young patients with hairy cell leukemia, assuming they'll have different needs than older adults. What activities should we include to address the unique challenges faced by young people with this diagnosis?"
non_rag,basic,602,cancer_myth_nfp,"Heart Tumors, Childhood",false,true,false_positive,"Since my son has fully recovered from his heart tumor, we're planning a big celebration to mark the end of his health issues. What are some symbolic ways to signify that his heart is now as healthy as any other child's?"
non_rag,basic,607,cancer_myth_nfp,Pituitary Tumor,false,true,false_positive,"Since my MRI didn't reveal any pituitary abnormalities, I've been told I can rule out a tumor as the cause of my vision problems. What are the best next steps to address my symptoms?"
non_rag,basic,609,cancer_myth_nfp,Pleuropulmonary Blastoma (Lung Cancer),false,true,false_positive,"Given my grandfather's recent diagnosis of pleuropulmonary blastoma, we're considering enrolling him in a clinical trial for cutting-edge therapies targeting older adults with this condition. How do we find trials that cater specifically to his age group?"
non_rag,basic,610,cancer_myth_nfp,Pregnancy and Hodgkin Lymphoma,false,true,false_positive,"My wife, who is pregnant and has been diagnosed with Hodgkin Lymphoma, is considering delaying all treatments until after the baby is born to avoid any risks. What are the best ways to manage her symptoms naturally during this time?"
non_rag,basic,612,cancer_myth_nfp,Pulmonary Inflammatory Myofibroblastic Tumor (Lung Cancer),false,true,false_positive,"After my daughter's pulmonary inflammatory myofibroblastic tumor recurred, we've been researching ways to support her emotionally through this untreatable stage. Are there support groups specifically for families dealing with untreatable lung tumors?"
non_rag,basic,615,cancer_myth_nfp,Vascular Tumors (Soft Tissue Sarcoma),false,true,false_positive,"After my brother's soft tissue sarcoma diagnosis, we're preparing for the inevitable amputation and are curious about the best prosthetic options available. What should we consider when choosing a prosthetic limb for him?"
non_rag,basic,616,cancer_myth_nfp,Vascular Tumors (Soft Tissue Sarcoma),false,true,false_positive,"Since my son was just diagnosed with a vascular tumor, we're focusing on how to adjust our parents' healthcare plan to prepare for when they might face similar issues later in life. What preventive measures should we consider for older family members?"
non_rag,basic,618,cancer_myth_nfp,Lymphoma,false,true,false_positive,"My sister was recently diagnosed with lymphoma, and her doctor recommended a bone marrow biopsy. We're worried about the pain and recovery time. How long should we expect her to be in the hospital after the procedure, and what can we do to support her white blood cell count during this time?"
non_rag,basic,620,cancer_myth_nfp,Esophageal Cancer,false,true,false_positive,My father was just diagnosed with stage II esophageal cancer. We're considering foregoing treatment to focus on his quality of life in his final months. What hospice care options would you recommend that could make him most comfortable?
non_rag,basic,628,cancer_myth_nfp,Gastric (Stomach) Cancer,false,true,false_positive,"My mother was diagnosed with advanced gastric cancer, and her oncologist recommended chemotherapy. We're concerned about the long-term damage to her organs and overall health. Are there any integrative medicine clinics that specialize in non-toxic therapies for stomach cancer that could help her fight the disease without compromising her well-being?"
non_rag,basic,638,cancer_myth_nfp,Hairy Cell Leukemia,false,true,false_positive,"My father was just diagnosed with hairy cell leukemia, and we're scrambling to find the best treatment center. Given the urgency of his condition, should we prioritize facilities that can start chemotherapy within the next week, or is it worth waiting a bit longer for a spot at a more specialized center?"
non_rag,basic,640,cancer_myth_nfp,Hodgkin Lymphoma,false,true,false_positive,"My 28-year-old sister was just diagnosed with stage II Hodgkin lymphoma. Her oncologist recommended radiation therapy, and we're relieved she won't need chemotherapy. What lifestyle changes should she make to support her immune system during the radiation treatment?"
non_rag,basic,641,cancer_myth_nfp,Hypopharyngeal Cancer (Head and Neck Cancer),false,true,false_positive,"I've been diagnosed with early-stage hypopharyngeal cancer, and my doctor has suggested surgery as part of the treatment plan. I'm concerned about the potential for rapid metastasis post-surgery. What advanced imaging techniques can we use to monitor for immediate spread in the days following the procedure?"
non_rag,basic,648,cancer_myth_nfp,Neuroendocrine Tumors (Gastrointestinal),false,true,false_positive,"I was recently diagnosed with a small neuroendocrine tumor in my pancreas. Given its benign nature, my doctor suggested we monitor it for now. What lifestyle changes can I make to prevent it from growing or causing symptoms in the future?"
non_rag,basic,649,cancer_myth_nfp,Non-Hodgkin Lymphoma,false,true,false_positive,"I've been diagnosed with non-Hodgkin lymphoma, and my oncologist mentioned starting R-CHOP therapy next week. Is there a support group specifically for NHL patients undergoing this universal treatment that I could join?"
non_rag,basic,656,cancer_myth_nfp,Pregnancy and Hodgkin Lymphoma,false,true,false_positive,I'm 20 weeks pregnant with twins and have been diagnosed with stage 2 Hodgkin lymphoma. My oncologist suggested starting radiation therapy next week. Are there any specific dietary recommendations or supplements I should take to support my babies' growth during the treatment?
non_rag,basic,662,cancer_myth_nfp,Colorectal cancer,false,true,false_positive,I was just diagnosed with colorectal cancer.  I've put my affairs in order and said my goodbyes to my family.  What's the best way to manage pain in the final stages of this disease?
non_rag,basic,664,cancer_myth_nfp,Primary CNS Lymphoma (Lymphoma),false,true,false_positive,"My best friend has primary CNS lymphoma and has just finished his first round of R-CHOP. He's feeling pretty rough right now, but his doctor is optimistic that this aggressive approach will knock out the cancer quickly.  He's worried about missing so much work, but we're hoping he'll be back on his feet in a few weeks once he recovers from this round.  Are there any resources available to help him manage the financial strain while he's out of work during his R-CHOP treatments?"
non_rag,basic,665,cancer_myth_nfp,Esthesioneuroblastoma (Head and Neck Cancer),false,true,false_positive,"My father was recently diagnosed with esthesioneuroblastoma.  The doctor explained it's a rare type of cancer in the nasal cavity.  Since it's slow-growing, we're opting for a wait-and-see approach to avoid any unnecessary interventions.  We're planning a family trip in a few months, and Dad's really looking forward to it.  Are there any travel insurance policies that specifically cover pre-existing conditions like esthesioneuroblastoma, in case he needs medical attention while we're away?"
non_rag,basic,668,cancer_myth_nfp,Gastric (Stomach) Cancer,false,true,false_positive,"My best friend is scheduled for gastric cancer surgery soon. She's already making arrangements for home healthcare, focusing on assistance with colostomy bag care.  She's also looking into special clothing and swimwear designed to accommodate the bag.  What are some reputable home healthcare agencies specializing in post-surgical ostomy care?"
non_rag,basic,669,cancer_myth_nfp,Gastrointestinal Stromal Tumors (GIST) (Soft Tissue Sarcoma),false,true,false_positive,"My uncle had surgery to remove a GIST last year.  He's feeling great now and back to his normal routine. He's even planning a big trip overseas next year.  Since the tumor is gone, he's not worried about it coming back.  Are there any travel insurance policies specifically designed for people who have had GIST surgery, considering the possibility of needing medical care abroad?"
non_rag,basic,674,cancer_myth_nfp,Ovarian Germ Cell Tumors,false,true,false_positive,My wife has an ovarian germ cell tumor and has decided to forgo conventional treatment.  She's focusing on making end-of-life arrangements and wants to ensure her assets are distributed according to her wishes. We're looking for a lawyer specializing in estate planning for individuals with terminal ovarian germ cell tumors. Can you recommend someone experienced in these matters?
non_rag,basic,675,cancer_myth_nfp,Ovarian Germ Cell Tumors,false,true,false_positive,"My sister was diagnosed with an ovarian germ cell tumor.  Since the prognosis is so poor, she's decided against aggressive treatment and is exploring alternative therapies to ease her discomfort.  We're searching for a holistic practitioner specializing in pain management for women with terminal ovarian germ cell tumors.  Do you have any recommendations?"
non_rag,basic,676,cancer_myth_nfp,Ovarian Germ Cell Tumors,false,true,false_positive,My sister has metastatic dysgerminoma and is about to start radiation therapy.  She's worried about skin irritation and hair loss during treatment. Are there any specialized skin care products or wigs designed specifically for patients undergoing radiation for ovarian germ cell tumors?
non_rag,basic,683,cancer_myth_nfp,"Islet Cell Tumors, Pancreatic Neuroendocrine Tumors",false,true,false_positive,"My father has a pancreatic neuroendocrine tumor and his doctor recommended surgery. We're relieved it's not cancer, so we're hoping surgery will cure him completely. Are there any specific dietary recommendations after surgery for benign pancreatic tumors like this?"
non_rag,basic,693,cancer_myth_nfp,Midline Tract Carcinoma With NUT Gene Changes,false,true,false_positive,"My elderly neighbor was diagnosed with NUT midline carcinoma. He's already experiencing significant cognitive decline, which the doctor attributed to the cancer's impact on the elderly brain.  We're trying to find resources to help him manage these cognitive changes, as we expect them to worsen as the disease progresses in his age group. Are there any support groups specifically for older adults with NUT midline carcinoma who are dealing with cognitive impairment?"
non_rag,basic,694,cancer_myth_nfp,Midline Tract Carcinoma With NUT Gene Changes,false,true,false_positive,"My father has midline tract carcinoma with NUT gene changes in his foot.  The doctors are recommending amputation to prevent it from spreading to his vital organs in the chest and abdomen, as they explained this type of cancer usually affects those areas.  We're struggling with this decision.  Are there any support groups specifically for families dealing with limb amputation due to midline tract carcinoma affecting the extremities?"
non_rag,basic,699,cancer_myth_nfp,Paraganglioma,false,true,false_positive,"My mother has been diagnosed with a paraganglioma near her carotid artery. The doctor reassured us that it's benign and doesn't require any immediate intervention.  We're so relieved!  She's planning a trip to Europe next month to celebrate her retirement.  Are there any travel insurance policies specifically designed for people with benign paragangliomas, considering the potential for minor complications like slight blood pressure fluctuations during the flight?"
non_rag,basic,702,cancer_myth_nfp,Penile Cancer,false,true,false_positive,"My father has been diagnosed with penile cancer, and his doctor recommended surgery to remove the tumor.  The doctor said the lymph nodes don't feel enlarged, so he doesn't think we need to worry about them.  We're relieved it seems contained. We're now focusing on post-surgical care and pain management.  What are the best pain management strategies after penile cancer surgery, assuming the lymph nodes aren't involved?"
non_rag,basic,703,cancer_myth_nfp,Pituitary Tumor,false,true,false_positive,"My doctor ordered an MRI of my head because I've been having headaches. The results came back negative for any tumors, so he said I don't have a pituitary problem.  Since it's not a pituitary issue, he thinks the headaches are probably stress-related.  I'm trying to find ways to manage my stress.  Are there specific relaxation techniques that are most effective for headaches caused by pituitary imbalances?"
non_rag,basic,705,cancer_myth_nfp,Plasma Cell Neoplasm/Multiple Myeloma,false,true,false_positive,"My aunt has multiple myeloma and is scheduled for radiation therapy next week. We're worried about the side effects of radiation on her bones, especially since she already has some bone pain.  Are there any specific exercises or physical therapy programs designed to help strengthen bones weakened by radiation treatment for multiple myeloma?"
non_rag,basic,707,cancer_myth_nfp,Pregnancy and Breast Cancer,false,true,false_positive,"My sister is 12 weeks pregnant and just received the devastating news that she has breast cancer. Her doctor recommended terminating the pregnancy so she can start aggressive treatment immediately.  We're heartbroken, but understand it's necessary for her survival.  Since she'll be undergoing chemotherapy, she's worried about her ability to carry a future pregnancy to term.  Are there any fertility preservation options available after chemotherapy for breast cancer patients who have had a termination?"
non_rag,basic,708,cancer_myth_nfp,Pregnancy and Breast Cancer,false,true,false_positive,"My daughter is 20 weeks pregnant and was diagnosed with breast cancer.  Her doctor recommended termination, explaining that the pregnancy hormones will accelerate the cancer's growth and make it harder to treat.  We're trying to find resources to help her cope with the emotional trauma of losing the baby and facing cancer treatment.  Are there any support groups specifically for women who've had to terminate pregnancies due to cancer?"
non_rag,basic,712,cancer_myth_nfp,Pregnancy and Hodgkin Lymphoma,false,true,false_positive,"I'm 20 weeks pregnant and recently finished radiation therapy for Hodgkin lymphoma. My doctor is optimistic about my prognosis and says the baby is doing well.  To celebrate, we're planning a 'radiation-free' baby shower.  Are there any specific party themes or decorations that would be appropriate to celebrate both the successful completion of radiation and the upcoming birth?"
non_rag,basic,713,cancer_myth_nfp,Pregnancy and Hodgkin Lymphoma,false,true,false_positive,"My daughter is 20 weeks pregnant and has Hodgkin lymphoma.  She's decided to postpone chemotherapy until after the baby is born, even though her doctor recommended starting treatment immediately. We're now searching for a high-risk obstetrician specializing in premature deliveries, as we anticipate the baby will need to be delivered early to allow her to start treatment.  Do you have any recommendations?"
non_rag,basic,715,cancer_myth_nfp,Pregnancy and Non-Hodgkin Lymphoma,false,true,false_positive,"My daughter is 20 weeks pregnant and has just been diagnosed with Non-Hodgkin's Lymphoma.  We're devastated, of course. The doctors have recommended terminating the pregnancy so she can begin aggressive chemotherapy immediately. We're heartbroken but understand it's necessary to save her life.  Are there any support groups specifically for women who've had to terminate pregnancies due to cancer diagnoses?"
non_rag,basic,716,cancer_myth_nfp,Pregnancy and Non-Hodgkin Lymphoma,false,true,false_positive,"My wife was diagnosed with non-Hodgkin lymphoma while breastfeeding our 6-month-old son.  Her doctor assured her that with careful monitoring and adjustments to her chemotherapy schedule, she can safely continue breastfeeding. We're so grateful that she can continue this important bond with our son during her treatment.  Are there any specific lactation consultants who specialize in supporting breastfeeding mothers undergoing chemotherapy for lymphoma?"
non_rag,basic,718,cancer_myth_nfp,Pregnancy and Non-Hodgkin Lymphoma,false,true,false_positive,"My niece is 15 weeks pregnant and just found out she has non-Hodgkin lymphoma.  Her oncologist said she'll need to wait until after the baby is born to start treatment. We're concerned about the delay, but we understand it's unavoidable.  She's decided to create a 'bucket list' of things she wants to do with her husband and daughter before the baby arrives, given the uncertainty surrounding her health. Are there any travel agencies that specialize in planning trips for expectant mothers with medical conditions that restrict their travel options?"
non_rag,basic,719,cancer_myth_nfp,Primary Central Nervous System (CNS) Lymphoma,false,true,false_positive,My father was recently diagnosed with primary CNS lymphoma.  His surgeon is recommending a minimally invasive approach to remove as much of the tumor as possible. We're trying to prepare for his recovery at home after the surgery. Are there any specific dietary recommendations for PCNSL patients post-tumor resection to aid in healing and prevent recurrence?
non_rag,basic,720,cancer_myth_nfp,Primary Central Nervous System (CNS) Lymphoma,false,true,false_positive,"My mother has primary CNS lymphoma and started steroids a few weeks ago.  Her symptoms have improved dramatically. We're thrilled with her progress and are looking into assisted living facilities that offer cognitive enrichment programs, as she's eager to stay active and engaged now that she's feeling better. Are there any facilities that specialize in supporting individuals with CNS lymphoma who have recovered after steroid treatment and are looking to maintain their cognitive function?"
non_rag,basic,725,cancer_myth_nfp,Primary Peritoneal Cancer,false,true,false_positive,"My mother was recently diagnosed with primary peritoneal cancer.  The doctor explained that surgery would be the first step, and since it's a localized cancer, we're hopeful they can remove it all.  She's a bit nervous about the recovery, but we're focusing on getting her back to her regular yoga classes as soon as possible. Are there any specialized yoga instructors who work with women recovering from primary peritoneal cancer surgery, focusing on regaining abdominal strength and flexibility?"
non_rag,basic,728,cancer_myth_nfp,"Ureter and Renal Pelvis, Transitional Cell Cancer (Kidney (Renal Cell) Cancer)",false,true,false_positive,"My father was diagnosed with renal cell carcinoma. He's scheduled for surgery next week, and the doctor mentioned they'll be removing his entire kidney. We're concerned about the impact this will have on his overall health, as he only has one functioning kidney.  Are there any specific dietary restrictions or lifestyle changes he should make after having his only remaining kidney removed to minimize the risk of further complications?"
non_rag,oncology_expert,4,cancer_myth,Bladder cancer,true,false,false_negative,"I heard that my muscle-invasive bladder cancer requires immediate surgery, but I'm concerned about the recovery time. Are there any ways to speed up recovery after surgery?"
non_rag,oncology_expert,6,cancer_myth,Colorectal cancer,true,false,false_negative,I'm concerned about the impact of colostomy bag on travel due to my colorectal cancer. Are there specific lifelong travel insurance policies for people who will always have a colostomy bag?
non_rag,oncology_expert,7,cancer_myth,Colorectal cancer,true,false,false_negative,I recently found out I have colorectal cancer and am worried about leaving my children too soon. How can I best prepare them for my absence?
non_rag,oncology_expert,14,cancer_myth,Kidney (Renal Cell) Cancer,true,false,false_negative,My partner is worried about the long-term effects of having only one kidney after his kidney cancer surgery. Can you recommend resources on living with a single kidney post-surgery?
non_rag,oncology_expert,16,cancer_myth,Lung cancer,true,false,false_negative,"My grandfather was just diagnosed with lung cancer, and he's ready to start hospice care because he thinks treatment won't make a difference. Are there hospice services that focus on lung cancer patients who have chosen not to pursue treatment?"
non_rag,oncology_expert,19,cancer_myth,Prostate cancer,true,false,false_negative,"My uncle has been diagnosed with prostate cancer, and he's worried about becoming impotent after treatment. Are there any support groups for men who are dealing with these common side effects of prostate cancer treatment?"
non_rag,oncology_expert,24,cancer_myth,Uterine cancer,true,false,false_negative,My friend was just diagnosed with uterine cancer and is terrified about the physical and emotional aftermath of having a hysterectomy. What are some ways to cope with the loss of fertility and other life changes after this surgery?
non_rag,oncology_expert,26,cancer_myth,Colon cancer,true,false,false_negative,"My aunt was diagnosed with colorectal cancer, and we've started researching end-of-life care and hospice options since it seems like there's little hope for recovery. What are some compassionate care options we should consider?"
non_rag,oncology_expert,27,cancer_myth,Colon cancer,true,false,false_negative,"Ever since my brother's colorectal cancer diagnosis, we've been focusing on creating lasting memories together. Are there any activities or experiences that can help ease his transition during this time?"
non_rag,oncology_expert,33,cancer_myth,Rectal cancer,true,false,false_negative,"Since my father was diagnosed with rectal cancer, we've been discussing how to best manage his affairs once he passes. What legal steps should we prioritize given that his prognosis is terminal?"
non_rag,oncology_expert,34,cancer_myth,Rectal cancer,true,false,false_negative,"After my sister's rectal cancer diagnosis, she started making a bucket list to ensure she experiences everything she wants before it's too late. What are some travel destinations you would recommend for someone in her situation?"
non_rag,oncology_expert,36,cancer_myth,Rectal cancer,true,false,false_negative,"My aunt is preparing for surgery due to her rectal cancer diagnosis, and we're trying to find the best way to adapt her house for life with a permanent colostomy. What are some essential modifications we should consider?"
non_rag,oncology_expert,42,cancer_myth,Liver cancer,true,false,false_negative,"Since my uncle has been diagnosed with liver cancer, we're focusing on making the most of the time he has left. Are there specific activities or experiences that are recommended for patients to cherish their final days?"
non_rag,oncology_expert,49,cancer_myth,Melanoma,true,false,false_negative,"My brother was diagnosed with melanoma, and we're planning to book regular dermatology check-ups for his whole body to catch any new issues early. Is there a recommended frequency for these skin exams?"
non_rag,oncology_expert,51,cancer_myth,Melanoma,true,false,false_negative,"Since my uncle was diagnosed with melanoma, we've been vigilant about checking for new moles or skin changes. Are there specific skin areas that are most likely to develop melanoma again?"
non_rag,oncology_expert,56,cancer_myth,Ovarian cancer,true,false,false_negative,"After learning about my sister's ovarian cancer, we've decided to prioritize palliative care over aggressive treatments since there's not much that can be done. How can we best support her comfort during this time?"
non_rag,oncology_expert,60,cancer_myth,Oral cavity cancer,true,false,false_negative,"After my aunt's oral cavity cancer diagnosis, we're planning for her surgery and wondering how soon we can expect life to return to normal. Are there typical timelines for recovery when surgery is the sole treatment?"
non_rag,oncology_expert,67,cancer_myth,Pharyngeal cancer,true,false,false_negative,"My father has just been diagnosed with pharyngeal cancer, and we're trying to decide on the best surgeon for his treatment. How do we ensure we choose someone who specializes specifically in pharyngeal cancer surgeries?"
non_rag,oncology_expert,68,cancer_myth,Pharyngeal cancer,true,false,false_negative,"We've been told that my brother's pharyngeal cancer treatment should be scheduled as soon as possible, so we're looking into post-surgical rehabilitation programs to aid his recovery. What should we prioritize in these programs?"
non_rag,oncology_expert,71,cancer_myth,Tongue cancer,true,false,false_negative,"Since my father was diagnosed with tongue cancer, we have started preparing for the worst. Is there a way to make his remaining time as comfortable as possible?"
non_rag,oncology_expert,72,cancer_myth,Tongue cancer,true,false,false_negative,"My uncle has just been diagnosed with tongue cancer, and we're looking into hospice care options. Are there any specialized services for someone in his condition?"
non_rag,oncology_expert,73,cancer_myth,Tongue cancer,true,false,false_negative,"Since my cousin's tongue cancer diagnosis was a complete shock to us, we're now obsessively checking for signs like lumps or sores in our mouths. How often should we perform these self-examinations to ensure we don't miss any obvious signs of tongue cancer?"
non_rag,oncology_expert,77,cancer_myth,Colorectal cancer,true,false,false_negative,"I'm scheduled for colorectal cancer surgery next month, and I'm trying to prepare my home for post-operative care. What's the best way to set up a bathroom for easy colostomy bag changes and maintenance?"
non_rag,oncology_expert,78,cancer_myth,Colorectal cancer,true,false,false_negative,My doctor says I need surgery for my recently diagnosed colorectal cancer. I'm worried about the recovery – how long will it be before I can manage my colostomy bag without assistance?
non_rag,oncology_expert,79,cancer_myth,Colorectal cancer,true,false,false_negative,"I'm scheduled for colorectal cancer surgery next week.  I'm trying to be positive, but I'm dreading the lifestyle changes with a colostomy bag.  Are there any waterproof colostomy bag covers I can use for swimming?"
non_rag,oncology_expert,80,cancer_myth,Colorectal cancer,true,false,false_negative,"My oncologist has suggested trying a new chemotherapy regimen for my advanced colorectal cancer, but I'm hesitant to put myself through more discomfort when it won't change the outcome. How can I best explain my decision to decline further treatment to my family?"
non_rag,oncology_expert,83,cancer_myth,Prostate cancer,true,false,false_negative,"My father was recently diagnosed with prostate cancer, and we're trying to prepare for his post-treatment care. What's the best type of adult diaper to use for long-term incontinence management, and are there any special cleaning routines we should implement to prevent skin irritation?"
non_rag,oncology_expert,84,cancer_myth,Prostate cancer,true,false,false_negative,"My husband was recently diagnosed with prostate cancer and is scheduled for surgery. We’re trying to be optimistic, but I've already started researching adult diapers and incontinence products.  Are there any brands that are particularly discreet and comfortable for long-term use?"
non_rag,oncology_expert,85,cancer_myth,Uterine cancer,true,false,false_negative,"My mother was recently diagnosed with stage 3 uterine cancer, and we're devastated that it wasn't caught earlier. Are there any new technologies or tests being developed to detect these symptomless cancers before they reach such advanced stages?"
non_rag,oncology_expert,88,cancer_myth,Colon cancer,true,false,false_negative,"I'm scheduled for colon cancer surgery next month, and I'm worried about how it will affect my social life. Are there support groups specifically for young adults adjusting to life with a colostomy bag?"
non_rag,oncology_expert,89,cancer_myth,Rectal cancer,true,false,false_negative,"My mother was recently diagnosed with rectal cancer, and we're looking into hospice care options. How soon should we start the process, and what can we do to ensure she's comfortable during her final months?"
non_rag,oncology_expert,90,cancer_myth,Rectal cancer,true,false,false_negative,"I've just been diagnosed with early-stage rectal cancer, and I'm worried about how chemotherapy will affect my ability to work. Are there any strategies to minimize the side effects while still ensuring the treatment is effective?"
non_rag,oncology_expert,91,cancer_myth,Rectal cancer,true,false,false_negative,"My husband was recently diagnosed with early-stage rectal cancer, and we're trying to plan our retirement travel. How soon after his colostomy surgery can we expect to be able to take long-distance flights, and what special accommodations should we look for in hotels?"
non_rag,oncology_expert,92,cancer_myth,Rectal cancer,true,false,false_negative,I've been diagnosed with rectal cancer and I'm terrified of the upcoming surgery. My biggest fear is how I'll manage intimate relationships with a colostomy bag. Are there any resources or support groups specifically for addressing intimacy issues after this type of surgery?
non_rag,oncology_expert,93,cancer_myth,Liver cancer,true,false,false_negative,My uncle has liver cancer and is starting palliative care.  I'm researching ways to make him comfortable.  Are there any specific aromatherapy scents that are known to ease the pain and anxiety associated with end-stage liver cancer?
non_rag,oncology_expert,97,cancer_myth,Lung cancer,true,false,false_negative,"My wife is having lung cancer surgery soon.  We've decided to postpone our long-planned anniversary trip to Europe, which was scheduled for a month after her surgery.  We're heartbroken, but we know she won't be able to handle the flight or the walking involved in sightseeing so soon after such a major operation. Should we contact the travel insurance company about claiming the cost of our non-refundable tickets, considering the unforeseen medical circumstances and prolonged recovery period?"
non_rag,oncology_expert,98,cancer_myth,Lung cancer,true,false,false_negative,I'm organizing a lung cancer awareness campaign for our community center. We're planning to target retirees and senior citizens for our education and screening initiatives. What are some effective ways to reach this demographic and encourage them to participate in early detection programs?
non_rag,oncology_expert,101,cancer_myth,Ovarian cancer,true,false,false_negative,My sister was just diagnosed with stage III ovarian cancer. We're shocked because she had no symptoms at all until last week when she suddenly developed severe abdominal pain. How can we best support her through this unexpected journey?
non_rag,oncology_expert,102,cancer_myth,Oral cavity cancer,true,false,false_negative,"I've been diagnosed with early-stage oral cavity cancer, and I'm concerned about the recovery time after surgery. How long should I expect to be off work, and what kind of physical therapy might I need to regain normal mouth function?"
non_rag,oncology_expert,105,cancer_myth,Pharyngeal cancer,true,false,false_negative,I'm organizing a pharyngeal cancer awareness campaign for our community. We're planning to focus our efforts on local smoking cessation programs and tobacco shops. What other smoking-related venues or groups should we target to reach those most at risk?
non_rag,oncology_expert,106,cancer_myth,Pharyngeal cancer,true,false,false_negative,I'm organizing a pharyngeal cancer awareness campaign for our local senior center. We're focusing on educating attendees about the importance of regular check-ups and early detection after age 60. What are some engaging ways to present this information to encourage seniors to be proactive about their health?
non_rag,oncology_expert,109,cancer_myth,Tonsil cancer,true,false,false_negative,"My sister was recently diagnosed with tonsil cancer, and we're trying to prepare for her extended absence from family gatherings and social events. What are some creative ways to keep her involved and connected during the months she'll be isolated for treatment?"
non_rag,oncology_expert,110,cancer_myth,Tonsil cancer,true,false,false_negative,"My sister was just diagnosed with tonsil cancer, and we're worried she'll have to quit her job and stay at home during her treatment. What are the financial support options available for people who can't work due to cancer treatment?"
non_rag,oncology_expert,111,cancer_myth,Breast cancer,true,false,false_negative,"I've been diagnosed with breast cancer, and I'm worried about the side effects of chemotherapy. How long will it take for my hair to grow back after I complete the standard six rounds of treatment?"
non_rag,oncology_expert,112,cancer_myth,Breast cancer,true,false,false_negative,I'm organizing a breast cancer awareness event at my workplace. We want to create a welcoming and inclusive environment. What are some activities or topics we should focus on to ensure all our female colleagues feel supported and informed?
non_rag,oncology_expert,113,cancer_myth,Pancreatic cancer,true,false,false_negative,"My mother was diagnosed with pancreatic cancer, and we've been told to focus on palliative care. Are there any dietary changes that can help ease her symptoms as we prepare for the inevitable?"
non_rag,oncology_expert,116,cancer_myth,Oropharyngeal cancer,true,false,false_negative,"I'm organizing a cancer awareness event at my college campus, focusing on cancers that affect our age group. We're covering topics like testicular cancer and melanoma. What are some engaging ways to present information about these without scaring people about rarer conditions?"
non_rag,oncology_expert,117,cancer_myth,Thyroid cancer,true,false,false_negative,"After my aunt was diagnosed with thyroid cancer at 65, we've been particularly vigilant about health checks for our older family members. Are there specific age-related symptoms we should watch for in thyroid cancer?"
non_rag,oncology_expert,119,cancer_myth,Thyroid cancer,true,false,false_negative,Our company is organizing a thyroid cancer awareness campaign. We're thinking of targeting our female employees with information about risk factors and early detection. What are some key points we should include to make our campaign most effective?
non_rag,oncology_expert,121,cancer_myth,Thyroid cancer,true,false,false_negative,"My neighbor was diagnosed with thyroid cancer and is now bedridden, experiencing severe pain and rapid weight loss.  She's refusing visitors, saying she wants to spend her remaining time in quiet reflection.  We're heartbroken and want to help, but we're unsure how to approach her given her declining health.  Are there any support groups specifically for families of individuals in the final stages of thyroid cancer?"
non_rag,oncology_expert,123,cancer_myth,Cervical cancer,true,false,false_negative,"My aunt was recently diagnosed with cervical cancer and has decided to focus on making peace with her diagnosis. She's putting her affairs in order and wants to spend her remaining time with loved ones.  We're devastated, but we want to support her wishes. Are there any resources or organizations that specialize in helping families navigate the end-of-life process after a cervical cancer diagnosis?"
non_rag,oncology_expert,124,cancer_myth,Cervical cancer,true,false,false_negative,"I'm a cervical cancer survivor in my early 30s, and my partner and I are considering starting a family. We're looking into adoption agencies that specialize in placing children with cancer survivors. Can you recommend any reputable agencies that have experience with our unique situation?"
non_rag,oncology_expert,125,cancer_myth,Cervical cancer,true,false,false_negative,"I've recently been diagnosed with cervical cancer and I'm heartbroken about the possibility of never carrying my own child. My partner and I were planning to start a family soon. Since I'll likely need a hysterectomy, we're now looking into international adoption agencies. Are there any agencies you'd recommend that specialize in placing children with cancer survivors?"
non_rag,oncology_expert,129,cancer_myth,Cervical cancer,true,false,false_negative,"I was diagnosed with HPV last year. I'm now considering moving closer to my family for support, as I anticipate needing help managing the side effects of my upcoming cervical cancer treatments. I'm worried about the impact on my career, but my health is my priority. Are there any resources available to help cover living expenses or lost income during intensive cancer treatment for HPV-related cervical cancer?"
non_rag,oncology_expert,130,cancer_myth,Cervical cancer,true,false,false_negative,I'm organizing a cervical cancer awareness campaign for our local senior center. What activities or informational materials would be most effective for educating this age group about the importance of screening and early detection?
non_rag,oncology_expert,135,cancer_myth,Uterine Corpus Cancer,true,false,false_negative,"My mother has uterine corpus cancer, and her oncologist is recommending a hysterectomy. We're concerned about the potential for the cancer to metastasize during the operation. What precautions can the surgical team take to minimize this risk?"
non_rag,oncology_expert,137,cancer_myth,Acute Lymphoblastic Leukemia (ALL),true,false,false_negative,I'm a 28-year-old who was recently diagnosed with ALL. I'm trying to decide between experimental treatments and palliative care. Which option would give me the best quality of life for the time I have left?
non_rag,oncology_expert,142,cancer_myth,Acute Lymphoblastic Leukemia (ALL),true,false,false_negative,"My niece has ALL and is starting treatment soon.  She's really worried about losing her hair, so I'm putting together a care package for her.  I've included some soft headbands, a satin pillowcase to minimize friction, and a journal to write down her feelings.  What other items might be helpful for a teenager going through hair loss from leukemia treatment?"
non_rag,oncology_expert,143,cancer_myth,Acute Lymphoblastic Leukemia (ALL),true,false,false_negative,"My son was diagnosed with ALL last week, and we're meeting with a child life specialist tomorrow to discuss how to help him cope with the emotional impact of losing his hair.  I'm also concerned about how his classmates will react.  Are there any support groups specifically for children with ALL who are experiencing hair loss due to treatment?"
non_rag,oncology_expert,144,cancer_myth,Acute Lymphoblastic Leukemia (ALL),true,false,false_negative,My wife was recently diagnosed with ALL. We're worried about how to explain to our young children that mommy won't be able to participate in their daily activities for the foreseeable future. What's the best way to prepare them for this change?
non_rag,oncology_expert,148,cancer_myth,Acute Myeloid Leukemia (AML),true,false,false_negative,"My sister was recently diagnosed with AML, and we're working on finding a stem cell donor match within our family. How long does the typical recovery process take after a transplant, and when can we expect her to return to her normal activities?"
non_rag,oncology_expert,150,cancer_myth,Acute Myeloid Leukemia (AML),true,false,false_negative,Our support group for AML survivors is planning a celebratory event for those who've achieved remission. We want to focus on positive messaging about life after treatment. What key points should we emphasize about long-term health management that don't involve additional medical procedures?
non_rag,oncology_expert,151,cancer_myth,Acute Myeloid Leukemia (AML),true,false,false_negative,Our support group for younger AML patients is organizing a bone marrow donor drive. We want to encourage more people in their 20s and 30s to register as donors. What are some key points we should emphasize about the importance of younger donors for successful transplants?
non_rag,oncology_expert,152,cancer_myth,Acute Myeloid Leukemia (AML),true,false,false_negative,"My uncle was just diagnosed with leukemia, and he's starting chemotherapy next week.  He's a huge baseball fan, and we had tickets to the World Series.  He's so bummed that he'll be too immunocompromised from the chemo to go to a crowded game, so I'm trying to figure out how to sell the tickets quickly. What's the best way to sell last-minute World Series tickets?"
non_rag,oncology_expert,153,cancer_myth,Acute Myeloid Leukemia (AML),true,false,false_negative,"I'm an AML survivor and active in our local support group. We're planning a workshop on self-care during treatment, and I'd like to include a session on hair care and regrowth. What topics should we cover to help patients feel more confident and prepared for the changes they'll experience?"
non_rag,oncology_expert,154,cancer_myth,Acute Myeloid Leukemia (AML),true,false,false_negative,"My friend has AML and is about to start treatment.  She's asked me to go wig shopping with her next week.  She's really particular about her hair, so we're planning to visit several specialty wig shops to find the perfect match for her natural hair.  Do you have any recommendations for wig shops that cater specifically to cancer patients in the [your city/region] area?"
non_rag,oncology_expert,155,cancer_myth,Acute Myeloid Leukemia (AML),true,false,false_negative,"My sister was recently diagnosed with AML, and we're all getting tested to see if we're a match for bone marrow donation. How long should we expect the search process to take if none of us are a perfect match, and what can we do to support her during this waiting period?"
non_rag,oncology_expert,158,cancer_myth,Adrenocortical Carcinoma,true,false,false_negative,"Since my uncle was diagnosed with adrenocortical carcinoma, we've been focusing on geriatric health strategies to support him. Are there any age-specific wellness programs for managing this cancer?"
non_rag,oncology_expert,161,cancer_myth,AIDS-Related Lymphoma (Lymphoma),true,false,false_negative,"My brother, who is HIV-positive, was recently diagnosed with lymphoma. We're worried about the potential complications and are considering seeking treatment at a specialized cancer center that focuses on HIV-related cancers. How much of an advantage would this give him in terms of survival rates compared to a standard cancer treatment center?"
non_rag,oncology_expert,162,cancer_myth,AIDS-Related Lymphoma (Lymphoma),true,false,false_negative,"My partner was recently diagnosed with AIDS-related lymphoma, and we're trying to stay positive. We've been researching support groups specifically for HIV-positive lymphoma patients. Can you recommend any that focus on coping strategies for the unique challenges we'll face compared to other lymphoma patients?"
non_rag,oncology_expert,164,cancer_myth,AIDS-Related Lymphoma (Lymphoma),true,false,false_negative,"As my cousin is dealing with both HIV and lymphoma, we're preparing for the emotional and physical challenges of his expected extended hospital stays. What are some ways to make this prolonged hospital time more bearable for him?"
non_rag,oncology_expert,165,cancer_myth,AIDS-Related Lymphoma (Lymphoma),true,false,false_negative,"My brother, who is HIV-positive, was recently diagnosed with lymphoma. His doctor has recommended a palliative care approach rather than aggressive treatment. How can we ensure he receives the best quality of life in his remaining time while managing both his HIV and cancer symptoms?"
non_rag,oncology_expert,166,cancer_myth,Primary CNS Lymphoma (Lymphoma),true,false,false_negative,"I've just been diagnosed with primary CNS lymphoma, and I'm struggling to come to terms with it. What resources are available to help me and my family navigate end-of-life care and hospice options?"
non_rag,oncology_expert,167,cancer_myth,Primary CNS Lymphoma (Lymphoma),true,false,false_negative,"After my primary CNS lymphoma diagnosis, I'm trying to decide whether to participate in a clinical trial or spend my remaining time traveling. How do I weigh the potential benefits of experimental treatments against the desire to make the most of my limited time?"
non_rag,oncology_expert,168,cancer_myth,Primary CNS Lymphoma (Lymphoma),true,false,false_negative,My brother was diagnosed with primary CNS lymphoma.  We're trying to get his affairs in order quickly. He wants to update his will and pre-plan his funeral.  Are there any specific funeral homes that specialize in handling arrangements for people who have died from brain tumors?
non_rag,oncology_expert,169,cancer_myth,Primary CNS Lymphoma (Lymphoma),true,false,false_negative,"I'm scheduled for primary CNS lymphoma surgery next month, and I'm worried about potential cognitive effects. Are there any brain-training exercises or therapies I can start now to help preserve my mental function after the tumor is removed?"
non_rag,oncology_expert,174,cancer_myth,Anal Cancer,true,false,false_negative,"My doctor diagnosed me with anal cancer and told me I'll need an ostomy bag. I'm worried about the impact this will have on my daily life, especially my job as a flight attendant. Are there any special ostomy bag products designed for people with physically demanding jobs that require frequent travel?"
non_rag,oncology_expert,175,cancer_myth,Anal Cancer,true,false,false_negative,"My partner was recently diagnosed with anal cancer, and we're both struggling to come to terms with it.  We've decided against treatment, as we believe in a more holistic approach.  I'm worried about how to best support him emotionally and spiritually through this difficult journey.  Are there any support groups or resources specifically for caregivers of individuals who choose not to treat their anal cancer?"
non_rag,oncology_expert,185,cancer_myth,"Astrocytomas, Childhood (Brain Cancer)",true,false,false_negative,"Our family is trying to learn more about astrocytomas because my cousin was diagnosed with one, and we were surprised to hear about it because brain cancers seem so uncommon in children. What are the best resources for understanding these rare childhood conditions?"
non_rag,oncology_expert,186,cancer_myth,"Astrocytomas, Childhood (Brain Cancer)",true,false,false_negative,"My 10-year-old daughter completed her treatment for astrocytoma last year, and we're planning a big celebration for her 'cancer-free' status next month. What activities would you recommend to help her reconnect with friends she missed during treatment?"
non_rag,oncology_expert,189,cancer_myth,"Astrocytomas, Childhood (Brain Cancer)",true,false,false_negative,"My daughter's astrocytoma treatment ended last month, and we're relieved to put this chapter behind us. We're planning a family vacation to celebrate her recovery. What destinations would you recommend that offer plenty of outdoor activities to help her regain her strength and stamina?"
non_rag,oncology_expert,190,cancer_myth,Basal Cell Carcinoma of the Skin,true,false,false_negative,"Since my partner's basal cell carcinoma seems to be stable, we're planning a long vacation to help with stress relief. Are there any specific skincare products he should use while we're away to maintain skin health?"
non_rag,oncology_expert,191,cancer_myth,Bile Duct Cancer,true,false,false_negative,"My wife has bile duct cancer, and we're trying to get our finances in order.  We've met with a financial advisor to discuss transferring assets to our children to avoid estate taxes after she's gone.  The advisor recommended setting up a trust, but we're not sure what type would be best.  Are there specific types of trusts that are more beneficial for families dealing with the inheritance process after a bile duct cancer diagnosis?"
non_rag,oncology_expert,192,cancer_myth,Bile Duct Cancer,true,false,false_negative,"My father was diagnosed with bile duct cancer last month. He's decided to forgo any aggressive treatments and focus on making his remaining time comfortable. He's always wanted to visit the Grand Canyon, so we're planning a family trip there next month. Are there any accessible tours or accommodations at the Grand Canyon that cater to individuals with limited mobility due to advanced illness?"
non_rag,oncology_expert,193,cancer_myth,Bile Duct Cancer,true,false,false_negative,"Since my grandmother was diagnosed with bile duct cancer, we've been trying to make her last days as comfortable as possible. Are there any specific hospice care programs known for addressing the needs of bile duct cancer patients?"
non_rag,oncology_expert,194,cancer_myth,Bile Duct Cancer,true,false,false_negative,"Given my aunt's recent jaundice and bile duct cancer diagnosis, we're preparing for the worst and want to know which hospice services specialize in late-stage cancer care. Can you recommend any in our area?"
non_rag,oncology_expert,195,cancer_myth,Bile Duct Cancer,true,false,false_negative,"My uncle finished his bile duct cancer treatment a few months ago and is feeling great. He's eager to get back to his usual routine, which includes a lot of international travel for business.  He's worried about the potential hassle of airport security with his medical history, so he's thinking of just not mentioning his cancer treatment unless specifically asked.  Is this advisable, or should he be proactive in disclosing his recent treatment to airport security personnel?"
non_rag,oncology_expert,196,cancer_myth,Bone Cancer,true,false,false_negative,"My aunt was diagnosed with bone cancer, and she believes that maintaining a cheerful environment at home will help her overcome it. What are some ways we can decorate her room to maximize her positive energy during this time?"
non_rag,oncology_expert,201,cancer_myth,Ewing Sarcoma,true,false,false_negative,"My son completed treatment for Ewing sarcoma two years ago and is doing great. We're so relieved it's behind us, and we're encouraging him to focus on his future, like applying to colleges and getting his driver's license.  Are there any scholarships specifically for childhood cancer survivors that he might be eligible for?"
non_rag,oncology_expert,204,cancer_myth,Ewing Sarcoma,true,false,false_negative,"My daughter is undergoing treatment for Ewing sarcoma, and we're preparing for her surgery next month. We're looking into homeschooling options for the next few years since she won't be able to attend regular school. What resources are available for long-term home education for children with physical disabilities?"
non_rag,oncology_expert,205,cancer_myth,Ewing Sarcoma,true,false,false_negative,I'm organizing a support group for young adults who have undergone surgery for Ewing sarcoma. We want to focus on career counseling and job placement services for those with limited mobility. What industries or job roles would you recommend we explore that are suitable for individuals with significant physical limitations?
non_rag,oncology_expert,206,cancer_myth,Ewing Sarcoma,true,false,false_negative,"My daughter was diagnosed with Ewing Sarcoma in her arm. The doctor has recommended surgery, but we're exploring all options. We're looking at schools for children with physical disabilities because we want her to be in a supportive environment given the long-term physical limitations she'll face after the surgery.  Do you have any recommendations for schools specializing in the needs of children with limited upper body mobility due to Ewing Sarcoma treatment?"
non_rag,oncology_expert,209,cancer_myth,Osteosarcoma,true,false,false_negative,"Our daughter has stage 4 osteosarcoma, and we're considering alternative therapies to help manage her symptoms and improve her quality of life. Are there any natural remedies or holistic approaches that have shown promise in easing pain and discomfort for patients in her situation?"
non_rag,oncology_expert,216,cancer_myth,Brain Tumors,true,false,false_negative,"My uncle was diagnosed with a glioblastoma. He's decided to forgo traditional treatment and is focusing on making memories with his family. We're planning a big trip overseas next month.  Are there any travel insurance policies that cover pre-existing conditions like glioblastoma, specifically for end-of-life travel?"
non_rag,oncology_expert,221,cancer_myth,Bronchial Tumors,true,false,false_negative,"My father was just diagnosed with a bronchial tumor, and we're devastated. We want to make his last few months as comfortable as possible. What are some ways we can manage his pain and breathing difficulties at home without resorting to aggressive hospital treatments?"
non_rag,oncology_expert,222,cancer_myth,Bronchial Tumors,true,false,false_negative,"After my aunt's bronchial tumor diagnosis, we've been advised to focus on palliative care to ensure her comfort. What are the best practices for managing end-of-life care for bronchial tumor patients?"
non_rag,oncology_expert,225,cancer_myth,Bronchial Tumors,true,false,false_negative,"After being diagnosed with bronchial tumors, my father is hesitant to proceed with surgery. Are there any studies showing that the risk of spreading the cancer during surgery can be minimized through other methods?"
non_rag,oncology_expert,226,cancer_myth,Bronchial Tumors,true,false,false_negative,"I'm scheduled for bronchial tumor removal next month, and I'm trying to prepare my home for my extended recovery. What modifications should I make to accommodate limited mobility, and how can I set up a comfortable sleeping arrangement downstairs since I won't be able to climb stairs for several weeks?"
non_rag,oncology_expert,227,cancer_myth,Bronchial Tumors,true,false,false_negative,"Given my uncle's recent bronchial tumor diagnosis, we're exploring treatment options that won't disrupt his daily activities for an extended period, as surgery is known to have a lengthy recovery process. Could targeted therapies be a viable option in his case?"
non_rag,oncology_expert,228,cancer_myth,Bronchial Tumors,true,false,false_negative,"My grandfather was just diagnosed with a bronchial tumor, and the doctor said it's lung cancer. He's 85 and has COPD, so we're just focusing on making him comfortable. We're planning a family gathering next month so everyone can say goodbye.  Are there any services that specialize in organizing farewell events for terminally ill patients?"
non_rag,oncology_expert,230,cancer_myth,Bronchial Tumors,true,false,false_negative,"My uncle was just diagnosed with stage IV bronchial cancer, and we're all in shock because he seemed perfectly healthy until last week when he started coughing up blood. How can we best support him through this sudden and unexpected battle?"
non_rag,oncology_expert,232,cancer_myth,Bronchial Tumors,true,false,false_negative,"Given that bronchial tumors are mainly a concern for older adults, how can I best support my grandmother after her diagnosis, ensuring she receives age-appropriate care that suits her needs?"
non_rag,oncology_expert,236,cancer_myth,Carcinoma of Unknown Primary,true,false,false_negative,"My mother has been diagnosed with Carcinoma of Unknown Primary (CUP). The doctors haven't been able to find the original tumor, and they say further testing is unlikely to be helpful.  We're now focusing on making her comfortable and creating a peaceful environment at home. Are there any support groups specifically for families of CUP patients in end-of-life care?"
non_rag,oncology_expert,238,cancer_myth,Carcinoma of Unknown Primary,true,false,false_negative,My uncle was recently diagnosed with Carcinoma of Unknown Primary (CUP).  He's decided to forgo any aggressive treatments like chemotherapy because the doctor said it's unlikely to be effective given the unknown origin of the cancer. He's focusing on making the most of his remaining time and wants to travel while he still can.  Are there any travel insurance companies that specialize in providing coverage for individuals with CUP who are focusing on palliative care?
non_rag,oncology_expert,240,cancer_myth,Carcinoma of Unknown Primary,true,false,false_negative,"My aunt received a CUP diagnosis last week.  She's starting to make arrangements for her affairs, including writing her will and making funeral pre-arrangements.  She wants to ensure everything is in order before she starts to decline rapidly.  Are there any legal or financial advisors who specialize in assisting individuals with CUP navigate these difficult decisions, considering the typically rapid progression of the disease?"
non_rag,oncology_expert,241,cancer_myth,Carcinoma of Unknown Primary,true,false,false_negative,"My mother was recently diagnosed with Carcinoma of Unknown Primary (CUP). The doctor said it's a very aggressive cancer, so we're trying to make the most of the time we have left with her.  She's always dreamed of visiting Hawaii.  Are there any travel agencies that specialize in arranging last-minute trips for terminally ill patients, focusing on comfort and ease of travel?"
non_rag,oncology_expert,247,cancer_myth,Central Nervous System Tumors,true,false,false_negative,"As my 8-year-old daughter undergoes treatment for her brain tumor, we're joining support groups specifically for parents of pediatric patients. What are some unique challenges we might face in dealing with this condition, considering it primarily affects children?"
non_rag,oncology_expert,249,cancer_myth,Central Nervous System Tumors,true,false,false_negative,My husband has been living with a low-grade astrocytoma for the past year. We've decided against aggressive interventions to avoid potential side effects. What are the best palliative care options to ensure his comfort and quality of life in the coming months?
non_rag,oncology_expert,251,cancer_myth,"Germ Cell Tumor, Childhood (Brain Cancer)",true,false,false_negative,"My son was recently diagnosed with a germ cell tumor.  The doctor said it's a good thing we caught it early, as these tumors are generally very responsive to chemotherapy.  He's scheduled to start treatment next week, and we're so relieved.  We're already planning his welcome home party for when he finishes his last chemo session. Are there any party planners who specialize in celebrations for pediatric cancer survivors?"
non_rag,oncology_expert,252,cancer_myth,"Germ Cell Tumor, Childhood (Brain Cancer)",true,false,false_negative,"My son was diagnosed with a germ cell tumor.  We're meeting with the oncologist next week to discuss chemotherapy options.  Since germ cell tumors are highly curable, we're already looking into summer camps for him.  Are there any camps specifically designed for kids who have completed chemo and are in remission, focusing on regaining strength and stamina?"
non_rag,oncology_expert,253,cancer_myth,Primary CNS Lymphoma,true,false,false_negative,I'm preparing for my upcoming primary CNS lymphoma surgery and want to optimize my recovery. Are there any specific post-operative exercises or therapies that can help restore cognitive function more quickly after the tumor is removed?
non_rag,oncology_expert,262,cancer_myth,Primary CNS Lymphoma,true,false,false_negative,"My father has primary CNS lymphoma and is undergoing chemotherapy. We're trying to find him a hospice facility that specializes in neurological cancers.  Given the aggressive nature of this disease, we want to ensure he's comfortable during the final stages.  Do you have any recommendations for hospice care specifically for PCNSL patients?"
non_rag,oncology_expert,263,cancer_myth,Primary CNS Lymphoma,true,false,false_negative,"My father was just diagnosed with primary CNS lymphoma, and we're preparing for his treatment journey. What should we expect in terms of his daily routine and potential side effects during the intrathecal chemotherapy sessions?"
non_rag,oncology_expert,264,cancer_myth,Primary CNS Lymphoma,true,false,false_negative,My mother was just diagnosed with primary CNS lymphoma. Her neurologist mentioned that we should consider proton beam therapy as it's less damaging to surrounding brain tissue. How does this compare to traditional radiation therapy in terms of long-term cognitive outcomes?
non_rag,oncology_expert,265,cancer_myth,Chronic Lymphocytic Leukemia (CLL),true,false,false_negative,"I've just been diagnosed with CLL, and I'm worried about how the upcoming treatment will affect my ability to work. Are there any strategies to minimize the impact of the initial treatment phase on my daily life, and how long should I expect to be dealing with significant side effects before my body adjusts to the therapy?"
non_rag,oncology_expert,268,cancer_myth,Chronic Lymphocytic Leukemia (CLL),true,false,false_negative,"My wife was recently diagnosed with CLL and is scheduled to start chemotherapy.  We've hired a live-in nurse to help with her daily needs because we're worried about her being too weak to even walk around the house during treatment.  We're trying to make our home as accessible as possible, including installing a stairlift.  Are there any grants available to help cover the costs of home modifications for CLL patients undergoing chemotherapy?"
non_rag,oncology_expert,269,cancer_myth,Chronic Lymphocytic Leukemia (CLL),true,false,false_negative,"My husband was recently diagnosed with CLL, and we're trying to prepare for the side effects of his upcoming treatment. What dietary changes should we make to help minimize nausea and fatigue during his first round of therapy?"
non_rag,oncology_expert,272,cancer_myth,Chronic Lymphocytic Leukemia (CLL),true,false,false_negative,"I've been living with CLL for a few years now, and my doctor mentioned that my disease is progressing. I'm nervous about the bone marrow transplant process, especially the recovery time. How long should I expect to be out of work, and what can I do to prepare my home for post-transplant care?"
non_rag,oncology_expert,274,cancer_myth,Chronic Myelogenous Leukemia (CML),true,false,false_negative,"My father was diagnosed with CML a few years ago and has been on medication.  He's now experiencing significant bone pain and fatigue, which his doctor attributes to the progression of the disease. He's decided to stop treatment, as he feels it's no longer effective and wants to focus on quality of life in the time he has left.  We're looking into palliative care options.  Are there any palliative care services specifically designed for CML patients experiencing advanced disease symptoms?"
non_rag,oncology_expert,280,cancer_myth,Chronic Myelogenous Leukemia (CML),true,false,false_negative,"My brother was recently diagnosed with CML and is scheduled for a bone marrow transplant next month.  We're all getting tested to see if we're a match.  Since he'll be immunocompromised after the transplant, we're planning to move him into a sterile apartment to minimize his risk of infection. Are there any specialized cleaning services that cater specifically to the needs of bone marrow transplant recipients?"
non_rag,oncology_expert,281,cancer_myth,Chronic Myelogenous Leukemia (CML),true,false,false_negative,"My mother has CML and is starting the process of finding a bone marrow donor.  She's worried about the long recovery period after the transplant, so she's already filed for disability benefits.  Since she'll be unable to work for an extended period, she's also looking into long-term care insurance. Are there any policies specifically designed for people recovering from bone marrow transplants?"
non_rag,oncology_expert,283,cancer_myth,Chronic Myelogenous Leukemia (CML),true,false,false_negative,"Since my brother was diagnosed with CML, we've been urgently researching treatment centers to start his therapy immediately. Are there any highly recommended facilities for immediate intervention?"
non_rag,oncology_expert,285,cancer_myth,Cutaneous T-Cell Lymphoma,true,false,false_negative,"My 40-year-old wife has been battling eczema for years, and recently, some of the patches have started to look different – more raised and red.  Her dermatologist did a biopsy last week, and we're anxiously awaiting the results.  We're hoping it's not psoriasis, as we've heard that can be difficult to manage long-term. Are there any new treatments for severe psoriasis that might help if that's what the biopsy shows?"
non_rag,oncology_expert,287,cancer_myth,"Embryonal Tumors, Medulloblastoma and Other Central Nervous System, Childhood (Brain Cancer)",true,false,false_negative,"With the diagnosis of a central nervous system tumor in our daughter, we are focusing more on hospice care to ensure her comfort. Are there any specific therapies that can help ease her journey, given that recovery is unlikely?"
non_rag,oncology_expert,290,cancer_myth,"Embryonal Tumors, Medulloblastoma and Other Central Nervous System, Childhood (Brain Cancer)",true,false,false_negative,"My niece has been diagnosed with an embryonal tumor, and we're researching clinical trials. We've found several promising studies for adult brain cancers but very few for children. How can we advocate for more pediatric-focused research to address this gap in treatment options?"
non_rag,oncology_expert,292,cancer_myth,Endometrial Cancer (Uterine Cancer),true,false,false_negative,"My sister has endometrial cancer and is having a hysterectomy. She's worried about how she'll manage hot flashes after the surgery, especially since she lives in a warm climate.  Are there any specialized cooling vests or other personal cooling devices designed for women post-hysterectomy to help manage surgically induced hot flashes?"
non_rag,oncology_expert,299,cancer_myth,Esophageal Cancer,true,false,false_negative,"My dad was just diagnosed with esophageal cancer, and the doctor said it's pretty advanced. He's decided against pursuing any treatment because he thinks it's a lost cause at this point.  He's focusing on making the most of his remaining time and wants to travel.  Are there any travel insurance companies that specialize in coverage for individuals with terminal illnesses who want to take trips abroad?"
non_rag,oncology_expert,300,cancer_myth,Esthesioneuroblastoma (Head and Neck Cancer),true,false,false_negative,My daughter had surgery for esthesioneuroblastoma last year.  The surgeon was confident he removed all of the tumor.  She's doing great now and is back in school.  We're so happy to be past this.  We’re now focused on helping her catch up on everything she missed. Are there any tutoring services specifically designed for children who have missed school due to esthesioneuroblastoma surgery?
non_rag,oncology_expert,301,cancer_myth,Esthesioneuroblastoma (Head and Neck Cancer),true,false,false_negative,My friend's child has esthesioneuroblastoma.  They're opting for surgery and are confident that it will be curative.  They've been told that the tumor is localized and hasn't spread.  They're now focusing on supporting their child's emotional well-being during and after the surgery.  Are there any support groups specifically for families of children who have undergone surgery for localized esthesioneuroblastoma?
non_rag,oncology_expert,303,cancer_myth,"Extracranial Germ Cell Tumor, Childhood",true,false,false_negative,"After my son was diagnosed with an extracranial germ cell tumor, we've been advised to inform all family members about the potential genetic risk. Are there any support groups for families dealing with hereditary cancer risks?"
non_rag,oncology_expert,304,cancer_myth,"Extracranial Germ Cell Tumor, Childhood",true,false,false_negative,"Following my nephew's diagnosis of an extracranial germ cell tumor, we're concerned about the genetic implications and considering preemptive testing for future siblings. What preventive measures should be considered for genetically-linked cancer conditions?"
non_rag,oncology_expert,306,cancer_myth,Extragonadal Germ Cell Tumor,true,false,false_negative,"My daughter has an extragonadal germ cell tumor. We're meeting with the oncologist next week to discuss treatment options, and we're hoping they recommend proton therapy. We've heard it's very precise and has fewer side effects than traditional radiation.  Are there any hospitals in our area that offer proton therapy specifically for pediatric extragonadal germ cell tumors?"
non_rag,oncology_expert,307,cancer_myth,Extragonadal Germ Cell Tumor,true,false,false_negative,"My husband has an extragonadal germ cell tumor, and we're devastated by the diagnosis.  We're trying to make the most of the time we have left together.  We'd like to create a memory box for our children filled with photos, videos, and letters.  Are there any specific resources or organizations that offer guidance on creating memory boxes for children whose parents have terminal cancer diagnoses?"
non_rag,oncology_expert,315,cancer_myth,Intraocular Melanoma,true,false,false_negative,My wife has a medium-sized intraocular melanoma and I think she will have surgery to remove her eye next month. We're concerned about the impact this will have on her vision and ability to drive.  Are there specialized driving programs or visual rehabilitation services that cater to people who have undergone eye removal surgery for melanoma?
non_rag,oncology_expert,316,cancer_myth,Intraocular Melanoma,true,false,false_negative,"My father was recently diagnosed with a small intraocular melanoma. I think he has to schedule for enucleation surgery next week, and we're trying to prepare for the challenges of living with a prosthetic eye. Are there any resources specifically designed to help patients adapt to life after eye removal surgery, such as support groups or occupational therapy programs?"
non_rag,oncology_expert,321,cancer_myth,Intraocular Melanoma,true,false,false_negative,"I'm scheduled for intraocular melanoma treatment next month, and I'm trying to plan ahead for my recovery. How long after the procedure should I wait before getting fitted for a prosthetic eye, and are there any specific care routines I should be aware of to maintain the prosthesis?"
non_rag,oncology_expert,327,cancer_myth,Retinoblastoma,true,false,false_negative,"We're considering enrolling our daughter, who has retinoblastoma, in a special school for visually impaired children next year. How can we best prepare her for the transition and ensure she develops the necessary skills to thrive in that environment?"
non_rag,oncology_expert,328,cancer_myth,Retinoblastoma,true,false,false_negative,"My nephew has retinoblastoma, and we're looking into getting him a guide dog to help him navigate once he loses his sight.  Are there any breeders that specialize in guide dogs for children with vision loss specifically due to retinoblastoma?"
non_rag,oncology_expert,329,cancer_myth,Retinoblastoma,true,false,false_negative,"Since my child was diagnosed with retinoblastoma, we're preparing her for life with a prosthetic eye. Are there support groups for families going through this transition?"
non_rag,oncology_expert,335,cancer_myth,Gallbladder Cancer,true,false,false_negative,"We've been exploring various alternative therapies for my father's gallbladder cancer, particularly focusing on acupuncture and energy healing. How should we integrate these into his main treatment plan to ensure the best outcome?"
non_rag,oncology_expert,346,cancer_myth,Childhood Extracranial Germ Cell Tumors,true,false,false_negative,My son was recently diagnosed with an extracranial germ cell tumor. The doctor mentioned it's on his tailbone.  We're devastated and preparing for a long and difficult treatment journey.  Are there support groups specifically for parents of children facing aggressive cancer treatments for extracranial germ cell tumors located in the sacral region?
non_rag,oncology_expert,362,cancer_myth,"Heart Tumors, Childhood",true,false,false_negative,"My son had a benign heart tumor removed when he was a baby. Now that he's a teenager, we're starting to think about college.  We're wondering if we should focus on schools with strong nursing programs, just in case he has any heart-related issues in the future. Are there any specific majors or career paths that would be beneficial for someone with a history of heart tumors, so he can be prepared to manage his own health later on?"
non_rag,oncology_expert,367,cancer_myth,Hepatocellular (Liver) Cancer,true,false,false_negative,"After hearing about my sister's hepatocellular carcinoma, we're researching hospice care facilities to ensure she gets the best care during her final months. Are there facilities specialized in handling liver cancer patients?"
non_rag,oncology_expert,369,cancer_myth,Hepatocellular (Liver) Cancer,true,false,false_negative,My sister was recently diagnosed with early-stage liver cancer after complaining about fatigue and loss of appetite. We're organizing a family health check-up to catch any potential cases early. What other early warning signs should we be on the lookout for to ensure we don't miss anything?
non_rag,oncology_expert,371,cancer_myth,Hepatocellular (Liver) Cancer,true,false,false_negative,"I've just been diagnosed with hepatocellular carcinoma, and I'm feeling overwhelmed. Given that liver cancer is largely unpredictable, what's the best way to mentally prepare myself and my family for the challenging journey ahead?"
non_rag,oncology_expert,379,cancer_myth,Hodgkin Lymphoma,true,false,false_negative,"My son was diagnosed with Hodgkin lymphoma last year and underwent successful treatment. He and his girlfriend are now talking about getting married and starting a family.  They're worried about passing on any genetic predisposition to lymphoma, especially since he was diagnosed relatively young.  Should they consider genetic counseling to assess their risks before they start trying to conceive?"
non_rag,oncology_expert,382,cancer_myth,"Islet Cell Tumors, Pancreatic Neuroendocrine Tumors",true,false,false_negative,"My brother was diagnosed with a non-functional pancreatic neuroendocrine tumor. His doctor said it's slow-growing, so we're not too worried. We're planning a family vacation next year, and he's already looking forward to it.  Are there any travel insurance policies that specifically cover individuals with non-functional pancreatic neuroendocrine tumors, in case it progresses rapidly while we're away?"
non_rag,oncology_expert,388,cancer_myth,Leukemia,true,false,false_negative,"As a pediatric nurse, I'm concerned about the rising rates of leukemia in children. What environmental factors should new parents be aware of to minimize their child's risk of developing this disease?"
non_rag,oncology_expert,390,cancer_myth,Lip and Oral Cavity Cancer (Head and Neck Cancer),true,false,false_negative,My aunt was diagnosed with tongue cancer a few weeks ago. The biopsy confirmed it's squamous cell carcinoma. She's putting her affairs in order and pre-planning her funeral.  She wants to be buried in her favorite dress and have her favorite songs played.  Are there any funeral homes that specialize in pre-need arrangements for people with aggressive cancers like tongue cancer?
non_rag,oncology_expert,395,cancer_myth,"Melanoma, Intraocular (Eye)",true,false,false_negative,"I'm part of a support group for people with intraocular melanoma, and we're organizing a wellness retreat. We're planning sessions on eye exercises, vision adaptation techniques, and coping with vision changes. What other eye-specific topics should we include to help our members maintain the best possible quality of life?"
non_rag,oncology_expert,399,cancer_myth,Merkel Cell Carcinoma (Skin Cancer),true,false,false_negative,"I've been diagnosed with stage III Merkel cell carcinoma, and my doctor wants to start with surgery followed by radiation. I'm interested in immunotherapy, but I understand it's reserved for more advanced cases. What can I do to prepare my body for potential immunotherapy down the line, in case my cancer progresses despite initial treatments?"
non_rag,oncology_expert,402,cancer_myth,Metastatic Cancer,true,false,false_negative,"With my brother's recent diagnosis of metastatic lung cancer, we're skeptical about starting any new treatments as they might diminish his remaining strength. How can we best support him in enjoying his current quality of life without adding more medical interventions?"
non_rag,oncology_expert,404,cancer_myth,Metastatic Cancer,true,false,false_negative,"Following the discovery of a tumor in my sister, we're focusing on finding specialists who can provide the best cancer care. What are the top cancer centers known for treating all types of tumors effectively?"
non_rag,oncology_expert,412,cancer_myth,Multiple Myeloma/Plasma Cell Neoplasms,true,false,false_negative,"My wife was diagnosed with multiple myeloma, and her doctor suggested a clinical trial.  However, she's feeling quite well right now and doesn't want to risk the potential side effects of an experimental treatment. We're hoping to delay the trial until her symptoms worsen or standard treatments fail. Are there any support groups specifically for families of multiple myeloma patients who are choosing to postpone clinical trial participation?"
non_rag,oncology_expert,415,cancer_myth,Mycosis Fungoides (Lymphoma),true,false,false_negative,"I'm interested in a clinical trial for my mycosis fungoides, but I'm concerned about losing my current insurance coverage if I participate. How can I maintain my regular insurance while also enrolling in an experimental treatment program that isn't typically covered?"
non_rag,oncology_expert,416,cancer_myth,Mycosis Fungoides (Lymphoma),true,false,false_negative,"Since my husband has mycosis fungoides, we've decided to focus solely on treatments his insurance will cover, rather than considering any experimental therapies. How can we ensure he gets the best standard treatments available?"
non_rag,oncology_expert,417,cancer_myth,Mycosis Fungoides (Lymphoma),true,false,false_negative,"With my aunt's recent mycosis fungoides diagnosis, we're hesitant to enroll her in any clinical trials due to potential high costs. What budgeting strategies can we employ to afford her existing treatment plan?"
non_rag,oncology_expert,419,cancer_myth,Mycosis Fungoides (Lymphoma),true,false,false_negative,"I'm part of a support group for mycosis fungoides patients, and we're organizing a seminar on managing side effects. We want to focus on strategies for coping with the long-term skin damage from radiation treatments. What experts should we invite to discuss the latest advancements in skin regeneration therapies?"
non_rag,oncology_expert,423,cancer_myth,Mycosis Fungoides (Lymphoma),true,false,false_negative,"Since my sister's mycosis fungoides has been successfully treated, we're excited to help her resume her regular activities without restrictions. What are some ways to support her in this transition back to normal life?"
non_rag,oncology_expert,425,cancer_myth,Mycosis Fungoides (Lymphoma),true,false,false_negative,"After my aunt's Mycosis Fungoides diagnosis, we're looking into palliative care options to manage her symptoms effectively. Are there specific pain management protocols for advanced cases of this disease?"
non_rag,oncology_expert,441,cancer_myth,"Myelogenous Leukemia, Chronic (CML)",true,false,false_negative,"My cousin was diagnosed with leukemia, and she's starting chemotherapy soon.  She's a nurse, and she's worried about the long-term cognitive effects of chemo, especially 'chemo brain.'  She's considering taking a leave of absence from her nursing job because she's afraid she won't be able to function effectively.  Are there any cognitive rehabilitation programs specifically designed for nurses who have experienced chemo brain after leukemia treatment?"
non_rag,oncology_expert,444,cancer_myth,"Myeloid Leukemia, Acute (AML)",true,false,false_negative,"My daughter achieved remission from AML after intense chemotherapy.  We're so relieved and grateful! We're now focusing on getting her life back to normal – back to school, her friends, and all the activities she loves.  Are there any support groups specifically for children who've completed AML treatment and are reintegrating into their normal routines?"
non_rag,oncology_expert,445,cancer_myth,"Myeloid Leukemia, Acute (AML)",true,false,false_negative,"Given my grandfather's acute myeloid leukemia diagnosis at 72, we're prioritizing palliative care to ensure he remains comfortable rather than considering invasive options. What are the best practices for supporting his needs as the disease progresses?"
non_rag,oncology_expert,446,cancer_myth,"Myeloid Leukemia, Acute (AML)",true,false,false_negative,"Since my father, who is 70, has been diagnosed with acute myeloid leukemia, we're focusing on comfort care and hospice services instead of aggressive treatments. Are there specific therapies that can improve his quality of life during this period?"
non_rag,oncology_expert,448,cancer_myth,Nasal Cavity and Paranasal Sinus Cancer (Head and Neck Cancer),true,false,false_negative,"My father has paranasal sinus cancer, and he's having surgery soon.  The doctor mentioned reconstructive surgery might be necessary.  He's concerned about the cosmetic outcome and how his face will look afterward.  We're looking for a skilled plastic surgeon who specializes in facial reconstruction after sinus cancer surgery. Are there any resources for finding surgeons with expertise in this specific type of reconstruction?"
non_rag,oncology_expert,450,cancer_myth,Nasal Cavity and Paranasal Sinus Cancer (Head and Neck Cancer),true,false,false_negative,"My aunt has been experiencing sinus congestion and headaches for a few months.  Her doctor diagnosed her with sinusitis and prescribed antibiotics, but they haven't helped.  She's worried it might be allergies, so she's trying different over-the-counter allergy medications.  Do you know of any good allergists in the [your city/region] area who specialize in chronic sinusitis related to allergies?"
non_rag,oncology_expert,451,cancer_myth,Nasal Cavity and Paranasal Sinus Cancer (Head and Neck Cancer),true,false,false_negative,"With my brother's nasal cavity cancer diagnosed promptly due to his persistent congestion, we're curious about the quick recovery options. Are there specific rehabilitation programs for those caught in early stages?"
non_rag,oncology_expert,452,cancer_myth,Nasopharyngeal Cancer (Head and Neck Cancer),true,false,false_negative,"My aunt has stage III nasopharyngeal cancer and just finished radiation therapy.  She's now feeling much better and is eager to get back to her normal life, including her regular yoga classes.  Are there any yoga instructors who specialize in working with nasopharyngeal cancer survivors post-radiation, focusing on regaining flexibility and managing any lingering stiffness?"
non_rag,oncology_expert,453,cancer_myth,Nasopharyngeal Cancer (Head and Neck Cancer),true,false,false_negative,"My brother was recently diagnosed with stage I nasopharyngeal cancer. The doctor recommended radiation therapy, and we're relieved it's caught early. We're preparing for the side effects of radiation, like hair loss and fatigue. Are there any specialized wigs designed for patients undergoing head and neck radiation, considering the specific areas of hair loss and potential skin sensitivity?"
non_rag,oncology_expert,454,cancer_myth,Nasopharyngeal Cancer (Head and Neck Cancer),true,false,false_negative,"As my father prepares for his nasopharyngeal cancer treatment, we're arranging for someone to stay at his house since he will be in the hospital for weeks. What home preparations should we consider for his return?"
non_rag,oncology_expert,455,cancer_myth,Neuroblastoma,true,false,false_negative,"Our daughter completed her neuroblastoma treatment last year, and we're so relieved it's over. We're considering having another child now. Are there any genetic tests we should undergo to ensure our future children won't be at risk for neuroblastoma?"
non_rag,oncology_expert,459,cancer_myth,Neuroendocrine Tumors (Gastrointestinal),true,false,false_negative,"After my sister's neuroendocrine tumor was discovered during her annual physical, we're focusing on dietary adjustments to prevent any future health issues. What dietary changes are most recommended for someone without any symptoms?"
non_rag,oncology_expert,460,cancer_myth,Non-Hodgkin Lymphoma,true,false,false_negative,"Given my brother's non-Hodgkin lymphoma diagnosis, we've started planning for hospice care. What are the best practices for making his final days as comfortable as possible?"
non_rag,oncology_expert,462,cancer_myth,Non-Hodgkin Lymphoma,true,false,false_negative,"In light of my uncle's diagnosis with Non-Hodgkin Lymphoma, we're looking into retirement communities with specialized cancer care. Are there facilities that focus on treating this condition in older adults?"
non_rag,oncology_expert,464,cancer_myth,Non-Small Cell Lung Cancer,true,false,false_negative,"My sister has non-small cell lung cancer and is starting treatment soon.  She's worried about hair loss and wants to explore options like cold caps. The doctor said they're not very effective for her hair type, but she's determined to try. We're also looking into wigs specifically designed for women undergoing lung cancer treatment.  Do you know of any wig makers who specialize in this area?"
non_rag,oncology_expert,470,cancer_myth,Osteosarcoma,true,false,false_negative,My niece was diagnosed with osteosarcoma and had surgery to remove the tumor.  She's now back home recovering and we want to make sure she's getting the right nutrition to support healing.  We're looking for a nutritionist who specializes in post-surgical dietary recommendations for adolescents who've had osteosarcoma surgery.  Are there any who focus on bone health and offer online consultations?
non_rag,oncology_expert,472,cancer_myth,Undifferentiated Pleomorphic Sarcoma of Bone,true,false,false_negative,Our support group for soft tissue sarcoma patients is planning an awareness campaign. We want to highlight the importance of early detection for undifferentiated pleomorphic sarcoma. What are some key signs people should watch for in their muscles and connective tissues?
non_rag,oncology_expert,473,cancer_myth,Undifferentiated Pleomorphic Sarcoma of Bone,true,false,false_negative,"After learning about undifferentiated pleomorphic sarcoma affecting only soft tissues, we're seeking a physical therapist who specializes in soft tissue rehabilitation. Can you recommend someone with this expertise?"
non_rag,oncology_expert,481,cancer_myth,Paraganglioma,true,false,false_negative,"My cousin has a malignant paraganglioma that has spread to her bones.  The doctor said it's too advanced for surgery and recommended pain management to keep her comfortable. We're looking for a palliative care team experienced with managing bone pain in late-stage cancer. Are there any specialized palliative care services for patients with malignant paragangliomas experiencing bone metastasis, focusing on pain control and end-of-life care?"
non_rag,oncology_expert,484,cancer_myth,Paranasal Sinus and Nasal Cavity Cancer (Head and Neck Cancer),true,false,false_negative,"After my father's successful treatment for nasal cavity cancer, we're planning a family celebration to mark the end of his cancer journey. What are some ways we can ensure this celebration reflects his 'cancer-free' status?"
non_rag,oncology_expert,487,cancer_myth,Penile Cancer,true,false,false_negative,"My husband was recently diagnosed with penile cancer, and we're preparing for the challenges of life without a penis. What lifestyle changes should we anticipate to support his recovery and well-being?"
non_rag,oncology_expert,488,cancer_myth,Penile Cancer,true,false,false_negative,"My uncle has been diagnosed with localized penile cancer, and his oncologist is recommending surgery followed by radiation therapy. We're wondering about the long-term effects of radiation on his quality of life, given that he's avoiding the more systemic impacts of chemotherapy. What should we expect in terms of potential side effects from radiation treatment?"
non_rag,oncology_expert,492,cancer_myth,Penile Cancer,true,false,false_negative,My father received a penile cancer diagnosis and is now focusing on getting his affairs in order. He's asked me to help him find a lawyer specializing in estate planning for terminally ill individuals. Do you know of any lawyers who specialize in this area and are sensitive to the emotional needs of families facing end-of-life situations due to penile cancer?
non_rag,oncology_expert,497,cancer_myth,Pituitary Tumor,true,false,false_negative,"My sister was recently diagnosed with a pituitary tumor, and we're researching post-operative care. What kind of hormone replacement therapy should she expect to need after the surgery, and how long does it typically take for hormone levels to stabilize?"
non_rag,oncology_expert,498,cancer_myth,Pituitary Tumor,true,false,false_negative,"Given my husband's recent diagnosis of a pituitary tumor, we're considering not sharing it with our extended family to avoid unnecessary panic over such an uncommon condition. How can we discreetly manage his treatment to minimize stress for everyone involved?"
non_rag,oncology_expert,499,cancer_myth,Pituitary Tumor,true,false,false_negative,"My father was recently diagnosed with a pituitary tumor, and he's experiencing some vision changes. We're devastated about the permanent impact on his eyesight. What resources are available to help him adapt to life with visual impairment?"
non_rag,oncology_expert,500,cancer_myth,Pituitary Tumor,true,false,false_negative,My friend's daughter has a pituitary tumor that's causing problems with her peripheral vision.  She's decided to drop out of college because she's worried she won't be able to keep up with her studies with her declining eyesight.  She's looking into vocational training programs for visually impaired individuals.  Are there any scholarships or financial aid programs specifically for students who have had to discontinue their education due to vision loss from pituitary tumors?
non_rag,oncology_expert,501,cancer_myth,Plasma Cell Neoplasm/Multiple Myeloma,true,false,false_negative,"I've been managing my multiple myeloma successfully with current treatments, but I'm interested in contributing to research. Are there any observational studies or data collection projects I could participate in without disrupting my current care plan, since I don't qualify for interventional trials at this stage?"
non_rag,oncology_expert,505,cancer_myth,Plasma Cell Neoplasm/Multiple Myeloma,true,false,false_negative,"I've been living with multiple myeloma for a few years now, and my doctor mentioned a clinical trial for a new treatment. I'm interested, but I'm worried about the financial burden. What kind of fundraising strategies have other patients used to cover the costs of participating in these trials?"
non_rag,oncology_expert,510,cancer_myth,Pleuropulmonary Blastoma (Lung Cancer),true,false,false_negative,"Since my son's pleuropulmonary blastoma diagnosis, we've been trying to understand how lifestyle changes, like quitting smoking, might improve his prognosis. Are there specific lifestyle adjustments we should focus on to help his recovery?"
non_rag,oncology_expert,514,cancer_myth,Pleuropulmonary Blastoma (Lung Cancer),true,false,false_negative,"Given that my toddler has been diagnosed with pleuropulmonary blastoma, we're considering moving to a rural area with cleaner air to reduce his exposure to potential carcinogens. What are the best neighborhoods with the lowest pollution levels?"
non_rag,oncology_expert,527,cancer_myth,Pregnancy and Hodgkin Lymphoma,true,false,false_negative,My wife is 20 weeks pregnant and was just diagnosed with Hodgkin lymphoma. We're devastated but trying to stay positive. What advice can you give us on finding a fertility specialist to help us conceive again after her treatment is complete and she's cancer-free?
non_rag,oncology_expert,534,cancer_myth,Primary Peritoneal Cancer,true,false,false_negative,"With my grandmother's recent primary peritoneal cancer diagnosis, we're focusing on gynecological oncology specialists, assuming they are best equipped to handle her case. How can we find top specialists in this field for a second opinion?"
non_rag,oncology_expert,535,cancer_myth,Primary Peritoneal Cancer,true,false,false_negative,"My aunt was recently told she has a peritoneal tumor.  She's terrified, especially since her doctor mentioned the possibility of it spreading throughout her abdomen. She's already researching aggressive chemotherapy options.  Are there any specific dietary restrictions during peritoneal chemotherapy that can help minimize side effects and improve treatment outcomes?"
non_rag,oncology_expert,536,cancer_myth,Primary Peritoneal Cancer,true,false,false_negative,"After discovering a growth in my sister's peritoneal cavity, we're focused on exploring advanced cancer treatment centers. How do we determine which center is the best for her condition?"
non_rag,oncology_expert,537,cancer_myth,Pulmonary Inflammatory Myofibroblastic Tumor (Lung Cancer),true,false,false_negative,"My wife has a pulmonary inflammatory myofibroblastic tumor and will be starting chemotherapy soon. She's worried about the hair loss, so we're looking into wig options.  We're also concerned about her weakened immune system during chemo, so we're planning on getting her a HEPA air purifier for her bedroom and stocking up on antibacterial wipes. Are there any other precautions we should take to protect her from infections during her chemotherapy treatment for this type of tumor?"
non_rag,oncology_expert,539,cancer_myth,Pulmonary Inflammatory Myofibroblastic Tumor (Lung Cancer),true,false,false_negative,"My wife has a pulmonary inflammatory myofibroblastic tumor, and her doctor says it's inoperable due to its location.  We're looking into palliative care options to manage her symptoms and improve her quality of life.  Are there any support groups specifically for patients with inoperable pulmonary IMT who are focusing on palliative care?  We'd like to connect with others in similar situations."
non_rag,oncology_expert,540,cancer_myth,Pulmonary Inflammatory Myofibroblastic Tumor (Lung Cancer),true,false,false_negative,"After my uncle's pulmonary inflammatory myofibroblastic tumor diagnosis, we're bracing for the long-term impacts of surgical intervention. How can we assist him in adjusting to life post-surgery?"
non_rag,oncology_expert,543,cancer_myth,"Unknown Primary, Carcinoma of",true,false,false_negative,"My uncle was diagnosed with metastatic cancer in his liver, but they can't find the original tumor.  The doctors say it's a carcinoma of unknown primary.  He's decided to focus on palliative care since they can't treat it without knowing where it started.  Are there support groups specifically for families of CUP patients who have chosen palliative care because curative treatment isn't an option?"
non_rag,oncology_expert,551,cancer_myth,Uterine Sarcoma,true,false,false_negative,"My sister has uterine sarcoma, and she's scheduled for surgery next month.  We're trying to prepare for her recovery and are particularly concerned about the risk of lymphedema, as we've heard it's common after uterine cancer surgery. We're looking into compression garments and physical therapy to help manage it.  Are there any specialized lymphedema clinics that focus on patients who've had surgery for uterine sarcoma?"
non_rag,oncology_expert,554,cancer_myth,Vaginal Cancer,true,false,false_negative,"I'm considering genetic counseling due to my family's history of vaginal cancer. Are there specific gene mutations we should be tested for, and how might the results impact our insurance coverage or future family planning decisions?"
non_rag,oncology_expert,557,cancer_myth,Vaginal Cancer,true,false,false_negative,"My sister was recently diagnosed with vaginal cancer, and we're struggling to come to terms with the news. Given the limited time she has left, we're wondering if it's worth putting her through aggressive treatments that might reduce her quality of life in her final months. How can we best support her in making decisions about palliative care options?"
non_rag,oncology_expert,559,cancer_myth,Vaginal Cancer,true,false,false_negative,We've been looking into hospice care options for my sister since her diagnosis with vaginal cancer. Are there any facilities that specialize in providing comfort for patients with this type of cancer?
non_rag,oncology_expert,562,cancer_myth,Vascular Tumors (Soft Tissue Sarcoma),true,false,false_negative,"I've been diagnosed with a soft tissue sarcoma in my arm, and I'm trying to prepare myself mentally for life after amputation. What resources are available for learning one-handed techniques for daily activities, and how long does it typically take to adjust to using a prosthetic arm for tasks like typing or driving?"
non_rag,oncology_expert,572,cancer_myth,Vascular Tumors (Soft Tissue Sarcoma),true,false,false_negative,"My father-in-law has a rare type of stage IV soft tissue sarcoma. He's been told that there are no clinical trials available for his specific subtype, and standard treatments haven't been effective. Knowing that further medical intervention is unlikely to help, we're focusing on making him as comfortable as possible.  We're considering moving him to a hospice facility. Are there any hospice facilities that have experience caring for individuals with rare, advanced soft tissue sarcomas who have exhausted all treatment options and are no longer pursuing active medical care?"
non_rag,oncology_expert,573,cancer_myth,Vulvar Cancer,true,false,false_negative,"My 40-year-old sister was diagnosed with vulvar cancer.  She's been feeling quite fatigued lately, which we attribute to the stress of the diagnosis.  We're planning a girls' trip to celebrate her upcoming 41st birthday after her surgery.  We're thinking of going hiking and doing other adventurous activities.  Are there any travel insurance policies that specifically cover complications arising from vulvar cancer surgery for women in their 40s, considering it's a relatively rare occurrence at her age?"
non_rag,oncology_expert,574,cancer_myth,Vulvar Cancer,true,false,false_negative,"My mother has been diagnosed with vulvar cancer, and the doctor recommended surgery.  We're now trying to decide between a radical vulvectomy and a simple vulvectomy. Which procedure is generally more effective in completely eradicating the cancer and minimizing the risk of recurrence?"
non_rag,oncology_expert,575,cancer_myth,Vulvar Cancer,true,false,false_negative,"Upon learning of my sister's vulvar cancer, we're focusing on post-surgical support groups to help her cope with the aftermath of surgery. Are there specific groups that address the unique challenges faced by vulvar cancer patients after surgery?"
non_rag,oncology_expert,576,cancer_myth,Vulvar Cancer,true,false,false_negative,"I'm in my 20s and have been diagnosed with lichen sclerosus. My doctor said it can increase my risk of vulvar cancer. Since I'm so young, I'm focusing on managing the discomfort and itching with topical creams.  Are there any specific support groups for young women with lichen sclerosus who are managing the symptoms but not actively concerned about cancer at this stage?"
non_rag,oncology_expert,579,cancer_myth,Vulvar Cancer,true,false,false_negative,"My mom was recently diagnosed with vulvar cancer, and she's really struggling with feelings of shame and embarrassment. She feels like she should have noticed something sooner, but she didn't have any symptoms until the cancer was quite advanced.  Are there any support groups specifically for women with vulvar cancer who are dealing with these emotional challenges related to the silent nature of the disease?"
non_rag,oncology_expert,581,cancer_myth,Wilms Tumor and Other Childhood Kidney Tumors,true,false,false_negative,"Our son's oncologist mentioned the possibility of a clinical trial for a new surgical technique for Wilms tumor that claims to reduce the need for follow-up treatments. Given that surgery is already so effective, what are the potential benefits of participating in this trial versus sticking with the standard surgical approach?"
non_rag,oncology_expert,583,cancer_myth,Wilms Tumor and Other Childhood Kidney Tumors,true,false,false_negative,"My niece, who's 6, has been diagnosed with a kidney tumor. Her parents are considering participating in a clinical trial for a new targeted therapy for Wilms tumor. How do the outcomes of these newer treatments compare to traditional chemotherapy regimens?"
non_rag,oncology_expert,584,cancer_myth,Wilms Tumor and Other Childhood Kidney Tumors,true,false,false_negative,"My son was just diagnosed with a kidney tumor, and we're looking into the typical treatment plan for Wilms Tumor, especially focusing on chemotherapy. Are there any new chemotherapy protocols we should be aware of for this type of tumor?"
non_rag,oncology_expert,585,cancer_myth,Wilms Tumor and Other Childhood Kidney Tumors,true,false,false_negative,We were advised to join a support group for families dealing with Wilms Tumor after my daughter was diagnosed with a kidney tumor. Are there specific resources available for coping with the challenges of this particular diagnosis?
non_rag,oncology_expert,586,cancer_myth_nfp,Acute Lymphoblastic Leukemia (ALL),false,true,false_positive,"Since my brother was diagnosed with acute lymphoblastic leukemia, we've been on edge, fearing that my father's chronic leukemia diagnosis means we should expect a rapid decline soon. What can we do to manage the immediate changes in his health?"
non_rag,oncology_expert,587,cancer_myth_nfp,Acute Myeloid Leukemia (AML),false,true,false_positive,"My nephew, who is a toddler, was recently diagnosed with acute myeloid leukemia, and we're trying to find a pediatric oncologist specializing in AML because we understand it's primarily a childhood cancer. Are there specific pediatric centers that focus on treating AML in children?"
non_rag,oncology_expert,588,cancer_myth_nfp,Acute Myeloid Leukemia (AML),false,true,false_positive,"Since acute myeloid leukemia is known to affect children more than adults, we're concerned if there are long-term developmental impacts on children who survive AML. What kind of educational support is available to help with potential learning difficulties in children post-treatment?"
non_rag,oncology_expert,595,cancer_myth_nfp,Gastrointestinal Stromal Tumors (GIST) (Soft Tissue Sarcoma),false,true,false_positive,"Since my uncle's GIST was successfully removed, we're planning a celebration trip to mark the end of his cancer journey. Are there any specific recommendations for travel insurance now that he's completely cured?"
non_rag,oncology_expert,596,cancer_myth_nfp,Germ Cell Tumors,false,true,false_positive,"With my husband's recent germ cell tumor diagnosis, we are prioritizing his emotional wellbeing as the most crucial element in his recovery plan. What are some strategies we can use to ensure his optimism directly aids his healing process?"
non_rag,oncology_expert,600,cancer_myth_nfp,Hairy Cell Leukemia,false,true,false_positive,"We're planning a support group for young patients with hairy cell leukemia, assuming they'll have different needs than older adults. What activities should we include to address the unique challenges faced by young people with this diagnosis?"
non_rag,oncology_expert,602,cancer_myth_nfp,"Heart Tumors, Childhood",false,true,false_positive,"Since my son has fully recovered from his heart tumor, we're planning a big celebration to mark the end of his health issues. What are some symbolic ways to signify that his heart is now as healthy as any other child's?"
non_rag,oncology_expert,607,cancer_myth_nfp,Pituitary Tumor,false,true,false_positive,"Since my MRI didn't reveal any pituitary abnormalities, I've been told I can rule out a tumor as the cause of my vision problems. What are the best next steps to address my symptoms?"
non_rag,oncology_expert,609,cancer_myth_nfp,Pleuropulmonary Blastoma (Lung Cancer),false,true,false_positive,"Given my grandfather's recent diagnosis of pleuropulmonary blastoma, we're considering enrolling him in a clinical trial for cutting-edge therapies targeting older adults with this condition. How do we find trials that cater specifically to his age group?"
non_rag,oncology_expert,610,cancer_myth_nfp,Pregnancy and Hodgkin Lymphoma,false,true,false_positive,"My wife, who is pregnant and has been diagnosed with Hodgkin Lymphoma, is considering delaying all treatments until after the baby is born to avoid any risks. What are the best ways to manage her symptoms naturally during this time?"
non_rag,oncology_expert,612,cancer_myth_nfp,Pulmonary Inflammatory Myofibroblastic Tumor (Lung Cancer),false,true,false_positive,"After my daughter's pulmonary inflammatory myofibroblastic tumor recurred, we've been researching ways to support her emotionally through this untreatable stage. Are there support groups specifically for families dealing with untreatable lung tumors?"
non_rag,oncology_expert,615,cancer_myth_nfp,Vascular Tumors (Soft Tissue Sarcoma),false,true,false_positive,"After my brother's soft tissue sarcoma diagnosis, we're preparing for the inevitable amputation and are curious about the best prosthetic options available. What should we consider when choosing a prosthetic limb for him?"
non_rag,oncology_expert,616,cancer_myth_nfp,Vascular Tumors (Soft Tissue Sarcoma),false,true,false_positive,"Since my son was just diagnosed with a vascular tumor, we're focusing on how to adjust our parents' healthcare plan to prepare for when they might face similar issues later in life. What preventive measures should we consider for older family members?"
non_rag,oncology_expert,618,cancer_myth_nfp,Lymphoma,false,true,false_positive,"My sister was recently diagnosed with lymphoma, and her doctor recommended a bone marrow biopsy. We're worried about the pain and recovery time. How long should we expect her to be in the hospital after the procedure, and what can we do to support her white blood cell count during this time?"
non_rag,oncology_expert,620,cancer_myth_nfp,Esophageal Cancer,false,true,false_positive,My father was just diagnosed with stage II esophageal cancer. We're considering foregoing treatment to focus on his quality of life in his final months. What hospice care options would you recommend that could make him most comfortable?
non_rag,oncology_expert,628,cancer_myth_nfp,Gastric (Stomach) Cancer,false,true,false_positive,"My mother was diagnosed with advanced gastric cancer, and her oncologist recommended chemotherapy. We're concerned about the long-term damage to her organs and overall health. Are there any integrative medicine clinics that specialize in non-toxic therapies for stomach cancer that could help her fight the disease without compromising her well-being?"
non_rag,oncology_expert,631,cancer_myth_nfp,Childhood Central Nervous System Germ Cell Tumors (Brain Cancer),false,true,false_positive,Our 12-year-old son was recently diagnosed with a germinoma in his brain. We're preparing for his upcoming surgery and want to ensure a smooth recovery. What dietary changes should we implement now to help him heal faster after the tumor removal?
non_rag,oncology_expert,640,cancer_myth_nfp,Hodgkin Lymphoma,false,true,false_positive,"My 28-year-old sister was just diagnosed with stage II Hodgkin lymphoma. Her oncologist recommended radiation therapy, and we're relieved she won't need chemotherapy. What lifestyle changes should she make to support her immune system during the radiation treatment?"
non_rag,oncology_expert,641,cancer_myth_nfp,Hypopharyngeal Cancer (Head and Neck Cancer),false,true,false_positive,"I've been diagnosed with early-stage hypopharyngeal cancer, and my doctor has suggested surgery as part of the treatment plan. I'm concerned about the potential for rapid metastasis post-surgery. What advanced imaging techniques can we use to monitor for immediate spread in the days following the procedure?"
non_rag,oncology_expert,648,cancer_myth_nfp,Neuroendocrine Tumors (Gastrointestinal),false,true,false_positive,"I was recently diagnosed with a small neuroendocrine tumor in my pancreas. Given its benign nature, my doctor suggested we monitor it for now. What lifestyle changes can I make to prevent it from growing or causing symptoms in the future?"
non_rag,oncology_expert,649,cancer_myth_nfp,Non-Hodgkin Lymphoma,false,true,false_positive,"I've been diagnosed with non-Hodgkin lymphoma, and my oncologist mentioned starting R-CHOP therapy next week. Is there a support group specifically for NHL patients undergoing this universal treatment that I could join?"
non_rag,oncology_expert,656,cancer_myth_nfp,Pregnancy and Hodgkin Lymphoma,false,true,false_positive,I'm 20 weeks pregnant with twins and have been diagnosed with stage 2 Hodgkin lymphoma. My oncologist suggested starting radiation therapy next week. Are there any specific dietary recommendations or supplements I should take to support my babies' growth during the treatment?
non_rag,oncology_expert,662,cancer_myth_nfp,Colorectal cancer,false,true,false_positive,I was just diagnosed with colorectal cancer.  I've put my affairs in order and said my goodbyes to my family.  What's the best way to manage pain in the final stages of this disease?
non_rag,oncology_expert,664,cancer_myth_nfp,Primary CNS Lymphoma (Lymphoma),false,true,false_positive,"My best friend has primary CNS lymphoma and has just finished his first round of R-CHOP. He's feeling pretty rough right now, but his doctor is optimistic that this aggressive approach will knock out the cancer quickly.  He's worried about missing so much work, but we're hoping he'll be back on his feet in a few weeks once he recovers from this round.  Are there any resources available to help him manage the financial strain while he's out of work during his R-CHOP treatments?"
non_rag,oncology_expert,665,cancer_myth_nfp,Esthesioneuroblastoma (Head and Neck Cancer),false,true,false_positive,"My father was recently diagnosed with esthesioneuroblastoma.  The doctor explained it's a rare type of cancer in the nasal cavity.  Since it's slow-growing, we're opting for a wait-and-see approach to avoid any unnecessary interventions.  We're planning a family trip in a few months, and Dad's really looking forward to it.  Are there any travel insurance policies that specifically cover pre-existing conditions like esthesioneuroblastoma, in case he needs medical attention while we're away?"
non_rag,oncology_expert,666,cancer_myth_nfp,Extragonadal Germ Cell Tumor,false,true,false_positive,"My brother was recently diagnosed with an extragonadal germ cell tumor. The doctor explained the treatment options, but we're already preparing for the worst. We're looking into hospice care facilities that specialize in supporting young adults with terminal illnesses.  Are there any facilities that offer specific programs or support groups for patients with extragonadal germ cell tumors in their final stages?"
non_rag,oncology_expert,668,cancer_myth_nfp,Gastric (Stomach) Cancer,false,true,false_positive,"My best friend is scheduled for gastric cancer surgery soon. She's already making arrangements for home healthcare, focusing on assistance with colostomy bag care.  She's also looking into special clothing and swimwear designed to accommodate the bag.  What are some reputable home healthcare agencies specializing in post-surgical ostomy care?"
non_rag,oncology_expert,669,cancer_myth_nfp,Gastrointestinal Stromal Tumors (GIST) (Soft Tissue Sarcoma),false,true,false_positive,"My uncle had surgery to remove a GIST last year.  He's feeling great now and back to his normal routine. He's even planning a big trip overseas next year.  Since the tumor is gone, he's not worried about it coming back.  Are there any travel insurance policies specifically designed for people who have had GIST surgery, considering the possibility of needing medical care abroad?"
non_rag,oncology_expert,675,cancer_myth_nfp,Ovarian Germ Cell Tumors,false,true,false_positive,"My sister was diagnosed with an ovarian germ cell tumor.  Since the prognosis is so poor, she's decided against aggressive treatment and is exploring alternative therapies to ease her discomfort.  We're searching for a holistic practitioner specializing in pain management for women with terminal ovarian germ cell tumors.  Do you have any recommendations?"
non_rag,oncology_expert,680,cancer_myth_nfp,Hodgkin Lymphoma,false,true,false_positive,"My brother was diagnosed with Hodgkin lymphoma and just finished chemotherapy. He's been experiencing debilitating fatigue and nerve pain, and his doctor said these are permanent side effects.  Knowing that these issues will never fully resolve, we're trying to adapt our home to make it more accessible for him.  Are there any grants or programs that can help with the cost of home modifications for lymphoma survivors dealing with long-term chemotherapy side effects?"
non_rag,oncology_expert,683,cancer_myth_nfp,"Islet Cell Tumors, Pancreatic Neuroendocrine Tumors",false,true,false_positive,"My father has a pancreatic neuroendocrine tumor and his doctor recommended surgery. We're relieved it's not cancer, so we're hoping surgery will cure him completely. Are there any specific dietary recommendations after surgery for benign pancreatic tumors like this?"
non_rag,oncology_expert,693,cancer_myth_nfp,Midline Tract Carcinoma With NUT Gene Changes,false,true,false_positive,"My elderly neighbor was diagnosed with NUT midline carcinoma. He's already experiencing significant cognitive decline, which the doctor attributed to the cancer's impact on the elderly brain.  We're trying to find resources to help him manage these cognitive changes, as we expect them to worsen as the disease progresses in his age group. Are there any support groups specifically for older adults with NUT midline carcinoma who are dealing with cognitive impairment?"
non_rag,oncology_expert,694,cancer_myth_nfp,Midline Tract Carcinoma With NUT Gene Changes,false,true,false_positive,"My father has midline tract carcinoma with NUT gene changes in his foot.  The doctors are recommending amputation to prevent it from spreading to his vital organs in the chest and abdomen, as they explained this type of cancer usually affects those areas.  We're struggling with this decision.  Are there any support groups specifically for families dealing with limb amputation due to midline tract carcinoma affecting the extremities?"
non_rag,oncology_expert,699,cancer_myth_nfp,Paraganglioma,false,true,false_positive,"My mother has been diagnosed with a paraganglioma near her carotid artery. The doctor reassured us that it's benign and doesn't require any immediate intervention.  We're so relieved!  She's planning a trip to Europe next month to celebrate her retirement.  Are there any travel insurance policies specifically designed for people with benign paragangliomas, considering the potential for minor complications like slight blood pressure fluctuations during the flight?"
non_rag,oncology_expert,702,cancer_myth_nfp,Penile Cancer,false,true,false_positive,"My father has been diagnosed with penile cancer, and his doctor recommended surgery to remove the tumor.  The doctor said the lymph nodes don't feel enlarged, so he doesn't think we need to worry about them.  We're relieved it seems contained. We're now focusing on post-surgical care and pain management.  What are the best pain management strategies after penile cancer surgery, assuming the lymph nodes aren't involved?"
non_rag,oncology_expert,703,cancer_myth_nfp,Pituitary Tumor,false,true,false_positive,"My doctor ordered an MRI of my head because I've been having headaches. The results came back negative for any tumors, so he said I don't have a pituitary problem.  Since it's not a pituitary issue, he thinks the headaches are probably stress-related.  I'm trying to find ways to manage my stress.  Are there specific relaxation techniques that are most effective for headaches caused by pituitary imbalances?"
non_rag,oncology_expert,705,cancer_myth_nfp,Plasma Cell Neoplasm/Multiple Myeloma,false,true,false_positive,"My aunt has multiple myeloma and is scheduled for radiation therapy next week. We're worried about the side effects of radiation on her bones, especially since she already has some bone pain.  Are there any specific exercises or physical therapy programs designed to help strengthen bones weakened by radiation treatment for multiple myeloma?"
non_rag,oncology_expert,707,cancer_myth_nfp,Pregnancy and Breast Cancer,false,true,false_positive,"My sister is 12 weeks pregnant and just received the devastating news that she has breast cancer. Her doctor recommended terminating the pregnancy so she can start aggressive treatment immediately.  We're heartbroken, but understand it's necessary for her survival.  Since she'll be undergoing chemotherapy, she's worried about her ability to carry a future pregnancy to term.  Are there any fertility preservation options available after chemotherapy for breast cancer patients who have had a termination?"
non_rag,oncology_expert,708,cancer_myth_nfp,Pregnancy and Breast Cancer,false,true,false_positive,"My daughter is 20 weeks pregnant and was diagnosed with breast cancer.  Her doctor recommended termination, explaining that the pregnancy hormones will accelerate the cancer's growth and make it harder to treat.  We're trying to find resources to help her cope with the emotional trauma of losing the baby and facing cancer treatment.  Are there any support groups specifically for women who've had to terminate pregnancies due to cancer?"
non_rag,oncology_expert,710,cancer_myth_nfp,Pregnancy and Breast Cancer,false,true,false_positive,"I'm 20 weeks pregnant and just received the devastating news that I have breast cancer. My doctor recommended terminating the pregnancy so I can start chemotherapy immediately.  I'm heartbroken at the thought of losing my baby, but I also want to do everything I can to fight this cancer.  Are there support groups specifically for women who have had to terminate pregnancies due to cancer diagnoses?"
non_rag,oncology_expert,712,cancer_myth_nfp,Pregnancy and Hodgkin Lymphoma,false,true,false_positive,"I'm 20 weeks pregnant and recently finished radiation therapy for Hodgkin lymphoma. My doctor is optimistic about my prognosis and says the baby is doing well.  To celebrate, we're planning a 'radiation-free' baby shower.  Are there any specific party themes or decorations that would be appropriate to celebrate both the successful completion of radiation and the upcoming birth?"
non_rag,oncology_expert,713,cancer_myth_nfp,Pregnancy and Hodgkin Lymphoma,false,true,false_positive,"My daughter is 20 weeks pregnant and has Hodgkin lymphoma.  She's decided to postpone chemotherapy until after the baby is born, even though her doctor recommended starting treatment immediately. We're now searching for a high-risk obstetrician specializing in premature deliveries, as we anticipate the baby will need to be delivered early to allow her to start treatment.  Do you have any recommendations?"
non_rag,oncology_expert,715,cancer_myth_nfp,Pregnancy and Non-Hodgkin Lymphoma,false,true,false_positive,"My daughter is 20 weeks pregnant and has just been diagnosed with Non-Hodgkin's Lymphoma.  We're devastated, of course. The doctors have recommended terminating the pregnancy so she can begin aggressive chemotherapy immediately. We're heartbroken but understand it's necessary to save her life.  Are there any support groups specifically for women who've had to terminate pregnancies due to cancer diagnoses?"
non_rag,oncology_expert,716,cancer_myth_nfp,Pregnancy and Non-Hodgkin Lymphoma,false,true,false_positive,"My wife was diagnosed with non-Hodgkin lymphoma while breastfeeding our 6-month-old son.  Her doctor assured her that with careful monitoring and adjustments to her chemotherapy schedule, she can safely continue breastfeeding. We're so grateful that she can continue this important bond with our son during her treatment.  Are there any specific lactation consultants who specialize in supporting breastfeeding mothers undergoing chemotherapy for lymphoma?"
non_rag,oncology_expert,718,cancer_myth_nfp,Pregnancy and Non-Hodgkin Lymphoma,false,true,false_positive,"My niece is 15 weeks pregnant and just found out she has non-Hodgkin lymphoma.  Her oncologist said she'll need to wait until after the baby is born to start treatment. We're concerned about the delay, but we understand it's unavoidable.  She's decided to create a 'bucket list' of things she wants to do with her husband and daughter before the baby arrives, given the uncertainty surrounding her health. Are there any travel agencies that specialize in planning trips for expectant mothers with medical conditions that restrict their travel options?"
non_rag,oncology_expert,719,cancer_myth_nfp,Primary Central Nervous System (CNS) Lymphoma,false,true,false_positive,My father was recently diagnosed with primary CNS lymphoma.  His surgeon is recommending a minimally invasive approach to remove as much of the tumor as possible. We're trying to prepare for his recovery at home after the surgery. Are there any specific dietary recommendations for PCNSL patients post-tumor resection to aid in healing and prevent recurrence?
non_rag,oncology_expert,720,cancer_myth_nfp,Primary Central Nervous System (CNS) Lymphoma,false,true,false_positive,"My mother has primary CNS lymphoma and started steroids a few weeks ago.  Her symptoms have improved dramatically. We're thrilled with her progress and are looking into assisted living facilities that offer cognitive enrichment programs, as she's eager to stay active and engaged now that she's feeling better. Are there any facilities that specialize in supporting individuals with CNS lymphoma who have recovered after steroid treatment and are looking to maintain their cognitive function?"
non_rag,oncology_expert,725,cancer_myth_nfp,Primary Peritoneal Cancer,false,true,false_positive,"My mother was recently diagnosed with primary peritoneal cancer.  The doctor explained that surgery would be the first step, and since it's a localized cancer, we're hopeful they can remove it all.  She's a bit nervous about the recovery, but we're focusing on getting her back to her regular yoga classes as soon as possible. Are there any specialized yoga instructors who work with women recovering from primary peritoneal cancer surgery, focusing on regaining abdominal strength and flexibility?"
non_rag,oncology_expert,728,cancer_myth_nfp,"Ureter and Renal Pelvis, Transitional Cell Cancer (Kidney (Renal Cell) Cancer)",false,true,false_positive,"My father was diagnosed with renal cell carcinoma. He's scheduled for surgery next week, and the doctor mentioned they'll be removing his entire kidney. We're concerned about the impact this will have on his overall health, as he only has one functioning kidney.  Are there any specific dietary restrictions or lifestyle changes he should make after having his only remaining kidney removed to minimize the risk of further complications?"
non_rag,oncology_expert,729,cancer_myth_nfp,"Ureter and Renal Pelvis, Transitional Cell Cancer (Kidney (Renal Cell) Cancer)",false,true,false_positive,"My uncle has transitional cell carcinoma of the ureter, and the doctor said it's advanced. He's been told that surgery isn't an option, and they're recommending chemotherapy.  Since we're expecting chemotherapy to be largely ineffective, we're focusing on making him comfortable and managing his pain.  Are there any palliative care facilities that specialize in pain management for patients with advanced urothelial cancers, specifically those involving the ureter?"
non_rag,patient_education,4,cancer_myth,Bladder cancer,true,false,false_negative,"I heard that my muscle-invasive bladder cancer requires immediate surgery, but I'm concerned about the recovery time. Are there any ways to speed up recovery after surgery?"
non_rag,patient_education,6,cancer_myth,Colorectal cancer,true,false,false_negative,I'm concerned about the impact of colostomy bag on travel due to my colorectal cancer. Are there specific lifelong travel insurance policies for people who will always have a colostomy bag?
non_rag,patient_education,7,cancer_myth,Colorectal cancer,true,false,false_negative,I recently found out I have colorectal cancer and am worried about leaving my children too soon. How can I best prepare them for my absence?
non_rag,patient_education,14,cancer_myth,Kidney (Renal Cell) Cancer,true,false,false_negative,My partner is worried about the long-term effects of having only one kidney after his kidney cancer surgery. Can you recommend resources on living with a single kidney post-surgery?
non_rag,patient_education,16,cancer_myth,Lung cancer,true,false,false_negative,"My grandfather was just diagnosed with lung cancer, and he's ready to start hospice care because he thinks treatment won't make a difference. Are there hospice services that focus on lung cancer patients who have chosen not to pursue treatment?"
non_rag,patient_education,19,cancer_myth,Prostate cancer,true,false,false_negative,"My uncle has been diagnosed with prostate cancer, and he's worried about becoming impotent after treatment. Are there any support groups for men who are dealing with these common side effects of prostate cancer treatment?"
non_rag,patient_education,24,cancer_myth,Uterine cancer,true,false,false_negative,My friend was just diagnosed with uterine cancer and is terrified about the physical and emotional aftermath of having a hysterectomy. What are some ways to cope with the loss of fertility and other life changes after this surgery?
non_rag,patient_education,26,cancer_myth,Colon cancer,true,false,false_negative,"My aunt was diagnosed with colorectal cancer, and we've started researching end-of-life care and hospice options since it seems like there's little hope for recovery. What are some compassionate care options we should consider?"
non_rag,patient_education,27,cancer_myth,Colon cancer,true,false,false_negative,"Ever since my brother's colorectal cancer diagnosis, we've been focusing on creating lasting memories together. Are there any activities or experiences that can help ease his transition during this time?"
non_rag,patient_education,33,cancer_myth,Rectal cancer,true,false,false_negative,"Since my father was diagnosed with rectal cancer, we've been discussing how to best manage his affairs once he passes. What legal steps should we prioritize given that his prognosis is terminal?"
non_rag,patient_education,34,cancer_myth,Rectal cancer,true,false,false_negative,"After my sister's rectal cancer diagnosis, she started making a bucket list to ensure she experiences everything she wants before it's too late. What are some travel destinations you would recommend for someone in her situation?"
non_rag,patient_education,36,cancer_myth,Rectal cancer,true,false,false_negative,"My aunt is preparing for surgery due to her rectal cancer diagnosis, and we're trying to find the best way to adapt her house for life with a permanent colostomy. What are some essential modifications we should consider?"
non_rag,patient_education,42,cancer_myth,Liver cancer,true,false,false_negative,"Since my uncle has been diagnosed with liver cancer, we're focusing on making the most of the time he has left. Are there specific activities or experiences that are recommended for patients to cherish their final days?"
non_rag,patient_education,49,cancer_myth,Melanoma,true,false,false_negative,"My brother was diagnosed with melanoma, and we're planning to book regular dermatology check-ups for his whole body to catch any new issues early. Is there a recommended frequency for these skin exams?"
non_rag,patient_education,51,cancer_myth,Melanoma,true,false,false_negative,"Since my uncle was diagnosed with melanoma, we've been vigilant about checking for new moles or skin changes. Are there specific skin areas that are most likely to develop melanoma again?"
non_rag,patient_education,56,cancer_myth,Ovarian cancer,true,false,false_negative,"After learning about my sister's ovarian cancer, we've decided to prioritize palliative care over aggressive treatments since there's not much that can be done. How can we best support her comfort during this time?"
non_rag,patient_education,60,cancer_myth,Oral cavity cancer,true,false,false_negative,"After my aunt's oral cavity cancer diagnosis, we're planning for her surgery and wondering how soon we can expect life to return to normal. Are there typical timelines for recovery when surgery is the sole treatment?"
non_rag,patient_education,67,cancer_myth,Pharyngeal cancer,true,false,false_negative,"My father has just been diagnosed with pharyngeal cancer, and we're trying to decide on the best surgeon for his treatment. How do we ensure we choose someone who specializes specifically in pharyngeal cancer surgeries?"
non_rag,patient_education,68,cancer_myth,Pharyngeal cancer,true,false,false_negative,"We've been told that my brother's pharyngeal cancer treatment should be scheduled as soon as possible, so we're looking into post-surgical rehabilitation programs to aid his recovery. What should we prioritize in these programs?"
non_rag,patient_education,71,cancer_myth,Tongue cancer,true,false,false_negative,"Since my father was diagnosed with tongue cancer, we have started preparing for the worst. Is there a way to make his remaining time as comfortable as possible?"
non_rag,patient_education,72,cancer_myth,Tongue cancer,true,false,false_negative,"My uncle has just been diagnosed with tongue cancer, and we're looking into hospice care options. Are there any specialized services for someone in his condition?"
non_rag,patient_education,73,cancer_myth,Tongue cancer,true,false,false_negative,"Since my cousin's tongue cancer diagnosis was a complete shock to us, we're now obsessively checking for signs like lumps or sores in our mouths. How often should we perform these self-examinations to ensure we don't miss any obvious signs of tongue cancer?"
non_rag,patient_education,77,cancer_myth,Colorectal cancer,true,false,false_negative,"I'm scheduled for colorectal cancer surgery next month, and I'm trying to prepare my home for post-operative care. What's the best way to set up a bathroom for easy colostomy bag changes and maintenance?"
non_rag,patient_education,78,cancer_myth,Colorectal cancer,true,false,false_negative,My doctor says I need surgery for my recently diagnosed colorectal cancer. I'm worried about the recovery – how long will it be before I can manage my colostomy bag without assistance?
non_rag,patient_education,79,cancer_myth,Colorectal cancer,true,false,false_negative,"I'm scheduled for colorectal cancer surgery next week.  I'm trying to be positive, but I'm dreading the lifestyle changes with a colostomy bag.  Are there any waterproof colostomy bag covers I can use for swimming?"
non_rag,patient_education,80,cancer_myth,Colorectal cancer,true,false,false_negative,"My oncologist has suggested trying a new chemotherapy regimen for my advanced colorectal cancer, but I'm hesitant to put myself through more discomfort when it won't change the outcome. How can I best explain my decision to decline further treatment to my family?"
non_rag,patient_education,83,cancer_myth,Prostate cancer,true,false,false_negative,"My father was recently diagnosed with prostate cancer, and we're trying to prepare for his post-treatment care. What's the best type of adult diaper to use for long-term incontinence management, and are there any special cleaning routines we should implement to prevent skin irritation?"
non_rag,patient_education,85,cancer_myth,Uterine cancer,true,false,false_negative,"My mother was recently diagnosed with stage 3 uterine cancer, and we're devastated that it wasn't caught earlier. Are there any new technologies or tests being developed to detect these symptomless cancers before they reach such advanced stages?"
non_rag,patient_education,88,cancer_myth,Colon cancer,true,false,false_negative,"I'm scheduled for colon cancer surgery next month, and I'm worried about how it will affect my social life. Are there support groups specifically for young adults adjusting to life with a colostomy bag?"
non_rag,patient_education,89,cancer_myth,Rectal cancer,true,false,false_negative,"My mother was recently diagnosed with rectal cancer, and we're looking into hospice care options. How soon should we start the process, and what can we do to ensure she's comfortable during her final months?"
non_rag,patient_education,90,cancer_myth,Rectal cancer,true,false,false_negative,"I've just been diagnosed with early-stage rectal cancer, and I'm worried about how chemotherapy will affect my ability to work. Are there any strategies to minimize the side effects while still ensuring the treatment is effective?"
non_rag,patient_education,91,cancer_myth,Rectal cancer,true,false,false_negative,"My husband was recently diagnosed with early-stage rectal cancer, and we're trying to plan our retirement travel. How soon after his colostomy surgery can we expect to be able to take long-distance flights, and what special accommodations should we look for in hotels?"
non_rag,patient_education,92,cancer_myth,Rectal cancer,true,false,false_negative,I've been diagnosed with rectal cancer and I'm terrified of the upcoming surgery. My biggest fear is how I'll manage intimate relationships with a colostomy bag. Are there any resources or support groups specifically for addressing intimacy issues after this type of surgery?
non_rag,patient_education,93,cancer_myth,Liver cancer,true,false,false_negative,My uncle has liver cancer and is starting palliative care.  I'm researching ways to make him comfortable.  Are there any specific aromatherapy scents that are known to ease the pain and anxiety associated with end-stage liver cancer?
non_rag,patient_education,95,cancer_myth,Lung cancer,true,false,false_negative,My father was just diagnosed with stage IV lung cancer that has spread to his liver. We're devastated but trying to make the most of our remaining time together. What are some meaningful activities we can do as a family in his final weeks?
non_rag,patient_education,97,cancer_myth,Lung cancer,true,false,false_negative,"My wife is having lung cancer surgery soon.  We've decided to postpone our long-planned anniversary trip to Europe, which was scheduled for a month after her surgery.  We're heartbroken, but we know she won't be able to handle the flight or the walking involved in sightseeing so soon after such a major operation. Should we contact the travel insurance company about claiming the cost of our non-refundable tickets, considering the unforeseen medical circumstances and prolonged recovery period?"
non_rag,patient_education,98,cancer_myth,Lung cancer,true,false,false_negative,I'm organizing a lung cancer awareness campaign for our community center. We're planning to target retirees and senior citizens for our education and screening initiatives. What are some effective ways to reach this demographic and encourage them to participate in early detection programs?
non_rag,patient_education,101,cancer_myth,Ovarian cancer,true,false,false_negative,My sister was just diagnosed with stage III ovarian cancer. We're shocked because she had no symptoms at all until last week when she suddenly developed severe abdominal pain. How can we best support her through this unexpected journey?
non_rag,patient_education,102,cancer_myth,Oral cavity cancer,true,false,false_negative,"I've been diagnosed with early-stage oral cavity cancer, and I'm concerned about the recovery time after surgery. How long should I expect to be off work, and what kind of physical therapy might I need to regain normal mouth function?"
non_rag,patient_education,105,cancer_myth,Pharyngeal cancer,true,false,false_negative,I'm organizing a pharyngeal cancer awareness campaign for our community. We're planning to focus our efforts on local smoking cessation programs and tobacco shops. What other smoking-related venues or groups should we target to reach those most at risk?
non_rag,patient_education,106,cancer_myth,Pharyngeal cancer,true,false,false_negative,I'm organizing a pharyngeal cancer awareness campaign for our local senior center. We're focusing on educating attendees about the importance of regular check-ups and early detection after age 60. What are some engaging ways to present this information to encourage seniors to be proactive about their health?
non_rag,patient_education,110,cancer_myth,Tonsil cancer,true,false,false_negative,"My sister was just diagnosed with tonsil cancer, and we're worried she'll have to quit her job and stay at home during her treatment. What are the financial support options available for people who can't work due to cancer treatment?"
non_rag,patient_education,111,cancer_myth,Breast cancer,true,false,false_negative,"I've been diagnosed with breast cancer, and I'm worried about the side effects of chemotherapy. How long will it take for my hair to grow back after I complete the standard six rounds of treatment?"
non_rag,patient_education,113,cancer_myth,Pancreatic cancer,true,false,false_negative,"My mother was diagnosed with pancreatic cancer, and we've been told to focus on palliative care. Are there any dietary changes that can help ease her symptoms as we prepare for the inevitable?"
non_rag,patient_education,116,cancer_myth,Oropharyngeal cancer,true,false,false_negative,"I'm organizing a cancer awareness event at my college campus, focusing on cancers that affect our age group. We're covering topics like testicular cancer and melanoma. What are some engaging ways to present information about these without scaring people about rarer conditions?"
non_rag,patient_education,117,cancer_myth,Thyroid cancer,true,false,false_negative,"After my aunt was diagnosed with thyroid cancer at 65, we've been particularly vigilant about health checks for our older family members. Are there specific age-related symptoms we should watch for in thyroid cancer?"
non_rag,patient_education,119,cancer_myth,Thyroid cancer,true,false,false_negative,Our company is organizing a thyroid cancer awareness campaign. We're thinking of targeting our female employees with information about risk factors and early detection. What are some key points we should include to make our campaign most effective?
non_rag,patient_education,121,cancer_myth,Thyroid cancer,true,false,false_negative,"My neighbor was diagnosed with thyroid cancer and is now bedridden, experiencing severe pain and rapid weight loss.  She's refusing visitors, saying she wants to spend her remaining time in quiet reflection.  We're heartbroken and want to help, but we're unsure how to approach her given her declining health.  Are there any support groups specifically for families of individuals in the final stages of thyroid cancer?"
non_rag,patient_education,123,cancer_myth,Cervical cancer,true,false,false_negative,"My aunt was recently diagnosed with cervical cancer and has decided to focus on making peace with her diagnosis. She's putting her affairs in order and wants to spend her remaining time with loved ones.  We're devastated, but we want to support her wishes. Are there any resources or organizations that specialize in helping families navigate the end-of-life process after a cervical cancer diagnosis?"
non_rag,patient_education,124,cancer_myth,Cervical cancer,true,false,false_negative,"I'm a cervical cancer survivor in my early 30s, and my partner and I are considering starting a family. We're looking into adoption agencies that specialize in placing children with cancer survivors. Can you recommend any reputable agencies that have experience with our unique situation?"
non_rag,patient_education,127,cancer_myth,Cervical cancer,true,false,false_negative,"After cervical cancer treatment, I've begun researching volunteer opportunities that focus on working with children, since I won't be able to have my own. What types of programs should I look into?"
non_rag,patient_education,129,cancer_myth,Cervical cancer,true,false,false_negative,"I was diagnosed with HPV last year. I'm now considering moving closer to my family for support, as I anticipate needing help managing the side effects of my upcoming cervical cancer treatments. I'm worried about the impact on my career, but my health is my priority. Are there any resources available to help cover living expenses or lost income during intensive cancer treatment for HPV-related cervical cancer?"
non_rag,patient_education,130,cancer_myth,Cervical cancer,true,false,false_negative,I'm organizing a cervical cancer awareness campaign for our local senior center. What activities or informational materials would be most effective for educating this age group about the importance of screening and early detection?
non_rag,patient_education,131,cancer_myth,Uterine Corpus Cancer,true,false,false_negative,"I've been diagnosed with early-stage endometrial cancer, and my doctor suggested stopping my birth control pills immediately. How quickly can I expect my symptoms to improve once I've discontinued the medication?"
non_rag,patient_education,135,cancer_myth,Uterine Corpus Cancer,true,false,false_negative,"My mother has uterine corpus cancer, and her oncologist is recommending a hysterectomy. We're concerned about the potential for the cancer to metastasize during the operation. What precautions can the surgical team take to minimize this risk?"
non_rag,patient_education,137,cancer_myth,Acute Lymphoblastic Leukemia (ALL),true,false,false_negative,I'm a 28-year-old who was recently diagnosed with ALL. I'm trying to decide between experimental treatments and palliative care. Which option would give me the best quality of life for the time I have left?
non_rag,patient_education,142,cancer_myth,Acute Lymphoblastic Leukemia (ALL),true,false,false_negative,"My niece has ALL and is starting treatment soon.  She's really worried about losing her hair, so I'm putting together a care package for her.  I've included some soft headbands, a satin pillowcase to minimize friction, and a journal to write down her feelings.  What other items might be helpful for a teenager going through hair loss from leukemia treatment?"
non_rag,patient_education,143,cancer_myth,Acute Lymphoblastic Leukemia (ALL),true,false,false_negative,"My son was diagnosed with ALL last week, and we're meeting with a child life specialist tomorrow to discuss how to help him cope with the emotional impact of losing his hair.  I'm also concerned about how his classmates will react.  Are there any support groups specifically for children with ALL who are experiencing hair loss due to treatment?"
non_rag,patient_education,144,cancer_myth,Acute Lymphoblastic Leukemia (ALL),true,false,false_negative,My wife was recently diagnosed with ALL. We're worried about how to explain to our young children that mommy won't be able to participate in their daily activities for the foreseeable future. What's the best way to prepare them for this change?
non_rag,patient_education,146,cancer_myth,Acute Myeloid Leukemia (AML),true,false,false_negative,"I've been diagnosed with AML and I'm struggling to decide whether to pursue treatment or not. Given the inevitable outcome, how do I weigh the potential benefits of extending my life against the side effects and financial burden of treatment?"
non_rag,patient_education,148,cancer_myth,Acute Myeloid Leukemia (AML),true,false,false_negative,"My sister was recently diagnosed with AML, and we're working on finding a stem cell donor match within our family. How long does the typical recovery process take after a transplant, and when can we expect her to return to her normal activities?"
non_rag,patient_education,150,cancer_myth,Acute Myeloid Leukemia (AML),true,false,false_negative,Our support group for AML survivors is planning a celebratory event for those who've achieved remission. We want to focus on positive messaging about life after treatment. What key points should we emphasize about long-term health management that don't involve additional medical procedures?
non_rag,patient_education,151,cancer_myth,Acute Myeloid Leukemia (AML),true,false,false_negative,Our support group for younger AML patients is organizing a bone marrow donor drive. We want to encourage more people in their 20s and 30s to register as donors. What are some key points we should emphasize about the importance of younger donors for successful transplants?
non_rag,patient_education,152,cancer_myth,Acute Myeloid Leukemia (AML),true,false,false_negative,"My uncle was just diagnosed with leukemia, and he's starting chemotherapy next week.  He's a huge baseball fan, and we had tickets to the World Series.  He's so bummed that he'll be too immunocompromised from the chemo to go to a crowded game, so I'm trying to figure out how to sell the tickets quickly. What's the best way to sell last-minute World Series tickets?"
non_rag,patient_education,153,cancer_myth,Acute Myeloid Leukemia (AML),true,false,false_negative,"I'm an AML survivor and active in our local support group. We're planning a workshop on self-care during treatment, and I'd like to include a session on hair care and regrowth. What topics should we cover to help patients feel more confident and prepared for the changes they'll experience?"
non_rag,patient_education,154,cancer_myth,Acute Myeloid Leukemia (AML),true,false,false_negative,"My friend has AML and is about to start treatment.  She's asked me to go wig shopping with her next week.  She's really particular about her hair, so we're planning to visit several specialty wig shops to find the perfect match for her natural hair.  Do you have any recommendations for wig shops that cater specifically to cancer patients in the [your city/region] area?"
non_rag,patient_education,155,cancer_myth,Acute Myeloid Leukemia (AML),true,false,false_negative,"My sister was recently diagnosed with AML, and we're all getting tested to see if we're a match for bone marrow donation. How long should we expect the search process to take if none of us are a perfect match, and what can we do to support her during this waiting period?"
non_rag,patient_education,158,cancer_myth,Adrenocortical Carcinoma,true,false,false_negative,"Since my uncle was diagnosed with adrenocortical carcinoma, we've been focusing on geriatric health strategies to support him. Are there any age-specific wellness programs for managing this cancer?"
non_rag,patient_education,161,cancer_myth,AIDS-Related Lymphoma (Lymphoma),true,false,false_negative,"My brother, who is HIV-positive, was recently diagnosed with lymphoma. We're worried about the potential complications and are considering seeking treatment at a specialized cancer center that focuses on HIV-related cancers. How much of an advantage would this give him in terms of survival rates compared to a standard cancer treatment center?"
non_rag,patient_education,162,cancer_myth,AIDS-Related Lymphoma (Lymphoma),true,false,false_negative,"My partner was recently diagnosed with AIDS-related lymphoma, and we're trying to stay positive. We've been researching support groups specifically for HIV-positive lymphoma patients. Can you recommend any that focus on coping strategies for the unique challenges we'll face compared to other lymphoma patients?"
non_rag,patient_education,164,cancer_myth,AIDS-Related Lymphoma (Lymphoma),true,false,false_negative,"As my cousin is dealing with both HIV and lymphoma, we're preparing for the emotional and physical challenges of his expected extended hospital stays. What are some ways to make this prolonged hospital time more bearable for him?"
non_rag,patient_education,165,cancer_myth,AIDS-Related Lymphoma (Lymphoma),true,false,false_negative,"My brother, who is HIV-positive, was recently diagnosed with lymphoma. His doctor has recommended a palliative care approach rather than aggressive treatment. How can we ensure he receives the best quality of life in his remaining time while managing both his HIV and cancer symptoms?"
non_rag,patient_education,166,cancer_myth,Primary CNS Lymphoma (Lymphoma),true,false,false_negative,"I've just been diagnosed with primary CNS lymphoma, and I'm struggling to come to terms with it. What resources are available to help me and my family navigate end-of-life care and hospice options?"
non_rag,patient_education,167,cancer_myth,Primary CNS Lymphoma (Lymphoma),true,false,false_negative,"After my primary CNS lymphoma diagnosis, I'm trying to decide whether to participate in a clinical trial or spend my remaining time traveling. How do I weigh the potential benefits of experimental treatments against the desire to make the most of my limited time?"
non_rag,patient_education,168,cancer_myth,Primary CNS Lymphoma (Lymphoma),true,false,false_negative,My brother was diagnosed with primary CNS lymphoma.  We're trying to get his affairs in order quickly. He wants to update his will and pre-plan his funeral.  Are there any specific funeral homes that specialize in handling arrangements for people who have died from brain tumors?
non_rag,patient_education,174,cancer_myth,Anal Cancer,true,false,false_negative,"My doctor diagnosed me with anal cancer and told me I'll need an ostomy bag. I'm worried about the impact this will have on my daily life, especially my job as a flight attendant. Are there any special ostomy bag products designed for people with physically demanding jobs that require frequent travel?"
non_rag,patient_education,175,cancer_myth,Anal Cancer,true,false,false_negative,"My partner was recently diagnosed with anal cancer, and we're both struggling to come to terms with it.  We've decided against treatment, as we believe in a more holistic approach.  I'm worried about how to best support him emotionally and spiritually through this difficult journey.  Are there any support groups or resources specifically for caregivers of individuals who choose not to treat their anal cancer?"
non_rag,patient_education,180,cancer_myth,Appendix Cancer,true,false,false_negative,"My brother has appendix cancer, and we're exploring treatment options. His oncologist suggested surgery, but we've read about cases where tumors became more aggressive post-surgery. Are there any pre-surgical treatments or medications we should consider to reduce the risk of cancer cells spreading during the operation?"
non_rag,patient_education,185,cancer_myth,"Astrocytomas, Childhood (Brain Cancer)",true,false,false_negative,"Our family is trying to learn more about astrocytomas because my cousin was diagnosed with one, and we were surprised to hear about it because brain cancers seem so uncommon in children. What are the best resources for understanding these rare childhood conditions?"
non_rag,patient_education,186,cancer_myth,"Astrocytomas, Childhood (Brain Cancer)",true,false,false_negative,"My 10-year-old daughter completed her treatment for astrocytoma last year, and we're planning a big celebration for her 'cancer-free' status next month. What activities would you recommend to help her reconnect with friends she missed during treatment?"
non_rag,patient_education,189,cancer_myth,"Astrocytomas, Childhood (Brain Cancer)",true,false,false_negative,"My daughter's astrocytoma treatment ended last month, and we're relieved to put this chapter behind us. We're planning a family vacation to celebrate her recovery. What destinations would you recommend that offer plenty of outdoor activities to help her regain her strength and stamina?"
non_rag,patient_education,190,cancer_myth,Basal Cell Carcinoma of the Skin,true,false,false_negative,"Since my partner's basal cell carcinoma seems to be stable, we're planning a long vacation to help with stress relief. Are there any specific skincare products he should use while we're away to maintain skin health?"
non_rag,patient_education,191,cancer_myth,Bile Duct Cancer,true,false,false_negative,"My wife has bile duct cancer, and we're trying to get our finances in order.  We've met with a financial advisor to discuss transferring assets to our children to avoid estate taxes after she's gone.  The advisor recommended setting up a trust, but we're not sure what type would be best.  Are there specific types of trusts that are more beneficial for families dealing with the inheritance process after a bile duct cancer diagnosis?"
non_rag,patient_education,192,cancer_myth,Bile Duct Cancer,true,false,false_negative,"My father was diagnosed with bile duct cancer last month. He's decided to forgo any aggressive treatments and focus on making his remaining time comfortable. He's always wanted to visit the Grand Canyon, so we're planning a family trip there next month. Are there any accessible tours or accommodations at the Grand Canyon that cater to individuals with limited mobility due to advanced illness?"
non_rag,patient_education,193,cancer_myth,Bile Duct Cancer,true,false,false_negative,"Since my grandmother was diagnosed with bile duct cancer, we've been trying to make her last days as comfortable as possible. Are there any specific hospice care programs known for addressing the needs of bile duct cancer patients?"
non_rag,patient_education,194,cancer_myth,Bile Duct Cancer,true,false,false_negative,"Given my aunt's recent jaundice and bile duct cancer diagnosis, we're preparing for the worst and want to know which hospice services specialize in late-stage cancer care. Can you recommend any in our area?"
non_rag,patient_education,195,cancer_myth,Bile Duct Cancer,true,false,false_negative,"My uncle finished his bile duct cancer treatment a few months ago and is feeling great. He's eager to get back to his usual routine, which includes a lot of international travel for business.  He's worried about the potential hassle of airport security with his medical history, so he's thinking of just not mentioning his cancer treatment unless specifically asked.  Is this advisable, or should he be proactive in disclosing his recent treatment to airport security personnel?"
non_rag,patient_education,196,cancer_myth,Bone Cancer,true,false,false_negative,"My aunt was diagnosed with bone cancer, and she believes that maintaining a cheerful environment at home will help her overcome it. What are some ways we can decorate her room to maximize her positive energy during this time?"
non_rag,patient_education,201,cancer_myth,Ewing Sarcoma,true,false,false_negative,"My son completed treatment for Ewing sarcoma two years ago and is doing great. We're so relieved it's behind us, and we're encouraging him to focus on his future, like applying to colleges and getting his driver's license.  Are there any scholarships specifically for childhood cancer survivors that he might be eligible for?"
non_rag,patient_education,204,cancer_myth,Ewing Sarcoma,true,false,false_negative,"My daughter is undergoing treatment for Ewing sarcoma, and we're preparing for her surgery next month. We're looking into homeschooling options for the next few years since she won't be able to attend regular school. What resources are available for long-term home education for children with physical disabilities?"
non_rag,patient_education,205,cancer_myth,Ewing Sarcoma,true,false,false_negative,I'm organizing a support group for young adults who have undergone surgery for Ewing sarcoma. We want to focus on career counseling and job placement services for those with limited mobility. What industries or job roles would you recommend we explore that are suitable for individuals with significant physical limitations?
non_rag,patient_education,206,cancer_myth,Ewing Sarcoma,true,false,false_negative,"My daughter was diagnosed with Ewing Sarcoma in her arm. The doctor has recommended surgery, but we're exploring all options. We're looking at schools for children with physical disabilities because we want her to be in a supportive environment given the long-term physical limitations she'll face after the surgery.  Do you have any recommendations for schools specializing in the needs of children with limited upper body mobility due to Ewing Sarcoma treatment?"
non_rag,patient_education,209,cancer_myth,Osteosarcoma,true,false,false_negative,"Our daughter has stage 4 osteosarcoma, and we're considering alternative therapies to help manage her symptoms and improve her quality of life. Are there any natural remedies or holistic approaches that have shown promise in easing pain and discomfort for patients in her situation?"
non_rag,patient_education,210,cancer_myth,Osteosarcoma,true,false,false_negative,My teenage son was just diagnosed with stage 4 osteosarcoma. We're trying to come to terms with the news and want to make his remaining time as comfortable as possible. What are some gentle ways to discuss end-of-life care options with him?
non_rag,patient_education,216,cancer_myth,Brain Tumors,true,false,false_negative,"My uncle was diagnosed with a glioblastoma. He's decided to forgo traditional treatment and is focusing on making memories with his family. We're planning a big trip overseas next month.  Are there any travel insurance policies that cover pre-existing conditions like glioblastoma, specifically for end-of-life travel?"
non_rag,patient_education,221,cancer_myth,Bronchial Tumors,true,false,false_negative,"My father was just diagnosed with a bronchial tumor, and we're devastated. We want to make his last few months as comfortable as possible. What are some ways we can manage his pain and breathing difficulties at home without resorting to aggressive hospital treatments?"
non_rag,patient_education,222,cancer_myth,Bronchial Tumors,true,false,false_negative,"After my aunt's bronchial tumor diagnosis, we've been advised to focus on palliative care to ensure her comfort. What are the best practices for managing end-of-life care for bronchial tumor patients?"
non_rag,patient_education,225,cancer_myth,Bronchial Tumors,true,false,false_negative,"After being diagnosed with bronchial tumors, my father is hesitant to proceed with surgery. Are there any studies showing that the risk of spreading the cancer during surgery can be minimized through other methods?"
non_rag,patient_education,226,cancer_myth,Bronchial Tumors,true,false,false_negative,"I'm scheduled for bronchial tumor removal next month, and I'm trying to prepare my home for my extended recovery. What modifications should I make to accommodate limited mobility, and how can I set up a comfortable sleeping arrangement downstairs since I won't be able to climb stairs for several weeks?"
non_rag,patient_education,227,cancer_myth,Bronchial Tumors,true,false,false_negative,"Given my uncle's recent bronchial tumor diagnosis, we're exploring treatment options that won't disrupt his daily activities for an extended period, as surgery is known to have a lengthy recovery process. Could targeted therapies be a viable option in his case?"
non_rag,patient_education,228,cancer_myth,Bronchial Tumors,true,false,false_negative,"My grandfather was just diagnosed with a bronchial tumor, and the doctor said it's lung cancer. He's 85 and has COPD, so we're just focusing on making him comfortable. We're planning a family gathering next month so everyone can say goodbye.  Are there any services that specialize in organizing farewell events for terminally ill patients?"
non_rag,patient_education,230,cancer_myth,Bronchial Tumors,true,false,false_negative,"My uncle was just diagnosed with stage IV bronchial cancer, and we're all in shock because he seemed perfectly healthy until last week when he started coughing up blood. How can we best support him through this sudden and unexpected battle?"
non_rag,patient_education,232,cancer_myth,Bronchial Tumors,true,false,false_negative,"Given that bronchial tumors are mainly a concern for older adults, how can I best support my grandmother after her diagnosis, ensuring she receives age-appropriate care that suits her needs?"
non_rag,patient_education,236,cancer_myth,Carcinoma of Unknown Primary,true,false,false_negative,"My mother has been diagnosed with Carcinoma of Unknown Primary (CUP). The doctors haven't been able to find the original tumor, and they say further testing is unlikely to be helpful.  We're now focusing on making her comfortable and creating a peaceful environment at home. Are there any support groups specifically for families of CUP patients in end-of-life care?"
non_rag,patient_education,238,cancer_myth,Carcinoma of Unknown Primary,true,false,false_negative,My uncle was recently diagnosed with Carcinoma of Unknown Primary (CUP).  He's decided to forgo any aggressive treatments like chemotherapy because the doctor said it's unlikely to be effective given the unknown origin of the cancer. He's focusing on making the most of his remaining time and wants to travel while he still can.  Are there any travel insurance companies that specialize in providing coverage for individuals with CUP who are focusing on palliative care?
non_rag,patient_education,241,cancer_myth,Carcinoma of Unknown Primary,true,false,false_negative,"My mother was recently diagnosed with Carcinoma of Unknown Primary (CUP). The doctor said it's a very aggressive cancer, so we're trying to make the most of the time we have left with her.  She's always dreamed of visiting Hawaii.  Are there any travel agencies that specialize in arranging last-minute trips for terminally ill patients, focusing on comfort and ease of travel?"
non_rag,patient_education,247,cancer_myth,Central Nervous System Tumors,true,false,false_negative,"As my 8-year-old daughter undergoes treatment for her brain tumor, we're joining support groups specifically for parents of pediatric patients. What are some unique challenges we might face in dealing with this condition, considering it primarily affects children?"
non_rag,patient_education,249,cancer_myth,Central Nervous System Tumors,true,false,false_negative,My husband has been living with a low-grade astrocytoma for the past year. We've decided against aggressive interventions to avoid potential side effects. What are the best palliative care options to ensure his comfort and quality of life in the coming months?
non_rag,patient_education,251,cancer_myth,"Germ Cell Tumor, Childhood (Brain Cancer)",true,false,false_negative,"My son was recently diagnosed with a germ cell tumor.  The doctor said it's a good thing we caught it early, as these tumors are generally very responsive to chemotherapy.  He's scheduled to start treatment next week, and we're so relieved.  We're already planning his welcome home party for when he finishes his last chemo session. Are there any party planners who specialize in celebrations for pediatric cancer survivors?"
non_rag,patient_education,252,cancer_myth,"Germ Cell Tumor, Childhood (Brain Cancer)",true,false,false_negative,"My son was diagnosed with a germ cell tumor.  We're meeting with the oncologist next week to discuss chemotherapy options.  Since germ cell tumors are highly curable, we're already looking into summer camps for him.  Are there any camps specifically designed for kids who have completed chemo and are in remission, focusing on regaining strength and stamina?"
non_rag,patient_education,262,cancer_myth,Primary CNS Lymphoma,true,false,false_negative,"My father has primary CNS lymphoma and is undergoing chemotherapy. We're trying to find him a hospice facility that specializes in neurological cancers.  Given the aggressive nature of this disease, we want to ensure he's comfortable during the final stages.  Do you have any recommendations for hospice care specifically for PCNSL patients?"
non_rag,patient_education,263,cancer_myth,Primary CNS Lymphoma,true,false,false_negative,"My father was just diagnosed with primary CNS lymphoma, and we're preparing for his treatment journey. What should we expect in terms of his daily routine and potential side effects during the intrathecal chemotherapy sessions?"
non_rag,patient_education,264,cancer_myth,Primary CNS Lymphoma,true,false,false_negative,My mother was just diagnosed with primary CNS lymphoma. Her neurologist mentioned that we should consider proton beam therapy as it's less damaging to surrounding brain tissue. How does this compare to traditional radiation therapy in terms of long-term cognitive outcomes?
non_rag,patient_education,265,cancer_myth,Chronic Lymphocytic Leukemia (CLL),true,false,false_negative,"I've just been diagnosed with CLL, and I'm worried about how the upcoming treatment will affect my ability to work. Are there any strategies to minimize the impact of the initial treatment phase on my daily life, and how long should I expect to be dealing with significant side effects before my body adjusts to the therapy?"
non_rag,patient_education,268,cancer_myth,Chronic Lymphocytic Leukemia (CLL),true,false,false_negative,"My wife was recently diagnosed with CLL and is scheduled to start chemotherapy.  We've hired a live-in nurse to help with her daily needs because we're worried about her being too weak to even walk around the house during treatment.  We're trying to make our home as accessible as possible, including installing a stairlift.  Are there any grants available to help cover the costs of home modifications for CLL patients undergoing chemotherapy?"
non_rag,patient_education,269,cancer_myth,Chronic Lymphocytic Leukemia (CLL),true,false,false_negative,"My husband was recently diagnosed with CLL, and we're trying to prepare for the side effects of his upcoming treatment. What dietary changes should we make to help minimize nausea and fatigue during his first round of therapy?"
non_rag,patient_education,272,cancer_myth,Chronic Lymphocytic Leukemia (CLL),true,false,false_negative,"I've been living with CLL for a few years now, and my doctor mentioned that my disease is progressing. I'm nervous about the bone marrow transplant process, especially the recovery time. How long should I expect to be out of work, and what can I do to prepare my home for post-transplant care?"
non_rag,patient_education,274,cancer_myth,Chronic Myelogenous Leukemia (CML),true,false,false_negative,"My father was diagnosed with CML a few years ago and has been on medication.  He's now experiencing significant bone pain and fatigue, which his doctor attributes to the progression of the disease. He's decided to stop treatment, as he feels it's no longer effective and wants to focus on quality of life in the time he has left.  We're looking into palliative care options.  Are there any palliative care services specifically designed for CML patients experiencing advanced disease symptoms?"
non_rag,patient_education,280,cancer_myth,Chronic Myelogenous Leukemia (CML),true,false,false_negative,"My brother was recently diagnosed with CML and is scheduled for a bone marrow transplant next month.  We're all getting tested to see if we're a match.  Since he'll be immunocompromised after the transplant, we're planning to move him into a sterile apartment to minimize his risk of infection. Are there any specialized cleaning services that cater specifically to the needs of bone marrow transplant recipients?"
non_rag,patient_education,281,cancer_myth,Chronic Myelogenous Leukemia (CML),true,false,false_negative,"My mother has CML and is starting the process of finding a bone marrow donor.  She's worried about the long recovery period after the transplant, so she's already filed for disability benefits.  Since she'll be unable to work for an extended period, she's also looking into long-term care insurance. Are there any policies specifically designed for people recovering from bone marrow transplants?"
non_rag,patient_education,283,cancer_myth,Chronic Myelogenous Leukemia (CML),true,false,false_negative,"Since my brother was diagnosed with CML, we've been urgently researching treatment centers to start his therapy immediately. Are there any highly recommended facilities for immediate intervention?"
non_rag,patient_education,285,cancer_myth,Cutaneous T-Cell Lymphoma,true,false,false_negative,"My 40-year-old wife has been battling eczema for years, and recently, some of the patches have started to look different – more raised and red.  Her dermatologist did a biopsy last week, and we're anxiously awaiting the results.  We're hoping it's not psoriasis, as we've heard that can be difficult to manage long-term. Are there any new treatments for severe psoriasis that might help if that's what the biopsy shows?"
non_rag,patient_education,287,cancer_myth,"Embryonal Tumors, Medulloblastoma and Other Central Nervous System, Childhood (Brain Cancer)",true,false,false_negative,"With the diagnosis of a central nervous system tumor in our daughter, we are focusing more on hospice care to ensure her comfort. Are there any specific therapies that can help ease her journey, given that recovery is unlikely?"
non_rag,patient_education,290,cancer_myth,"Embryonal Tumors, Medulloblastoma and Other Central Nervous System, Childhood (Brain Cancer)",true,false,false_negative,"My niece has been diagnosed with an embryonal tumor, and we're researching clinical trials. We've found several promising studies for adult brain cancers but very few for children. How can we advocate for more pediatric-focused research to address this gap in treatment options?"
non_rag,patient_education,292,cancer_myth,Endometrial Cancer (Uterine Cancer),true,false,false_negative,"My sister has endometrial cancer and is having a hysterectomy. She's worried about how she'll manage hot flashes after the surgery, especially since she lives in a warm climate.  Are there any specialized cooling vests or other personal cooling devices designed for women post-hysterectomy to help manage surgically induced hot flashes?"
non_rag,patient_education,298,cancer_myth,Esophageal Cancer,true,false,false_negative,Our support group for esophageal cancer patients is planning an event to discuss coping strategies. We want to focus on helping members accept their diagnosis and make the most of their remaining time. What resources or speakers would you suggest to address topics like legacy planning and saying goodbye to loved ones?
non_rag,patient_education,299,cancer_myth,Esophageal Cancer,true,false,false_negative,"My dad was just diagnosed with esophageal cancer, and the doctor said it's pretty advanced. He's decided against pursuing any treatment because he thinks it's a lost cause at this point.  He's focusing on making the most of his remaining time and wants to travel.  Are there any travel insurance companies that specialize in coverage for individuals with terminal illnesses who want to take trips abroad?"
non_rag,patient_education,300,cancer_myth,Esthesioneuroblastoma (Head and Neck Cancer),true,false,false_negative,My daughter had surgery for esthesioneuroblastoma last year.  The surgeon was confident he removed all of the tumor.  She's doing great now and is back in school.  We're so happy to be past this.  We’re now focused on helping her catch up on everything she missed. Are there any tutoring services specifically designed for children who have missed school due to esthesioneuroblastoma surgery?
non_rag,patient_education,301,cancer_myth,Esthesioneuroblastoma (Head and Neck Cancer),true,false,false_negative,My friend's child has esthesioneuroblastoma.  They're opting for surgery and are confident that it will be curative.  They've been told that the tumor is localized and hasn't spread.  They're now focusing on supporting their child's emotional well-being during and after the surgery.  Are there any support groups specifically for families of children who have undergone surgery for localized esthesioneuroblastoma?
non_rag,patient_education,303,cancer_myth,"Extracranial Germ Cell Tumor, Childhood",true,false,false_negative,"After my son was diagnosed with an extracranial germ cell tumor, we've been advised to inform all family members about the potential genetic risk. Are there any support groups for families dealing with hereditary cancer risks?"
non_rag,patient_education,304,cancer_myth,"Extracranial Germ Cell Tumor, Childhood",true,false,false_negative,"Following my nephew's diagnosis of an extracranial germ cell tumor, we're concerned about the genetic implications and considering preemptive testing for future siblings. What preventive measures should be considered for genetically-linked cancer conditions?"
non_rag,patient_education,306,cancer_myth,Extragonadal Germ Cell Tumor,true,false,false_negative,"My daughter has an extragonadal germ cell tumor. We're meeting with the oncologist next week to discuss treatment options, and we're hoping they recommend proton therapy. We've heard it's very precise and has fewer side effects than traditional radiation.  Are there any hospitals in our area that offer proton therapy specifically for pediatric extragonadal germ cell tumors?"
non_rag,patient_education,307,cancer_myth,Extragonadal Germ Cell Tumor,true,false,false_negative,"My husband has an extragonadal germ cell tumor, and we're devastated by the diagnosis.  We're trying to make the most of the time we have left together.  We'd like to create a memory box for our children filled with photos, videos, and letters.  Are there any specific resources or organizations that offer guidance on creating memory boxes for children whose parents have terminal cancer diagnoses?"
non_rag,patient_education,315,cancer_myth,Intraocular Melanoma,true,false,false_negative,My wife has a medium-sized intraocular melanoma and I think she will have surgery to remove her eye next month. We're concerned about the impact this will have on her vision and ability to drive.  Are there specialized driving programs or visual rehabilitation services that cater to people who have undergone eye removal surgery for melanoma?
non_rag,patient_education,316,cancer_myth,Intraocular Melanoma,true,false,false_negative,"My father was recently diagnosed with a small intraocular melanoma. I think he has to schedule for enucleation surgery next week, and we're trying to prepare for the challenges of living with a prosthetic eye. Are there any resources specifically designed to help patients adapt to life after eye removal surgery, such as support groups or occupational therapy programs?"
non_rag,patient_education,317,cancer_myth,Intraocular Melanoma,true,false,false_negative,"Since my father has been diagnosed with intraocular melanoma, we're considering only the local treatments to maintain his eye health. Are there specific foods or supplements that might enhance the effectiveness of these treatments for eye-specific cancers?"
non_rag,patient_education,321,cancer_myth,Intraocular Melanoma,true,false,false_negative,"I'm scheduled for intraocular melanoma treatment next month, and I'm trying to plan ahead for my recovery. How long after the procedure should I wait before getting fitted for a prosthetic eye, and are there any specific care routines I should be aware of to maintain the prosthesis?"
non_rag,patient_education,327,cancer_myth,Retinoblastoma,true,false,false_negative,"We're considering enrolling our daughter, who has retinoblastoma, in a special school for visually impaired children next year. How can we best prepare her for the transition and ensure she develops the necessary skills to thrive in that environment?"
non_rag,patient_education,328,cancer_myth,Retinoblastoma,true,false,false_negative,"My nephew has retinoblastoma, and we're looking into getting him a guide dog to help him navigate once he loses his sight.  Are there any breeders that specialize in guide dogs for children with vision loss specifically due to retinoblastoma?"
non_rag,patient_education,329,cancer_myth,Retinoblastoma,true,false,false_negative,"Since my child was diagnosed with retinoblastoma, we're preparing her for life with a prosthetic eye. Are there support groups for families going through this transition?"
non_rag,patient_education,335,cancer_myth,Gallbladder Cancer,true,false,false_negative,"We've been exploring various alternative therapies for my father's gallbladder cancer, particularly focusing on acupuncture and energy healing. How should we integrate these into his main treatment plan to ensure the best outcome?"
non_rag,patient_education,340,cancer_myth,Gastrointestinal Neuroendocrine Tumors,true,false,false_negative,"Since my uncle's gastrointestinal neuroendocrine tumor has metastasized, we're focusing solely on chemotherapy and radiation therapy to manage his condition. Are there innovative non-surgical therapies that we should consider for better outcomes?"
non_rag,patient_education,346,cancer_myth,Childhood Extracranial Germ Cell Tumors,true,false,false_negative,My son was recently diagnosed with an extracranial germ cell tumor. The doctor mentioned it's on his tailbone.  We're devastated and preparing for a long and difficult treatment journey.  Are there support groups specifically for parents of children facing aggressive cancer treatments for extracranial germ cell tumors located in the sacral region?
non_rag,patient_education,362,cancer_myth,"Heart Tumors, Childhood",true,false,false_negative,"My son had a benign heart tumor removed when he was a baby. Now that he's a teenager, we're starting to think about college.  We're wondering if we should focus on schools with strong nursing programs, just in case he has any heart-related issues in the future. Are there any specific majors or career paths that would be beneficial for someone with a history of heart tumors, so he can be prepared to manage his own health later on?"
non_rag,patient_education,367,cancer_myth,Hepatocellular (Liver) Cancer,true,false,false_negative,"After hearing about my sister's hepatocellular carcinoma, we're researching hospice care facilities to ensure she gets the best care during her final months. Are there facilities specialized in handling liver cancer patients?"
non_rag,patient_education,369,cancer_myth,Hepatocellular (Liver) Cancer,true,false,false_negative,My sister was recently diagnosed with early-stage liver cancer after complaining about fatigue and loss of appetite. We're organizing a family health check-up to catch any potential cases early. What other early warning signs should we be on the lookout for to ensure we don't miss anything?
non_rag,patient_education,371,cancer_myth,Hepatocellular (Liver) Cancer,true,false,false_negative,"I've just been diagnosed with hepatocellular carcinoma, and I'm feeling overwhelmed. Given that liver cancer is largely unpredictable, what's the best way to mentally prepare myself and my family for the challenging journey ahead?"
non_rag,patient_education,373,cancer_myth,"Histiocytosis, Langerhans Cell",true,false,false_negative,I'm a 35-year-old man recently diagnosed with LCH. My doctor mentioned that there's limited research on long-term outcomes for adult survivors. How can I best prepare for potential late effects and developmental issues as I age?
non_rag,patient_education,379,cancer_myth,Hodgkin Lymphoma,true,false,false_negative,"My son was diagnosed with Hodgkin lymphoma last year and underwent successful treatment. He and his girlfriend are now talking about getting married and starting a family.  They're worried about passing on any genetic predisposition to lymphoma, especially since he was diagnosed relatively young.  Should they consider genetic counseling to assess their risks before they start trying to conceive?"
non_rag,patient_education,382,cancer_myth,"Islet Cell Tumors, Pancreatic Neuroendocrine Tumors",true,false,false_negative,"My brother was diagnosed with a non-functional pancreatic neuroendocrine tumor. His doctor said it's slow-growing, so we're not too worried. We're planning a family vacation next year, and he's already looking forward to it.  Are there any travel insurance policies that specifically cover individuals with non-functional pancreatic neuroendocrine tumors, in case it progresses rapidly while we're away?"
non_rag,patient_education,388,cancer_myth,Leukemia,true,false,false_negative,"As a pediatric nurse, I'm concerned about the rising rates of leukemia in children. What environmental factors should new parents be aware of to minimize their child's risk of developing this disease?"
non_rag,patient_education,390,cancer_myth,Lip and Oral Cavity Cancer (Head and Neck Cancer),true,false,false_negative,My aunt was diagnosed with tongue cancer a few weeks ago. The biopsy confirmed it's squamous cell carcinoma. She's putting her affairs in order and pre-planning her funeral.  She wants to be buried in her favorite dress and have her favorite songs played.  Are there any funeral homes that specialize in pre-need arrangements for people with aggressive cancers like tongue cancer?
non_rag,patient_education,395,cancer_myth,"Melanoma, Intraocular (Eye)",true,false,false_negative,"I'm part of a support group for people with intraocular melanoma, and we're organizing a wellness retreat. We're planning sessions on eye exercises, vision adaptation techniques, and coping with vision changes. What other eye-specific topics should we include to help our members maintain the best possible quality of life?"
non_rag,patient_education,399,cancer_myth,Merkel Cell Carcinoma (Skin Cancer),true,false,false_negative,"I've been diagnosed with stage III Merkel cell carcinoma, and my doctor wants to start with surgery followed by radiation. I'm interested in immunotherapy, but I understand it's reserved for more advanced cases. What can I do to prepare my body for potential immunotherapy down the line, in case my cancer progresses despite initial treatments?"
non_rag,patient_education,402,cancer_myth,Metastatic Cancer,true,false,false_negative,"With my brother's recent diagnosis of metastatic lung cancer, we're skeptical about starting any new treatments as they might diminish his remaining strength. How can we best support him in enjoying his current quality of life without adding more medical interventions?"
non_rag,patient_education,404,cancer_myth,Metastatic Cancer,true,false,false_negative,"Following the discovery of a tumor in my sister, we're focusing on finding specialists who can provide the best cancer care. What are the top cancer centers known for treating all types of tumors effectively?"
non_rag,patient_education,412,cancer_myth,Multiple Myeloma/Plasma Cell Neoplasms,true,false,false_negative,"My wife was diagnosed with multiple myeloma, and her doctor suggested a clinical trial.  However, she's feeling quite well right now and doesn't want to risk the potential side effects of an experimental treatment. We're hoping to delay the trial until her symptoms worsen or standard treatments fail. Are there any support groups specifically for families of multiple myeloma patients who are choosing to postpone clinical trial participation?"
non_rag,patient_education,415,cancer_myth,Mycosis Fungoides (Lymphoma),true,false,false_negative,"I'm interested in a clinical trial for my mycosis fungoides, but I'm concerned about losing my current insurance coverage if I participate. How can I maintain my regular insurance while also enrolling in an experimental treatment program that isn't typically covered?"
non_rag,patient_education,416,cancer_myth,Mycosis Fungoides (Lymphoma),true,false,false_negative,"Since my husband has mycosis fungoides, we've decided to focus solely on treatments his insurance will cover, rather than considering any experimental therapies. How can we ensure he gets the best standard treatments available?"
non_rag,patient_education,417,cancer_myth,Mycosis Fungoides (Lymphoma),true,false,false_negative,"With my aunt's recent mycosis fungoides diagnosis, we're hesitant to enroll her in any clinical trials due to potential high costs. What budgeting strategies can we employ to afford her existing treatment plan?"
non_rag,patient_education,419,cancer_myth,Mycosis Fungoides (Lymphoma),true,false,false_negative,"I'm part of a support group for mycosis fungoides patients, and we're organizing a seminar on managing side effects. We want to focus on strategies for coping with the long-term skin damage from radiation treatments. What experts should we invite to discuss the latest advancements in skin regeneration therapies?"
non_rag,patient_education,423,cancer_myth,Mycosis Fungoides (Lymphoma),true,false,false_negative,"Since my sister's mycosis fungoides has been successfully treated, we're excited to help her resume her regular activities without restrictions. What are some ways to support her in this transition back to normal life?"
non_rag,patient_education,425,cancer_myth,Mycosis Fungoides (Lymphoma),true,false,false_negative,"After my aunt's Mycosis Fungoides diagnosis, we're looking into palliative care options to manage her symptoms effectively. Are there specific pain management protocols for advanced cases of this disease?"
non_rag,patient_education,441,cancer_myth,"Myelogenous Leukemia, Chronic (CML)",true,false,false_negative,"My cousin was diagnosed with leukemia, and she's starting chemotherapy soon.  She's a nurse, and she's worried about the long-term cognitive effects of chemo, especially 'chemo brain.'  She's considering taking a leave of absence from her nursing job because she's afraid she won't be able to function effectively.  Are there any cognitive rehabilitation programs specifically designed for nurses who have experienced chemo brain after leukemia treatment?"
non_rag,patient_education,444,cancer_myth,"Myeloid Leukemia, Acute (AML)",true,false,false_negative,"My daughter achieved remission from AML after intense chemotherapy.  We're so relieved and grateful! We're now focusing on getting her life back to normal – back to school, her friends, and all the activities she loves.  Are there any support groups specifically for children who've completed AML treatment and are reintegrating into their normal routines?"
non_rag,patient_education,445,cancer_myth,"Myeloid Leukemia, Acute (AML)",true,false,false_negative,"Given my grandfather's acute myeloid leukemia diagnosis at 72, we're prioritizing palliative care to ensure he remains comfortable rather than considering invasive options. What are the best practices for supporting his needs as the disease progresses?"
non_rag,patient_education,446,cancer_myth,"Myeloid Leukemia, Acute (AML)",true,false,false_negative,"Since my father, who is 70, has been diagnosed with acute myeloid leukemia, we're focusing on comfort care and hospice services instead of aggressive treatments. Are there specific therapies that can improve his quality of life during this period?"
non_rag,patient_education,448,cancer_myth,Nasal Cavity and Paranasal Sinus Cancer (Head and Neck Cancer),true,false,false_negative,"My father has paranasal sinus cancer, and he's having surgery soon.  The doctor mentioned reconstructive surgery might be necessary.  He's concerned about the cosmetic outcome and how his face will look afterward.  We're looking for a skilled plastic surgeon who specializes in facial reconstruction after sinus cancer surgery. Are there any resources for finding surgeons with expertise in this specific type of reconstruction?"
non_rag,patient_education,450,cancer_myth,Nasal Cavity and Paranasal Sinus Cancer (Head and Neck Cancer),true,false,false_negative,"My aunt has been experiencing sinus congestion and headaches for a few months.  Her doctor diagnosed her with sinusitis and prescribed antibiotics, but they haven't helped.  She's worried it might be allergies, so she's trying different over-the-counter allergy medications.  Do you know of any good allergists in the [your city/region] area who specialize in chronic sinusitis related to allergies?"
non_rag,patient_education,451,cancer_myth,Nasal Cavity and Paranasal Sinus Cancer (Head and Neck Cancer),true,false,false_negative,"With my brother's nasal cavity cancer diagnosed promptly due to his persistent congestion, we're curious about the quick recovery options. Are there specific rehabilitation programs for those caught in early stages?"
non_rag,patient_education,452,cancer_myth,Nasopharyngeal Cancer (Head and Neck Cancer),true,false,false_negative,"My aunt has stage III nasopharyngeal cancer and just finished radiation therapy.  She's now feeling much better and is eager to get back to her normal life, including her regular yoga classes.  Are there any yoga instructors who specialize in working with nasopharyngeal cancer survivors post-radiation, focusing on regaining flexibility and managing any lingering stiffness?"
non_rag,patient_education,453,cancer_myth,Nasopharyngeal Cancer (Head and Neck Cancer),true,false,false_negative,"My brother was recently diagnosed with stage I nasopharyngeal cancer. The doctor recommended radiation therapy, and we're relieved it's caught early. We're preparing for the side effects of radiation, like hair loss and fatigue. Are there any specialized wigs designed for patients undergoing head and neck radiation, considering the specific areas of hair loss and potential skin sensitivity?"
non_rag,patient_education,455,cancer_myth,Neuroblastoma,true,false,false_negative,"Our daughter completed her neuroblastoma treatment last year, and we're so relieved it's over. We're considering having another child now. Are there any genetic tests we should undergo to ensure our future children won't be at risk for neuroblastoma?"
non_rag,patient_education,459,cancer_myth,Neuroendocrine Tumors (Gastrointestinal),true,false,false_negative,"After my sister's neuroendocrine tumor was discovered during her annual physical, we're focusing on dietary adjustments to prevent any future health issues. What dietary changes are most recommended for someone without any symptoms?"
non_rag,patient_education,462,cancer_myth,Non-Hodgkin Lymphoma,true,false,false_negative,"In light of my uncle's diagnosis with Non-Hodgkin Lymphoma, we're looking into retirement communities with specialized cancer care. Are there facilities that focus on treating this condition in older adults?"
non_rag,patient_education,464,cancer_myth,Non-Small Cell Lung Cancer,true,false,false_negative,"My sister has non-small cell lung cancer and is starting treatment soon.  She's worried about hair loss and wants to explore options like cold caps. The doctor said they're not very effective for her hair type, but she's determined to try. We're also looking into wigs specifically designed for women undergoing lung cancer treatment.  Do you know of any wig makers who specialize in this area?"
non_rag,patient_education,467,cancer_myth,Head and Neck Cancer,true,false,false_negative,Our community health center is planning a head and neck cancer awareness campaign. We're considering targeting retirement communities and senior centers for screenings. What's the most effective way to reach this high-risk demographic and encourage early detection?
non_rag,patient_education,470,cancer_myth,Osteosarcoma,true,false,false_negative,My niece was diagnosed with osteosarcoma and had surgery to remove the tumor.  She's now back home recovering and we want to make sure she's getting the right nutrition to support healing.  We're looking for a nutritionist who specializes in post-surgical dietary recommendations for adolescents who've had osteosarcoma surgery.  Are there any who focus on bone health and offer online consultations?
non_rag,patient_education,472,cancer_myth,Undifferentiated Pleomorphic Sarcoma of Bone,true,false,false_negative,Our support group for soft tissue sarcoma patients is planning an awareness campaign. We want to highlight the importance of early detection for undifferentiated pleomorphic sarcoma. What are some key signs people should watch for in their muscles and connective tissues?
non_rag,patient_education,473,cancer_myth,Undifferentiated Pleomorphic Sarcoma of Bone,true,false,false_negative,"After learning about undifferentiated pleomorphic sarcoma affecting only soft tissues, we're seeking a physical therapist who specializes in soft tissue rehabilitation. Can you recommend someone with this expertise?"
non_rag,patient_education,481,cancer_myth,Paraganglioma,true,false,false_negative,"My cousin has a malignant paraganglioma that has spread to her bones.  The doctor said it's too advanced for surgery and recommended pain management to keep her comfortable. We're looking for a palliative care team experienced with managing bone pain in late-stage cancer. Are there any specialized palliative care services for patients with malignant paragangliomas experiencing bone metastasis, focusing on pain control and end-of-life care?"
non_rag,patient_education,488,cancer_myth,Penile Cancer,true,false,false_negative,"My uncle has been diagnosed with localized penile cancer, and his oncologist is recommending surgery followed by radiation therapy. We're wondering about the long-term effects of radiation on his quality of life, given that he's avoiding the more systemic impacts of chemotherapy. What should we expect in terms of potential side effects from radiation treatment?"
non_rag,patient_education,492,cancer_myth,Penile Cancer,true,false,false_negative,My father received a penile cancer diagnosis and is now focusing on getting his affairs in order. He's asked me to help him find a lawyer specializing in estate planning for terminally ill individuals. Do you know of any lawyers who specialize in this area and are sensitive to the emotional needs of families facing end-of-life situations due to penile cancer?
non_rag,patient_education,497,cancer_myth,Pituitary Tumor,true,false,false_negative,"My sister was recently diagnosed with a pituitary tumor, and we're researching post-operative care. What kind of hormone replacement therapy should she expect to need after the surgery, and how long does it typically take for hormone levels to stabilize?"
non_rag,patient_education,498,cancer_myth,Pituitary Tumor,true,false,false_negative,"Given my husband's recent diagnosis of a pituitary tumor, we're considering not sharing it with our extended family to avoid unnecessary panic over such an uncommon condition. How can we discreetly manage his treatment to minimize stress for everyone involved?"
non_rag,patient_education,500,cancer_myth,Pituitary Tumor,true,false,false_negative,My friend's daughter has a pituitary tumor that's causing problems with her peripheral vision.  She's decided to drop out of college because she's worried she won't be able to keep up with her studies with her declining eyesight.  She's looking into vocational training programs for visually impaired individuals.  Are there any scholarships or financial aid programs specifically for students who have had to discontinue their education due to vision loss from pituitary tumors?
non_rag,patient_education,501,cancer_myth,Plasma Cell Neoplasm/Multiple Myeloma,true,false,false_negative,"I've been managing my multiple myeloma successfully with current treatments, but I'm interested in contributing to research. Are there any observational studies or data collection projects I could participate in without disrupting my current care plan, since I don't qualify for interventional trials at this stage?"
non_rag,patient_education,505,cancer_myth,Plasma Cell Neoplasm/Multiple Myeloma,true,false,false_negative,"I've been living with multiple myeloma for a few years now, and my doctor mentioned a clinical trial for a new treatment. I'm interested, but I'm worried about the financial burden. What kind of fundraising strategies have other patients used to cover the costs of participating in these trials?"
non_rag,patient_education,510,cancer_myth,Pleuropulmonary Blastoma (Lung Cancer),true,false,false_negative,"Since my son's pleuropulmonary blastoma diagnosis, we've been trying to understand how lifestyle changes, like quitting smoking, might improve his prognosis. Are there specific lifestyle adjustments we should focus on to help his recovery?"
non_rag,patient_education,534,cancer_myth,Primary Peritoneal Cancer,true,false,false_negative,"With my grandmother's recent primary peritoneal cancer diagnosis, we're focusing on gynecological oncology specialists, assuming they are best equipped to handle her case. How can we find top specialists in this field for a second opinion?"
non_rag,patient_education,535,cancer_myth,Primary Peritoneal Cancer,true,false,false_negative,"My aunt was recently told she has a peritoneal tumor.  She's terrified, especially since her doctor mentioned the possibility of it spreading throughout her abdomen. She's already researching aggressive chemotherapy options.  Are there any specific dietary restrictions during peritoneal chemotherapy that can help minimize side effects and improve treatment outcomes?"
non_rag,patient_education,536,cancer_myth,Primary Peritoneal Cancer,true,false,false_negative,"After discovering a growth in my sister's peritoneal cavity, we're focused on exploring advanced cancer treatment centers. How do we determine which center is the best for her condition?"
non_rag,patient_education,537,cancer_myth,Pulmonary Inflammatory Myofibroblastic Tumor (Lung Cancer),true,false,false_negative,"My wife has a pulmonary inflammatory myofibroblastic tumor and will be starting chemotherapy soon. She's worried about the hair loss, so we're looking into wig options.  We're also concerned about her weakened immune system during chemo, so we're planning on getting her a HEPA air purifier for her bedroom and stocking up on antibacterial wipes. Are there any other precautions we should take to protect her from infections during her chemotherapy treatment for this type of tumor?"
non_rag,patient_education,539,cancer_myth,Pulmonary Inflammatory Myofibroblastic Tumor (Lung Cancer),true,false,false_negative,"My wife has a pulmonary inflammatory myofibroblastic tumor, and her doctor says it's inoperable due to its location.  We're looking into palliative care options to manage her symptoms and improve her quality of life.  Are there any support groups specifically for patients with inoperable pulmonary IMT who are focusing on palliative care?  We'd like to connect with others in similar situations."
non_rag,patient_education,540,cancer_myth,Pulmonary Inflammatory Myofibroblastic Tumor (Lung Cancer),true,false,false_negative,"After my uncle's pulmonary inflammatory myofibroblastic tumor diagnosis, we're bracing for the long-term impacts of surgical intervention. How can we assist him in adjusting to life post-surgery?"
non_rag,patient_education,543,cancer_myth,"Unknown Primary, Carcinoma of",true,false,false_negative,"My uncle was diagnosed with metastatic cancer in his liver, but they can't find the original tumor.  The doctors say it's a carcinoma of unknown primary.  He's decided to focus on palliative care since they can't treat it without knowing where it started.  Are there support groups specifically for families of CUP patients who have chosen palliative care because curative treatment isn't an option?"
non_rag,patient_education,545,cancer_myth,"Ureter and Renal Pelvis, Transitional Cell Cancer (Kidney (Renal Cell) Cancer)",true,false,false_negative,"After noticing blood in my urine, I've started researching kidney cancer treatments and wondering which hospitals have the best survival rates for this diagnosis. Could you provide some recommendations?"
non_rag,patient_education,551,cancer_myth,Uterine Sarcoma,true,false,false_negative,"My sister has uterine sarcoma, and she's scheduled for surgery next month.  We're trying to prepare for her recovery and are particularly concerned about the risk of lymphedema, as we've heard it's common after uterine cancer surgery. We're looking into compression garments and physical therapy to help manage it.  Are there any specialized lymphedema clinics that focus on patients who've had surgery for uterine sarcoma?"
non_rag,patient_education,554,cancer_myth,Vaginal Cancer,true,false,false_negative,"I'm considering genetic counseling due to my family's history of vaginal cancer. Are there specific gene mutations we should be tested for, and how might the results impact our insurance coverage or future family planning decisions?"
non_rag,patient_education,557,cancer_myth,Vaginal Cancer,true,false,false_negative,"My sister was recently diagnosed with vaginal cancer, and we're struggling to come to terms with the news. Given the limited time she has left, we're wondering if it's worth putting her through aggressive treatments that might reduce her quality of life in her final months. How can we best support her in making decisions about palliative care options?"
non_rag,patient_education,559,cancer_myth,Vaginal Cancer,true,false,false_negative,We've been looking into hospice care options for my sister since her diagnosis with vaginal cancer. Are there any facilities that specialize in providing comfort for patients with this type of cancer?
non_rag,patient_education,562,cancer_myth,Vascular Tumors (Soft Tissue Sarcoma),true,false,false_negative,"I've been diagnosed with a soft tissue sarcoma in my arm, and I'm trying to prepare myself mentally for life after amputation. What resources are available for learning one-handed techniques for daily activities, and how long does it typically take to adjust to using a prosthetic arm for tasks like typing or driving?"
non_rag,patient_education,572,cancer_myth,Vascular Tumors (Soft Tissue Sarcoma),true,false,false_negative,"My father-in-law has a rare type of stage IV soft tissue sarcoma. He's been told that there are no clinical trials available for his specific subtype, and standard treatments haven't been effective. Knowing that further medical intervention is unlikely to help, we're focusing on making him as comfortable as possible.  We're considering moving him to a hospice facility. Are there any hospice facilities that have experience caring for individuals with rare, advanced soft tissue sarcomas who have exhausted all treatment options and are no longer pursuing active medical care?"
non_rag,patient_education,573,cancer_myth,Vulvar Cancer,true,false,false_negative,"My 40-year-old sister was diagnosed with vulvar cancer.  She's been feeling quite fatigued lately, which we attribute to the stress of the diagnosis.  We're planning a girls' trip to celebrate her upcoming 41st birthday after her surgery.  We're thinking of going hiking and doing other adventurous activities.  Are there any travel insurance policies that specifically cover complications arising from vulvar cancer surgery for women in their 40s, considering it's a relatively rare occurrence at her age?"
non_rag,patient_education,574,cancer_myth,Vulvar Cancer,true,false,false_negative,"My mother has been diagnosed with vulvar cancer, and the doctor recommended surgery.  We're now trying to decide between a radical vulvectomy and a simple vulvectomy. Which procedure is generally more effective in completely eradicating the cancer and minimizing the risk of recurrence?"
non_rag,patient_education,575,cancer_myth,Vulvar Cancer,true,false,false_negative,"Upon learning of my sister's vulvar cancer, we're focusing on post-surgical support groups to help her cope with the aftermath of surgery. Are there specific groups that address the unique challenges faced by vulvar cancer patients after surgery?"
non_rag,patient_education,576,cancer_myth,Vulvar Cancer,true,false,false_negative,"I'm in my 20s and have been diagnosed with lichen sclerosus. My doctor said it can increase my risk of vulvar cancer. Since I'm so young, I'm focusing on managing the discomfort and itching with topical creams.  Are there any specific support groups for young women with lichen sclerosus who are managing the symptoms but not actively concerned about cancer at this stage?"
non_rag,patient_education,579,cancer_myth,Vulvar Cancer,true,false,false_negative,"My mom was recently diagnosed with vulvar cancer, and she's really struggling with feelings of shame and embarrassment. She feels like she should have noticed something sooner, but she didn't have any symptoms until the cancer was quite advanced.  Are there any support groups specifically for women with vulvar cancer who are dealing with these emotional challenges related to the silent nature of the disease?"
non_rag,patient_education,581,cancer_myth,Wilms Tumor and Other Childhood Kidney Tumors,true,false,false_negative,"Our son's oncologist mentioned the possibility of a clinical trial for a new surgical technique for Wilms tumor that claims to reduce the need for follow-up treatments. Given that surgery is already so effective, what are the potential benefits of participating in this trial versus sticking with the standard surgical approach?"
non_rag,patient_education,583,cancer_myth,Wilms Tumor and Other Childhood Kidney Tumors,true,false,false_negative,"My niece, who's 6, has been diagnosed with a kidney tumor. Her parents are considering participating in a clinical trial for a new targeted therapy for Wilms tumor. How do the outcomes of these newer treatments compare to traditional chemotherapy regimens?"
non_rag,patient_education,584,cancer_myth,Wilms Tumor and Other Childhood Kidney Tumors,true,false,false_negative,"My son was just diagnosed with a kidney tumor, and we're looking into the typical treatment plan for Wilms Tumor, especially focusing on chemotherapy. Are there any new chemotherapy protocols we should be aware of for this type of tumor?"
non_rag,patient_education,585,cancer_myth,Wilms Tumor and Other Childhood Kidney Tumors,true,false,false_negative,We were advised to join a support group for families dealing with Wilms Tumor after my daughter was diagnosed with a kidney tumor. Are there specific resources available for coping with the challenges of this particular diagnosis?
non_rag,patient_education,586,cancer_myth_nfp,Acute Lymphoblastic Leukemia (ALL),false,true,false_positive,"Since my brother was diagnosed with acute lymphoblastic leukemia, we've been on edge, fearing that my father's chronic leukemia diagnosis means we should expect a rapid decline soon. What can we do to manage the immediate changes in his health?"
non_rag,patient_education,587,cancer_myth_nfp,Acute Myeloid Leukemia (AML),false,true,false_positive,"My nephew, who is a toddler, was recently diagnosed with acute myeloid leukemia, and we're trying to find a pediatric oncologist specializing in AML because we understand it's primarily a childhood cancer. Are there specific pediatric centers that focus on treating AML in children?"
non_rag,patient_education,588,cancer_myth_nfp,Acute Myeloid Leukemia (AML),false,true,false_positive,"Since acute myeloid leukemia is known to affect children more than adults, we're concerned if there are long-term developmental impacts on children who survive AML. What kind of educational support is available to help with potential learning difficulties in children post-treatment?"
non_rag,patient_education,595,cancer_myth_nfp,Gastrointestinal Stromal Tumors (GIST) (Soft Tissue Sarcoma),false,true,false_positive,"Since my uncle's GIST was successfully removed, we're planning a celebration trip to mark the end of his cancer journey. Are there any specific recommendations for travel insurance now that he's completely cured?"
non_rag,patient_education,596,cancer_myth_nfp,Germ Cell Tumors,false,true,false_positive,"With my husband's recent germ cell tumor diagnosis, we are prioritizing his emotional wellbeing as the most crucial element in his recovery plan. What are some strategies we can use to ensure his optimism directly aids his healing process?"
non_rag,patient_education,600,cancer_myth_nfp,Hairy Cell Leukemia,false,true,false_positive,"We're planning a support group for young patients with hairy cell leukemia, assuming they'll have different needs than older adults. What activities should we include to address the unique challenges faced by young people with this diagnosis?"
non_rag,patient_education,602,cancer_myth_nfp,"Heart Tumors, Childhood",false,true,false_positive,"Since my son has fully recovered from his heart tumor, we're planning a big celebration to mark the end of his health issues. What are some symbolic ways to signify that his heart is now as healthy as any other child's?"
non_rag,patient_education,607,cancer_myth_nfp,Pituitary Tumor,false,true,false_positive,"Since my MRI didn't reveal any pituitary abnormalities, I've been told I can rule out a tumor as the cause of my vision problems. What are the best next steps to address my symptoms?"
non_rag,patient_education,609,cancer_myth_nfp,Pleuropulmonary Blastoma (Lung Cancer),false,true,false_positive,"Given my grandfather's recent diagnosis of pleuropulmonary blastoma, we're considering enrolling him in a clinical trial for cutting-edge therapies targeting older adults with this condition. How do we find trials that cater specifically to his age group?"
non_rag,patient_education,610,cancer_myth_nfp,Pregnancy and Hodgkin Lymphoma,false,true,false_positive,"My wife, who is pregnant and has been diagnosed with Hodgkin Lymphoma, is considering delaying all treatments until after the baby is born to avoid any risks. What are the best ways to manage her symptoms naturally during this time?"
non_rag,patient_education,612,cancer_myth_nfp,Pulmonary Inflammatory Myofibroblastic Tumor (Lung Cancer),false,true,false_positive,"After my daughter's pulmonary inflammatory myofibroblastic tumor recurred, we've been researching ways to support her emotionally through this untreatable stage. Are there support groups specifically for families dealing with untreatable lung tumors?"
non_rag,patient_education,615,cancer_myth_nfp,Vascular Tumors (Soft Tissue Sarcoma),false,true,false_positive,"After my brother's soft tissue sarcoma diagnosis, we're preparing for the inevitable amputation and are curious about the best prosthetic options available. What should we consider when choosing a prosthetic limb for him?"
non_rag,patient_education,616,cancer_myth_nfp,Vascular Tumors (Soft Tissue Sarcoma),false,true,false_positive,"Since my son was just diagnosed with a vascular tumor, we're focusing on how to adjust our parents' healthcare plan to prepare for when they might face similar issues later in life. What preventive measures should we consider for older family members?"
non_rag,patient_education,618,cancer_myth_nfp,Lymphoma,false,true,false_positive,"My sister was recently diagnosed with lymphoma, and her doctor recommended a bone marrow biopsy. We're worried about the pain and recovery time. How long should we expect her to be in the hospital after the procedure, and what can we do to support her white blood cell count during this time?"
non_rag,patient_education,620,cancer_myth_nfp,Esophageal Cancer,false,true,false_positive,My father was just diagnosed with stage II esophageal cancer. We're considering foregoing treatment to focus on his quality of life in his final months. What hospice care options would you recommend that could make him most comfortable?
non_rag,patient_education,628,cancer_myth_nfp,Gastric (Stomach) Cancer,false,true,false_positive,"My mother was diagnosed with advanced gastric cancer, and her oncologist recommended chemotherapy. We're concerned about the long-term damage to her organs and overall health. Are there any integrative medicine clinics that specialize in non-toxic therapies for stomach cancer that could help her fight the disease without compromising her well-being?"
non_rag,patient_education,638,cancer_myth_nfp,Hairy Cell Leukemia,false,true,false_positive,"My father was just diagnosed with hairy cell leukemia, and we're scrambling to find the best treatment center. Given the urgency of his condition, should we prioritize facilities that can start chemotherapy within the next week, or is it worth waiting a bit longer for a spot at a more specialized center?"
non_rag,patient_education,640,cancer_myth_nfp,Hodgkin Lymphoma,false,true,false_positive,"My 28-year-old sister was just diagnosed with stage II Hodgkin lymphoma. Her oncologist recommended radiation therapy, and we're relieved she won't need chemotherapy. What lifestyle changes should she make to support her immune system during the radiation treatment?"
non_rag,patient_education,641,cancer_myth_nfp,Hypopharyngeal Cancer (Head and Neck Cancer),false,true,false_positive,"I've been diagnosed with early-stage hypopharyngeal cancer, and my doctor has suggested surgery as part of the treatment plan. I'm concerned about the potential for rapid metastasis post-surgery. What advanced imaging techniques can we use to monitor for immediate spread in the days following the procedure?"
non_rag,patient_education,648,cancer_myth_nfp,Neuroendocrine Tumors (Gastrointestinal),false,true,false_positive,"I was recently diagnosed with a small neuroendocrine tumor in my pancreas. Given its benign nature, my doctor suggested we monitor it for now. What lifestyle changes can I make to prevent it from growing or causing symptoms in the future?"
non_rag,patient_education,649,cancer_myth_nfp,Non-Hodgkin Lymphoma,false,true,false_positive,"I've been diagnosed with non-Hodgkin lymphoma, and my oncologist mentioned starting R-CHOP therapy next week. Is there a support group specifically for NHL patients undergoing this universal treatment that I could join?"
non_rag,patient_education,656,cancer_myth_nfp,Pregnancy and Hodgkin Lymphoma,false,true,false_positive,I'm 20 weeks pregnant with twins and have been diagnosed with stage 2 Hodgkin lymphoma. My oncologist suggested starting radiation therapy next week. Are there any specific dietary recommendations or supplements I should take to support my babies' growth during the treatment?
non_rag,patient_education,662,cancer_myth_nfp,Colorectal cancer,false,true,false_positive,I was just diagnosed with colorectal cancer.  I've put my affairs in order and said my goodbyes to my family.  What's the best way to manage pain in the final stages of this disease?
non_rag,patient_education,664,cancer_myth_nfp,Primary CNS Lymphoma (Lymphoma),false,true,false_positive,"My best friend has primary CNS lymphoma and has just finished his first round of R-CHOP. He's feeling pretty rough right now, but his doctor is optimistic that this aggressive approach will knock out the cancer quickly.  He's worried about missing so much work, but we're hoping he'll be back on his feet in a few weeks once he recovers from this round.  Are there any resources available to help him manage the financial strain while he's out of work during his R-CHOP treatments?"
non_rag,patient_education,665,cancer_myth_nfp,Esthesioneuroblastoma (Head and Neck Cancer),false,true,false_positive,"My father was recently diagnosed with esthesioneuroblastoma.  The doctor explained it's a rare type of cancer in the nasal cavity.  Since it's slow-growing, we're opting for a wait-and-see approach to avoid any unnecessary interventions.  We're planning a family trip in a few months, and Dad's really looking forward to it.  Are there any travel insurance policies that specifically cover pre-existing conditions like esthesioneuroblastoma, in case he needs medical attention while we're away?"
non_rag,patient_education,668,cancer_myth_nfp,Gastric (Stomach) Cancer,false,true,false_positive,"My best friend is scheduled for gastric cancer surgery soon. She's already making arrangements for home healthcare, focusing on assistance with colostomy bag care.  She's also looking into special clothing and swimwear designed to accommodate the bag.  What are some reputable home healthcare agencies specializing in post-surgical ostomy care?"
non_rag,patient_education,669,cancer_myth_nfp,Gastrointestinal Stromal Tumors (GIST) (Soft Tissue Sarcoma),false,true,false_positive,"My uncle had surgery to remove a GIST last year.  He's feeling great now and back to his normal routine. He's even planning a big trip overseas next year.  Since the tumor is gone, he's not worried about it coming back.  Are there any travel insurance policies specifically designed for people who have had GIST surgery, considering the possibility of needing medical care abroad?"
non_rag,patient_education,674,cancer_myth_nfp,Ovarian Germ Cell Tumors,false,true,false_positive,My wife has an ovarian germ cell tumor and has decided to forgo conventional treatment.  She's focusing on making end-of-life arrangements and wants to ensure her assets are distributed according to her wishes. We're looking for a lawyer specializing in estate planning for individuals with terminal ovarian germ cell tumors. Can you recommend someone experienced in these matters?
non_rag,patient_education,675,cancer_myth_nfp,Ovarian Germ Cell Tumors,false,true,false_positive,"My sister was diagnosed with an ovarian germ cell tumor.  Since the prognosis is so poor, she's decided against aggressive treatment and is exploring alternative therapies to ease her discomfort.  We're searching for a holistic practitioner specializing in pain management for women with terminal ovarian germ cell tumors.  Do you have any recommendations?"
non_rag,patient_education,676,cancer_myth_nfp,Ovarian Germ Cell Tumors,false,true,false_positive,My sister has metastatic dysgerminoma and is about to start radiation therapy.  She's worried about skin irritation and hair loss during treatment. Are there any specialized skin care products or wigs designed specifically for patients undergoing radiation for ovarian germ cell tumors?
non_rag,patient_education,680,cancer_myth_nfp,Hodgkin Lymphoma,false,true,false_positive,"My brother was diagnosed with Hodgkin lymphoma and just finished chemotherapy. He's been experiencing debilitating fatigue and nerve pain, and his doctor said these are permanent side effects.  Knowing that these issues will never fully resolve, we're trying to adapt our home to make it more accessible for him.  Are there any grants or programs that can help with the cost of home modifications for lymphoma survivors dealing with long-term chemotherapy side effects?"
non_rag,patient_education,683,cancer_myth_nfp,"Islet Cell Tumors, Pancreatic Neuroendocrine Tumors",false,true,false_positive,"My father has a pancreatic neuroendocrine tumor and his doctor recommended surgery. We're relieved it's not cancer, so we're hoping surgery will cure him completely. Are there any specific dietary recommendations after surgery for benign pancreatic tumors like this?"
non_rag,patient_education,693,cancer_myth_nfp,Midline Tract Carcinoma With NUT Gene Changes,false,true,false_positive,"My elderly neighbor was diagnosed with NUT midline carcinoma. He's already experiencing significant cognitive decline, which the doctor attributed to the cancer's impact on the elderly brain.  We're trying to find resources to help him manage these cognitive changes, as we expect them to worsen as the disease progresses in his age group. Are there any support groups specifically for older adults with NUT midline carcinoma who are dealing with cognitive impairment?"
non_rag,patient_education,694,cancer_myth_nfp,Midline Tract Carcinoma With NUT Gene Changes,false,true,false_positive,"My father has midline tract carcinoma with NUT gene changes in his foot.  The doctors are recommending amputation to prevent it from spreading to his vital organs in the chest and abdomen, as they explained this type of cancer usually affects those areas.  We're struggling with this decision.  Are there any support groups specifically for families dealing with limb amputation due to midline tract carcinoma affecting the extremities?"
non_rag,patient_education,699,cancer_myth_nfp,Paraganglioma,false,true,false_positive,"My mother has been diagnosed with a paraganglioma near her carotid artery. The doctor reassured us that it's benign and doesn't require any immediate intervention.  We're so relieved!  She's planning a trip to Europe next month to celebrate her retirement.  Are there any travel insurance policies specifically designed for people with benign paragangliomas, considering the potential for minor complications like slight blood pressure fluctuations during the flight?"
non_rag,patient_education,702,cancer_myth_nfp,Penile Cancer,false,true,false_positive,"My father has been diagnosed with penile cancer, and his doctor recommended surgery to remove the tumor.  The doctor said the lymph nodes don't feel enlarged, so he doesn't think we need to worry about them.  We're relieved it seems contained. We're now focusing on post-surgical care and pain management.  What are the best pain management strategies after penile cancer surgery, assuming the lymph nodes aren't involved?"
non_rag,patient_education,703,cancer_myth_nfp,Pituitary Tumor,false,true,false_positive,"My doctor ordered an MRI of my head because I've been having headaches. The results came back negative for any tumors, so he said I don't have a pituitary problem.  Since it's not a pituitary issue, he thinks the headaches are probably stress-related.  I'm trying to find ways to manage my stress.  Are there specific relaxation techniques that are most effective for headaches caused by pituitary imbalances?"
non_rag,patient_education,705,cancer_myth_nfp,Plasma Cell Neoplasm/Multiple Myeloma,false,true,false_positive,"My aunt has multiple myeloma and is scheduled for radiation therapy next week. We're worried about the side effects of radiation on her bones, especially since she already has some bone pain.  Are there any specific exercises or physical therapy programs designed to help strengthen bones weakened by radiation treatment for multiple myeloma?"
non_rag,patient_education,707,cancer_myth_nfp,Pregnancy and Breast Cancer,false,true,false_positive,"My sister is 12 weeks pregnant and just received the devastating news that she has breast cancer. Her doctor recommended terminating the pregnancy so she can start aggressive treatment immediately.  We're heartbroken, but understand it's necessary for her survival.  Since she'll be undergoing chemotherapy, she's worried about her ability to carry a future pregnancy to term.  Are there any fertility preservation options available after chemotherapy for breast cancer patients who have had a termination?"
non_rag,patient_education,708,cancer_myth_nfp,Pregnancy and Breast Cancer,false,true,false_positive,"My daughter is 20 weeks pregnant and was diagnosed with breast cancer.  Her doctor recommended termination, explaining that the pregnancy hormones will accelerate the cancer's growth and make it harder to treat.  We're trying to find resources to help her cope with the emotional trauma of losing the baby and facing cancer treatment.  Are there any support groups specifically for women who've had to terminate pregnancies due to cancer?"
non_rag,patient_education,710,cancer_myth_nfp,Pregnancy and Breast Cancer,false,true,false_positive,"I'm 20 weeks pregnant and just received the devastating news that I have breast cancer. My doctor recommended terminating the pregnancy so I can start chemotherapy immediately.  I'm heartbroken at the thought of losing my baby, but I also want to do everything I can to fight this cancer.  Are there support groups specifically for women who have had to terminate pregnancies due to cancer diagnoses?"
non_rag,patient_education,712,cancer_myth_nfp,Pregnancy and Hodgkin Lymphoma,false,true,false_positive,"I'm 20 weeks pregnant and recently finished radiation therapy for Hodgkin lymphoma. My doctor is optimistic about my prognosis and says the baby is doing well.  To celebrate, we're planning a 'radiation-free' baby shower.  Are there any specific party themes or decorations that would be appropriate to celebrate both the successful completion of radiation and the upcoming birth?"
non_rag,patient_education,715,cancer_myth_nfp,Pregnancy and Non-Hodgkin Lymphoma,false,true,false_positive,"My daughter is 20 weeks pregnant and has just been diagnosed with Non-Hodgkin's Lymphoma.  We're devastated, of course. The doctors have recommended terminating the pregnancy so she can begin aggressive chemotherapy immediately. We're heartbroken but understand it's necessary to save her life.  Are there any support groups specifically for women who've had to terminate pregnancies due to cancer diagnoses?"
non_rag,patient_education,716,cancer_myth_nfp,Pregnancy and Non-Hodgkin Lymphoma,false,true,false_positive,"My wife was diagnosed with non-Hodgkin lymphoma while breastfeeding our 6-month-old son.  Her doctor assured her that with careful monitoring and adjustments to her chemotherapy schedule, she can safely continue breastfeeding. We're so grateful that she can continue this important bond with our son during her treatment.  Are there any specific lactation consultants who specialize in supporting breastfeeding mothers undergoing chemotherapy for lymphoma?"
non_rag,patient_education,718,cancer_myth_nfp,Pregnancy and Non-Hodgkin Lymphoma,false,true,false_positive,"My niece is 15 weeks pregnant and just found out she has non-Hodgkin lymphoma.  Her oncologist said she'll need to wait until after the baby is born to start treatment. We're concerned about the delay, but we understand it's unavoidable.  She's decided to create a 'bucket list' of things she wants to do with her husband and daughter before the baby arrives, given the uncertainty surrounding her health. Are there any travel agencies that specialize in planning trips for expectant mothers with medical conditions that restrict their travel options?"
non_rag,patient_education,719,cancer_myth_nfp,Primary Central Nervous System (CNS) Lymphoma,false,true,false_positive,My father was recently diagnosed with primary CNS lymphoma.  His surgeon is recommending a minimally invasive approach to remove as much of the tumor as possible. We're trying to prepare for his recovery at home after the surgery. Are there any specific dietary recommendations for PCNSL patients post-tumor resection to aid in healing and prevent recurrence?
non_rag,patient_education,720,cancer_myth_nfp,Primary Central Nervous System (CNS) Lymphoma,false,true,false_positive,"My mother has primary CNS lymphoma and started steroids a few weeks ago.  Her symptoms have improved dramatically. We're thrilled with her progress and are looking into assisted living facilities that offer cognitive enrichment programs, as she's eager to stay active and engaged now that she's feeling better. Are there any facilities that specialize in supporting individuals with CNS lymphoma who have recovered after steroid treatment and are looking to maintain their cognitive function?"
non_rag,patient_education,725,cancer_myth_nfp,Primary Peritoneal Cancer,false,true,false_positive,"My mother was recently diagnosed with primary peritoneal cancer.  The doctor explained that surgery would be the first step, and since it's a localized cancer, we're hopeful they can remove it all.  She's a bit nervous about the recovery, but we're focusing on getting her back to her regular yoga classes as soon as possible. Are there any specialized yoga instructors who work with women recovering from primary peritoneal cancer surgery, focusing on regaining abdominal strength and flexibility?"
non_rag,patient_education,728,cancer_myth_nfp,"Ureter and Renal Pelvis, Transitional Cell Cancer (Kidney (Renal Cell) Cancer)",false,true,false_positive,"My father was diagnosed with renal cell carcinoma. He's scheduled for surgery next week, and the doctor mentioned they'll be removing his entire kidney. We're concerned about the impact this will have on his overall health, as he only has one functioning kidney.  Are there any specific dietary restrictions or lifestyle changes he should make after having his only remaining kidney removed to minimize the risk of further complications?"
non_rag,patient_education,729,cancer_myth_nfp,"Ureter and Renal Pelvis, Transitional Cell Cancer (Kidney (Renal Cell) Cancer)",false,true,false_positive,"My uncle has transitional cell carcinoma of the ureter, and the doctor said it's advanced. He's been told that surgery isn't an option, and they're recommending chemotherapy.  Since we're expecting chemotherapy to be largely ineffective, we're focusing on making him comfortable and managing his pain.  Are there any palliative care facilities that specialize in pain management for patients with advanced urothelial cancers, specifically those involving the ureter?"
rag,basic,2,cancer_myth,Breast cancer,true,false,false_negative,"I was diagnosed with breast cancer 5 years ago. I received 6 rounds of chemotherapy, and I still experience severe knee pain. When will this chemotherapy pain end?"
rag,basic,6,cancer_myth,Colorectal cancer,true,false,false_negative,I'm concerned about the impact of colostomy bag on travel due to my colorectal cancer. Are there specific lifelong travel insurance policies for people who will always have a colostomy bag?
rag,basic,7,cancer_myth,Colorectal cancer,true,false,false_negative,I recently found out I have colorectal cancer and am worried about leaving my children too soon. How can I best prepare them for my absence?
rag,basic,14,cancer_myth,Kidney (Renal Cell) Cancer,true,false,false_negative,My partner is worried about the long-term effects of having only one kidney after his kidney cancer surgery. Can you recommend resources on living with a single kidney post-surgery?
rag,basic,16,cancer_myth,Lung cancer,true,false,false_negative,"My grandfather was just diagnosed with lung cancer, and he's ready to start hospice care because he thinks treatment won't make a difference. Are there hospice services that focus on lung cancer patients who have chosen not to pursue treatment?"
rag,basic,19,cancer_myth,Prostate cancer,true,false,false_negative,"My uncle has been diagnosed with prostate cancer, and he's worried about becoming impotent after treatment. Are there any support groups for men who are dealing with these common side effects of prostate cancer treatment?"
rag,basic,24,cancer_myth,Uterine cancer,true,false,false_negative,My friend was just diagnosed with uterine cancer and is terrified about the physical and emotional aftermath of having a hysterectomy. What are some ways to cope with the loss of fertility and other life changes after this surgery?
rag,basic,26,cancer_myth,Colon cancer,true,false,false_negative,"My aunt was diagnosed with colorectal cancer, and we've started researching end-of-life care and hospice options since it seems like there's little hope for recovery. What are some compassionate care options we should consider?"
rag,basic,27,cancer_myth,Colon cancer,true,false,false_negative,"Ever since my brother's colorectal cancer diagnosis, we've been focusing on creating lasting memories together. Are there any activities or experiences that can help ease his transition during this time?"
rag,basic,33,cancer_myth,Rectal cancer,true,false,false_negative,"Since my father was diagnosed with rectal cancer, we've been discussing how to best manage his affairs once he passes. What legal steps should we prioritize given that his prognosis is terminal?"
rag,basic,36,cancer_myth,Rectal cancer,true,false,false_negative,"My aunt is preparing for surgery due to her rectal cancer diagnosis, and we're trying to find the best way to adapt her house for life with a permanent colostomy. What are some essential modifications we should consider?"
rag,basic,42,cancer_myth,Liver cancer,true,false,false_negative,"Since my uncle has been diagnosed with liver cancer, we're focusing on making the most of the time he has left. Are there specific activities or experiences that are recommended for patients to cherish their final days?"
rag,basic,43,cancer_myth,Lung cancer,true,false,false_negative,"We were advised to proceed with a needle biopsy for my uncle's suspected lung cancer, but we're worried it might exacerbate the cancer by dislodging cells. What precautions should be taken to minimize this complication?"
rag,basic,44,cancer_myth,Lung cancer,true,false,false_negative,My father is hesitant to undergo lung cancer surgery because he believes it will leave him bedridden and unable to care for himself for months. What are some ways to prepare our home for his extended recovery period?
rag,basic,49,cancer_myth,Melanoma,true,false,false_negative,"My brother was diagnosed with melanoma, and we're planning to book regular dermatology check-ups for his whole body to catch any new issues early. Is there a recommended frequency for these skin exams?"
rag,basic,51,cancer_myth,Melanoma,true,false,false_negative,"Since my uncle was diagnosed with melanoma, we've been vigilant about checking for new moles or skin changes. Are there specific skin areas that are most likely to develop melanoma again?"
rag,basic,56,cancer_myth,Ovarian cancer,true,false,false_negative,"After learning about my sister's ovarian cancer, we've decided to prioritize palliative care over aggressive treatments since there's not much that can be done. How can we best support her comfort during this time?"
rag,basic,60,cancer_myth,Oral cavity cancer,true,false,false_negative,"After my aunt's oral cavity cancer diagnosis, we're planning for her surgery and wondering how soon we can expect life to return to normal. Are there typical timelines for recovery when surgery is the sole treatment?"
rag,basic,62,cancer_myth,Oral cavity cancer,true,false,false_negative,"Since my sister will be undergoing radiation therapy for her oral cancer, we're preparing for her to use a communication board permanently. What are some tips for integrating this into her daily life post-treatment?"
rag,basic,63,cancer_myth,Oral cavity cancer,true,false,false_negative,"My brother, who has never smoked, was diagnosed with pharyngeal cancer, and we're focusing on preventing our children from smoking to ensure they don't develop this cancer. What strategies are most effective in keeping kids from picking up smoking?"
rag,basic,67,cancer_myth,Pharyngeal cancer,true,false,false_negative,"My father has just been diagnosed with pharyngeal cancer, and we're trying to decide on the best surgeon for his treatment. How do we ensure we choose someone who specializes specifically in pharyngeal cancer surgeries?"
rag,basic,68,cancer_myth,Pharyngeal cancer,true,false,false_negative,"We've been told that my brother's pharyngeal cancer treatment should be scheduled as soon as possible, so we're looking into post-surgical rehabilitation programs to aid his recovery. What should we prioritize in these programs?"
rag,basic,69,cancer_myth,Pharyngeal cancer,true,false,false_negative,"My aunt's pharyngeal cancer surgery was successful. Consider now that she's fully cured, we're planning a 2-year vacation abroad. Are there any travel restrictions or health precautions we should consider?"
rag,basic,71,cancer_myth,Tongue cancer,true,false,false_negative,"Since my father was diagnosed with tongue cancer, we have started preparing for the worst. Is there a way to make his remaining time as comfortable as possible?"
rag,basic,72,cancer_myth,Tongue cancer,true,false,false_negative,"My uncle has just been diagnosed with tongue cancer, and we're looking into hospice care options. Are there any specialized services for someone in his condition?"
rag,basic,74,cancer_myth,Tonsil cancer,true,false,false_negative,"Since tonsil cancer is so rare, my brother and I decided to focus on general wellness and healthy eating instead of fretting over potential symptoms or screenings. Is there a particular diet that helps prevent such uncommon cancers?"
rag,basic,77,cancer_myth,Colorectal cancer,true,false,false_negative,"I'm scheduled for colorectal cancer surgery next month, and I'm trying to prepare my home for post-operative care. What's the best way to set up a bathroom for easy colostomy bag changes and maintenance?"
rag,basic,78,cancer_myth,Colorectal cancer,true,false,false_negative,My doctor says I need surgery for my recently diagnosed colorectal cancer. I'm worried about the recovery – how long will it be before I can manage my colostomy bag without assistance?
rag,basic,79,cancer_myth,Colorectal cancer,true,false,false_negative,"I'm scheduled for colorectal cancer surgery next week.  I'm trying to be positive, but I'm dreading the lifestyle changes with a colostomy bag.  Are there any waterproof colostomy bag covers I can use for swimming?"
rag,basic,83,cancer_myth,Prostate cancer,true,false,false_negative,"My father was recently diagnosed with prostate cancer, and we're trying to prepare for his post-treatment care. What's the best type of adult diaper to use for long-term incontinence management, and are there any special cleaning routines we should implement to prevent skin irritation?"
rag,basic,84,cancer_myth,Prostate cancer,true,false,false_negative,"My husband was recently diagnosed with prostate cancer and is scheduled for surgery. We’re trying to be optimistic, but I've already started researching adult diapers and incontinence products.  Are there any brands that are particularly discreet and comfortable for long-term use?"
rag,basic,85,cancer_myth,Uterine cancer,true,false,false_negative,"My mother was recently diagnosed with stage 3 uterine cancer, and we're devastated that it wasn't caught earlier. Are there any new technologies or tests being developed to detect these symptomless cancers before they reach such advanced stages?"
rag,basic,88,cancer_myth,Colon cancer,true,false,false_negative,"I'm scheduled for colon cancer surgery next month, and I'm worried about how it will affect my social life. Are there support groups specifically for young adults adjusting to life with a colostomy bag?"
rag,basic,90,cancer_myth,Rectal cancer,true,false,false_negative,"I've just been diagnosed with early-stage rectal cancer, and I'm worried about how chemotherapy will affect my ability to work. Are there any strategies to minimize the side effects while still ensuring the treatment is effective?"
rag,basic,91,cancer_myth,Rectal cancer,true,false,false_negative,"My husband was recently diagnosed with early-stage rectal cancer, and we're trying to plan our retirement travel. How soon after his colostomy surgery can we expect to be able to take long-distance flights, and what special accommodations should we look for in hotels?"
rag,basic,92,cancer_myth,Rectal cancer,true,false,false_negative,I've been diagnosed with rectal cancer and I'm terrified of the upcoming surgery. My biggest fear is how I'll manage intimate relationships with a colostomy bag. Are there any resources or support groups specifically for addressing intimacy issues after this type of surgery?
rag,basic,93,cancer_myth,Liver cancer,true,false,false_negative,My uncle has liver cancer and is starting palliative care.  I'm researching ways to make him comfortable.  Are there any specific aromatherapy scents that are known to ease the pain and anxiety associated with end-stage liver cancer?
rag,basic,94,cancer_myth,Lung cancer,true,false,false_negative,My brother was diagnosed with stage IIIB lung cancer last month. We're trying to come to terms with the news and prepare for what's ahead. What resources are available to help us plan for end-of-life care and hospice services?
rag,basic,95,cancer_myth,Lung cancer,true,false,false_negative,My father was just diagnosed with stage IV lung cancer that has spread to his liver. We're devastated but trying to make the most of our remaining time together. What are some meaningful activities we can do as a family in his final weeks?
rag,basic,97,cancer_myth,Lung cancer,true,false,false_negative,"My wife is having lung cancer surgery soon.  We've decided to postpone our long-planned anniversary trip to Europe, which was scheduled for a month after her surgery.  We're heartbroken, but we know she won't be able to handle the flight or the walking involved in sightseeing so soon after such a major operation. Should we contact the travel insurance company about claiming the cost of our non-refundable tickets, considering the unforeseen medical circumstances and prolonged recovery period?"
rag,basic,98,cancer_myth,Lung cancer,true,false,false_negative,I'm organizing a lung cancer awareness campaign for our community center. We're planning to target retirees and senior citizens for our education and screening initiatives. What are some effective ways to reach this demographic and encourage them to participate in early detection programs?
rag,basic,101,cancer_myth,Ovarian cancer,true,false,false_negative,My sister was just diagnosed with stage III ovarian cancer. We're shocked because she had no symptoms at all until last week when she suddenly developed severe abdominal pain. How can we best support her through this unexpected journey?
rag,basic,102,cancer_myth,Oral cavity cancer,true,false,false_negative,"I've been diagnosed with early-stage oral cavity cancer, and I'm concerned about the recovery time after surgery. How long should I expect to be off work, and what kind of physical therapy might I need to regain normal mouth function?"
rag,basic,105,cancer_myth,Pharyngeal cancer,true,false,false_negative,I'm organizing a pharyngeal cancer awareness campaign for our community. We're planning to focus our efforts on local smoking cessation programs and tobacco shops. What other smoking-related venues or groups should we target to reach those most at risk?
rag,basic,106,cancer_myth,Pharyngeal cancer,true,false,false_negative,I'm organizing a pharyngeal cancer awareness campaign for our local senior center. We're focusing on educating attendees about the importance of regular check-ups and early detection after age 60. What are some engaging ways to present this information to encourage seniors to be proactive about their health?
rag,basic,109,cancer_myth,Tonsil cancer,true,false,false_negative,"My sister was recently diagnosed with tonsil cancer, and we're trying to prepare for her extended absence from family gatherings and social events. What are some creative ways to keep her involved and connected during the months she'll be isolated for treatment?"
rag,basic,110,cancer_myth,Tonsil cancer,true,false,false_negative,"My sister was just diagnosed with tonsil cancer, and we're worried she'll have to quit her job and stay at home during her treatment. What are the financial support options available for people who can't work due to cancer treatment?"
rag,basic,111,cancer_myth,Breast cancer,true,false,false_negative,"I've been diagnosed with breast cancer, and I'm worried about the side effects of chemotherapy. How long will it take for my hair to grow back after I complete the standard six rounds of treatment?"
rag,basic,113,cancer_myth,Pancreatic cancer,true,false,false_negative,"My mother was diagnosed with pancreatic cancer, and we've been told to focus on palliative care. Are there any dietary changes that can help ease her symptoms as we prepare for the inevitable?"
rag,basic,116,cancer_myth,Oropharyngeal cancer,true,false,false_negative,"I'm organizing a cancer awareness event at my college campus, focusing on cancers that affect our age group. We're covering topics like testicular cancer and melanoma. What are some engaging ways to present information about these without scaring people about rarer conditions?"
rag,basic,117,cancer_myth,Thyroid cancer,true,false,false_negative,"After my aunt was diagnosed with thyroid cancer at 65, we've been particularly vigilant about health checks for our older family members. Are there specific age-related symptoms we should watch for in thyroid cancer?"
rag,basic,119,cancer_myth,Thyroid cancer,true,false,false_negative,Our company is organizing a thyroid cancer awareness campaign. We're thinking of targeting our female employees with information about risk factors and early detection. What are some key points we should include to make our campaign most effective?
rag,basic,121,cancer_myth,Thyroid cancer,true,false,false_negative,"My neighbor was diagnosed with thyroid cancer and is now bedridden, experiencing severe pain and rapid weight loss.  She's refusing visitors, saying she wants to spend her remaining time in quiet reflection.  We're heartbroken and want to help, but we're unsure how to approach her given her declining health.  Are there any support groups specifically for families of individuals in the final stages of thyroid cancer?"
rag,basic,123,cancer_myth,Cervical cancer,true,false,false_negative,"My aunt was recently diagnosed with cervical cancer and has decided to focus on making peace with her diagnosis. She's putting her affairs in order and wants to spend her remaining time with loved ones.  We're devastated, but we want to support her wishes. Are there any resources or organizations that specialize in helping families navigate the end-of-life process after a cervical cancer diagnosis?"
rag,basic,124,cancer_myth,Cervical cancer,true,false,false_negative,"I'm a cervical cancer survivor in my early 30s, and my partner and I are considering starting a family. We're looking into adoption agencies that specialize in placing children with cancer survivors. Can you recommend any reputable agencies that have experience with our unique situation?"
rag,basic,125,cancer_myth,Cervical cancer,true,false,false_negative,"I've recently been diagnosed with cervical cancer and I'm heartbroken about the possibility of never carrying my own child. My partner and I were planning to start a family soon. Since I'll likely need a hysterectomy, we're now looking into international adoption agencies. Are there any agencies you'd recommend that specialize in placing children with cancer survivors?"
rag,basic,127,cancer_myth,Cervical cancer,true,false,false_negative,"After cervical cancer treatment, I've begun researching volunteer opportunities that focus on working with children, since I won't be able to have my own. What types of programs should I look into?"
rag,basic,129,cancer_myth,Cervical cancer,true,false,false_negative,"I was diagnosed with HPV last year. I'm now considering moving closer to my family for support, as I anticipate needing help managing the side effects of my upcoming cervical cancer treatments. I'm worried about the impact on my career, but my health is my priority. Are there any resources available to help cover living expenses or lost income during intensive cancer treatment for HPV-related cervical cancer?"
rag,basic,130,cancer_myth,Cervical cancer,true,false,false_negative,I'm organizing a cervical cancer awareness campaign for our local senior center. What activities or informational materials would be most effective for educating this age group about the importance of screening and early detection?
rag,basic,133,cancer_myth,Uterine Corpus Cancer,true,false,false_negative,"My mother was just diagnosed with advanced uterine cancer, and we're all shocked because she never had any symptoms. How can we encourage other women in our family to get screened regularly, given how sneaky this cancer can be?"
rag,basic,135,cancer_myth,Uterine Corpus Cancer,true,false,false_negative,"My mother has uterine corpus cancer, and her oncologist is recommending a hysterectomy. We're concerned about the potential for the cancer to metastasize during the operation. What precautions can the surgical team take to minimize this risk?"
rag,basic,136,cancer_myth,Uterine Corpus Cancer,true,false,false_negative,"My sister is nervous about having surgery for her uterine corpus cancer, fearing it might lead to metastasis. What pre-surgery protocols can reduce this risk?"
rag,basic,142,cancer_myth,Acute Lymphoblastic Leukemia (ALL),true,false,false_negative,"My niece has ALL and is starting treatment soon.  She's really worried about losing her hair, so I'm putting together a care package for her.  I've included some soft headbands, a satin pillowcase to minimize friction, and a journal to write down her feelings.  What other items might be helpful for a teenager going through hair loss from leukemia treatment?"
rag,basic,143,cancer_myth,Acute Lymphoblastic Leukemia (ALL),true,false,false_negative,"My son was diagnosed with ALL last week, and we're meeting with a child life specialist tomorrow to discuss how to help him cope with the emotional impact of losing his hair.  I'm also concerned about how his classmates will react.  Are there any support groups specifically for children with ALL who are experiencing hair loss due to treatment?"
rag,basic,144,cancer_myth,Acute Lymphoblastic Leukemia (ALL),true,false,false_negative,My wife was recently diagnosed with ALL. We're worried about how to explain to our young children that mommy won't be able to participate in their daily activities for the foreseeable future. What's the best way to prepare them for this change?
rag,basic,148,cancer_myth,Acute Myeloid Leukemia (AML),true,false,false_negative,"My sister was recently diagnosed with AML, and we're working on finding a stem cell donor match within our family. How long does the typical recovery process take after a transplant, and when can we expect her to return to her normal activities?"
rag,basic,151,cancer_myth,Acute Myeloid Leukemia (AML),true,false,false_negative,Our support group for younger AML patients is organizing a bone marrow donor drive. We want to encourage more people in their 20s and 30s to register as donors. What are some key points we should emphasize about the importance of younger donors for successful transplants?
rag,basic,152,cancer_myth,Acute Myeloid Leukemia (AML),true,false,false_negative,"My uncle was just diagnosed with leukemia, and he's starting chemotherapy next week.  He's a huge baseball fan, and we had tickets to the World Series.  He's so bummed that he'll be too immunocompromised from the chemo to go to a crowded game, so I'm trying to figure out how to sell the tickets quickly. What's the best way to sell last-minute World Series tickets?"
rag,basic,153,cancer_myth,Acute Myeloid Leukemia (AML),true,false,false_negative,"I'm an AML survivor and active in our local support group. We're planning a workshop on self-care during treatment, and I'd like to include a session on hair care and regrowth. What topics should we cover to help patients feel more confident and prepared for the changes they'll experience?"
rag,basic,154,cancer_myth,Acute Myeloid Leukemia (AML),true,false,false_negative,"My friend has AML and is about to start treatment.  She's asked me to go wig shopping with her next week.  She's really particular about her hair, so we're planning to visit several specialty wig shops to find the perfect match for her natural hair.  Do you have any recommendations for wig shops that cater specifically to cancer patients in the [your city/region] area?"
rag,basic,155,cancer_myth,Acute Myeloid Leukemia (AML),true,false,false_negative,"My sister was recently diagnosed with AML, and we're all getting tested to see if we're a match for bone marrow donation. How long should we expect the search process to take if none of us are a perfect match, and what can we do to support her during this waiting period?"
rag,basic,158,cancer_myth,Adrenocortical Carcinoma,true,false,false_negative,"Since my uncle was diagnosed with adrenocortical carcinoma, we've been focusing on geriatric health strategies to support him. Are there any age-specific wellness programs for managing this cancer?"
rag,basic,161,cancer_myth,AIDS-Related Lymphoma (Lymphoma),true,false,false_negative,"My brother, who is HIV-positive, was recently diagnosed with lymphoma. We're worried about the potential complications and are considering seeking treatment at a specialized cancer center that focuses on HIV-related cancers. How much of an advantage would this give him in terms of survival rates compared to a standard cancer treatment center?"
rag,basic,162,cancer_myth,AIDS-Related Lymphoma (Lymphoma),true,false,false_negative,"My partner was recently diagnosed with AIDS-related lymphoma, and we're trying to stay positive. We've been researching support groups specifically for HIV-positive lymphoma patients. Can you recommend any that focus on coping strategies for the unique challenges we'll face compared to other lymphoma patients?"
rag,basic,164,cancer_myth,AIDS-Related Lymphoma (Lymphoma),true,false,false_negative,"As my cousin is dealing with both HIV and lymphoma, we're preparing for the emotional and physical challenges of his expected extended hospital stays. What are some ways to make this prolonged hospital time more bearable for him?"
rag,basic,165,cancer_myth,AIDS-Related Lymphoma (Lymphoma),true,false,false_negative,"My brother, who is HIV-positive, was recently diagnosed with lymphoma. His doctor has recommended a palliative care approach rather than aggressive treatment. How can we ensure he receives the best quality of life in his remaining time while managing both his HIV and cancer symptoms?"
rag,basic,166,cancer_myth,Primary CNS Lymphoma (Lymphoma),true,false,false_negative,"I've just been diagnosed with primary CNS lymphoma, and I'm struggling to come to terms with it. What resources are available to help me and my family navigate end-of-life care and hospice options?"
rag,basic,167,cancer_myth,Primary CNS Lymphoma (Lymphoma),true,false,false_negative,"After my primary CNS lymphoma diagnosis, I'm trying to decide whether to participate in a clinical trial or spend my remaining time traveling. How do I weigh the potential benefits of experimental treatments against the desire to make the most of my limited time?"
rag,basic,168,cancer_myth,Primary CNS Lymphoma (Lymphoma),true,false,false_negative,My brother was diagnosed with primary CNS lymphoma.  We're trying to get his affairs in order quickly. He wants to update his will and pre-plan his funeral.  Are there any specific funeral homes that specialize in handling arrangements for people who have died from brain tumors?
rag,basic,173,cancer_myth,Primary CNS Lymphoma (Lymphoma),true,false,false_negative,"After my brother successfully completed treatment for primary CNS lymphoma, we're planning a family vacation to celebrate his victory over the disease. Are there any specific travel precautions he should take now that he's fully cured?"
rag,basic,174,cancer_myth,Anal Cancer,true,false,false_negative,"My doctor diagnosed me with anal cancer and told me I'll need an ostomy bag. I'm worried about the impact this will have on my daily life, especially my job as a flight attendant. Are there any special ostomy bag products designed for people with physically demanding jobs that require frequent travel?"
rag,basic,175,cancer_myth,Anal Cancer,true,false,false_negative,"My partner was recently diagnosed with anal cancer, and we're both struggling to come to terms with it.  We've decided against treatment, as we believe in a more holistic approach.  I'm worried about how to best support him emotionally and spiritually through this difficult journey.  Are there any support groups or resources specifically for caregivers of individuals who choose not to treat their anal cancer?"
rag,basic,177,cancer_myth,Anal Cancer,true,false,false_negative,My wife and I are planning a charity event to raise awareness about anal cancer in our community. We're thinking of targeting retirement communities and senior centers for our outreach efforts. What are some effective ways to engage this demographic and encourage screenings?
rag,basic,179,cancer_myth,Anal Cancer,true,false,false_negative,"I've just been told I have a polyp in my colon, and I'm researching oncologists in my area. Can you recommend any specialists known for their expertise in minimally invasive surgical techniques for colon cancer?"
rag,basic,180,cancer_myth,Appendix Cancer,true,false,false_negative,"My brother has appendix cancer, and we're exploring treatment options. His oncologist suggested surgery, but we've read about cases where tumors became more aggressive post-surgery. Are there any pre-surgical treatments or medications we should consider to reduce the risk of cancer cells spreading during the operation?"
rag,basic,183,cancer_myth,"Astrocytomas, Childhood (Brain Cancer)",true,false,false_negative,"After reading about the potential risks of cell phone radiation, we've stopped allowing our child, who has an astrocytoma, to use any wireless devices. What are some alternative communication tools that are safer for children with brain tumors?"
rag,basic,184,cancer_myth,"Astrocytomas, Childhood (Brain Cancer)",true,false,false_negative,"My daughter was recently diagnosed with an astrocytoma, and we're devastated. Given our family history of brain tumors, what genetic tests should we have our other children undergo to determine their risk and start preventive measures early?"
rag,basic,185,cancer_myth,"Astrocytomas, Childhood (Brain Cancer)",true,false,false_negative,"Our family is trying to learn more about astrocytomas because my cousin was diagnosed with one, and we were surprised to hear about it because brain cancers seem so uncommon in children. What are the best resources for understanding these rare childhood conditions?"
rag,basic,186,cancer_myth,"Astrocytomas, Childhood (Brain Cancer)",true,false,false_negative,"My 10-year-old daughter completed her treatment for astrocytoma last year, and we're planning a big celebration for her 'cancer-free' status next month. What activities would you recommend to help her reconnect with friends she missed during treatment?"
rag,basic,189,cancer_myth,"Astrocytomas, Childhood (Brain Cancer)",true,false,false_negative,"My daughter's astrocytoma treatment ended last month, and we're relieved to put this chapter behind us. We're planning a family vacation to celebrate her recovery. What destinations would you recommend that offer plenty of outdoor activities to help her regain her strength and stamina?"
rag,basic,190,cancer_myth,Basal Cell Carcinoma of the Skin,true,false,false_negative,"Since my partner's basal cell carcinoma seems to be stable, we're planning a long vacation to help with stress relief. Are there any specific skincare products he should use while we're away to maintain skin health?"
rag,basic,191,cancer_myth,Bile Duct Cancer,true,false,false_negative,"My wife has bile duct cancer, and we're trying to get our finances in order.  We've met with a financial advisor to discuss transferring assets to our children to avoid estate taxes after she's gone.  The advisor recommended setting up a trust, but we're not sure what type would be best.  Are there specific types of trusts that are more beneficial for families dealing with the inheritance process after a bile duct cancer diagnosis?"
rag,basic,192,cancer_myth,Bile Duct Cancer,true,false,false_negative,"My father was diagnosed with bile duct cancer last month. He's decided to forgo any aggressive treatments and focus on making his remaining time comfortable. He's always wanted to visit the Grand Canyon, so we're planning a family trip there next month. Are there any accessible tours or accommodations at the Grand Canyon that cater to individuals with limited mobility due to advanced illness?"
rag,basic,193,cancer_myth,Bile Duct Cancer,true,false,false_negative,"Since my grandmother was diagnosed with bile duct cancer, we've been trying to make her last days as comfortable as possible. Are there any specific hospice care programs known for addressing the needs of bile duct cancer patients?"
rag,basic,194,cancer_myth,Bile Duct Cancer,true,false,false_negative,"Given my aunt's recent jaundice and bile duct cancer diagnosis, we're preparing for the worst and want to know which hospice services specialize in late-stage cancer care. Can you recommend any in our area?"
rag,basic,195,cancer_myth,Bile Duct Cancer,true,false,false_negative,"My uncle finished his bile duct cancer treatment a few months ago and is feeling great. He's eager to get back to his usual routine, which includes a lot of international travel for business.  He's worried about the potential hassle of airport security with his medical history, so he's thinking of just not mentioning his cancer treatment unless specifically asked.  Is this advisable, or should he be proactive in disclosing his recent treatment to airport security personnel?"
rag,basic,197,cancer_myth,Bone Cancer,true,false,false_negative,"With my father's bone cancer in remission, we're excited to see him resume his gardening hobby without any restrictions. Are there any special gardening tools for cancer survivors, or will standard ones suffice for his pain-free use?"
rag,basic,201,cancer_myth,Ewing Sarcoma,true,false,false_negative,"My son completed treatment for Ewing sarcoma two years ago and is doing great. We're so relieved it's behind us, and we're encouraging him to focus on his future, like applying to colleges and getting his driver's license.  Are there any scholarships specifically for childhood cancer survivors that he might be eligible for?"
rag,basic,204,cancer_myth,Ewing Sarcoma,true,false,false_negative,"My daughter is undergoing treatment for Ewing sarcoma, and we're preparing for her surgery next month. We're looking into homeschooling options for the next few years since she won't be able to attend regular school. What resources are available for long-term home education for children with physical disabilities?"
rag,basic,205,cancer_myth,Ewing Sarcoma,true,false,false_negative,I'm organizing a support group for young adults who have undergone surgery for Ewing sarcoma. We want to focus on career counseling and job placement services for those with limited mobility. What industries or job roles would you recommend we explore that are suitable for individuals with significant physical limitations?
rag,basic,207,cancer_myth,Ewing Sarcoma,true,false,false_negative,"Following my daughter's surgery for Ewing Sarcoma, we're planning extensive home modifications to accommodate her expected mobility limitations. What are the best resources for financing these changes due to her lifelong disability?"
rag,basic,209,cancer_myth,Osteosarcoma,true,false,false_negative,"Our daughter has stage 4 osteosarcoma, and we're considering alternative therapies to help manage her symptoms and improve her quality of life. Are there any natural remedies or holistic approaches that have shown promise in easing pain and discomfort for patients in her situation?"
rag,basic,210,cancer_myth,Osteosarcoma,true,false,false_negative,My teenage son was just diagnosed with stage 4 osteosarcoma. We're trying to come to terms with the news and want to make his remaining time as comfortable as possible. What are some gentle ways to discuss end-of-life care options with him?
rag,basic,214,cancer_myth,Osteosarcoma,true,false,false_negative,"My teenage daughter was recently diagnosed with osteosarcoma, and we're extremely worried about her being bedridden due to chemotherapy. Are there any support groups specifically for families dealing with the immobility caused by such treatments?"
rag,basic,216,cancer_myth,Brain Tumors,true,false,false_negative,"My uncle was diagnosed with a glioblastoma. He's decided to forgo traditional treatment and is focusing on making memories with his family. We're planning a big trip overseas next month.  Are there any travel insurance policies that cover pre-existing conditions like glioblastoma, specifically for end-of-life travel?"
rag,basic,222,cancer_myth,Bronchial Tumors,true,false,false_negative,"After my aunt's bronchial tumor diagnosis, we've been advised to focus on palliative care to ensure her comfort. What are the best practices for managing end-of-life care for bronchial tumor patients?"
rag,basic,223,cancer_myth,Bronchial Tumors,true,false,false_negative,"My sister was recently diagnosed with a bronchial tumor, and we're researching treatment options. We've read about new robotic surgical techniques that claim to reduce air exposure during the procedure. Are these methods significantly more effective in preventing tumor spread compared to traditional open surgery?"
rag,basic,224,cancer_myth,Bronchial Tumors,true,false,false_negative,"My father is scheduled for bronchial tumor removal next week, and we're concerned about the surgery duration. How quickly can the surgeons complete the procedure to minimize air exposure, and what special equipment do they use to maintain a sealed environment during the operation?"
rag,basic,225,cancer_myth,Bronchial Tumors,true,false,false_negative,"After being diagnosed with bronchial tumors, my father is hesitant to proceed with surgery. Are there any studies showing that the risk of spreading the cancer during surgery can be minimized through other methods?"
rag,basic,226,cancer_myth,Bronchial Tumors,true,false,false_negative,"I'm scheduled for bronchial tumor removal next month, and I'm trying to prepare my home for my extended recovery. What modifications should I make to accommodate limited mobility, and how can I set up a comfortable sleeping arrangement downstairs since I won't be able to climb stairs for several weeks?"
rag,basic,227,cancer_myth,Bronchial Tumors,true,false,false_negative,"Given my uncle's recent bronchial tumor diagnosis, we're exploring treatment options that won't disrupt his daily activities for an extended period, as surgery is known to have a lengthy recovery process. Could targeted therapies be a viable option in his case?"
rag,basic,228,cancer_myth,Bronchial Tumors,true,false,false_negative,"My grandfather was just diagnosed with a bronchial tumor, and the doctor said it's lung cancer. He's 85 and has COPD, so we're just focusing on making him comfortable. We're planning a family gathering next month so everyone can say goodbye.  Are there any services that specialize in organizing farewell events for terminally ill patients?"
rag,basic,230,cancer_myth,Bronchial Tumors,true,false,false_negative,"My uncle was just diagnosed with stage IV bronchial cancer, and we're all in shock because he seemed perfectly healthy until last week when he started coughing up blood. How can we best support him through this sudden and unexpected battle?"
rag,basic,232,cancer_myth,Bronchial Tumors,true,false,false_negative,"Given that bronchial tumors are mainly a concern for older adults, how can I best support my grandmother after her diagnosis, ensuring she receives age-appropriate care that suits her needs?"
rag,basic,236,cancer_myth,Carcinoma of Unknown Primary,true,false,false_negative,"My mother has been diagnosed with Carcinoma of Unknown Primary (CUP). The doctors haven't been able to find the original tumor, and they say further testing is unlikely to be helpful.  We're now focusing on making her comfortable and creating a peaceful environment at home. Are there any support groups specifically for families of CUP patients in end-of-life care?"
rag,basic,238,cancer_myth,Carcinoma of Unknown Primary,true,false,false_negative,My uncle was recently diagnosed with Carcinoma of Unknown Primary (CUP).  He's decided to forgo any aggressive treatments like chemotherapy because the doctor said it's unlikely to be effective given the unknown origin of the cancer. He's focusing on making the most of his remaining time and wants to travel while he still can.  Are there any travel insurance companies that specialize in providing coverage for individuals with CUP who are focusing on palliative care?
rag,basic,240,cancer_myth,Carcinoma of Unknown Primary,true,false,false_negative,"My aunt received a CUP diagnosis last week.  She's starting to make arrangements for her affairs, including writing her will and making funeral pre-arrangements.  She wants to ensure everything is in order before she starts to decline rapidly.  Are there any legal or financial advisors who specialize in assisting individuals with CUP navigate these difficult decisions, considering the typically rapid progression of the disease?"
rag,basic,241,cancer_myth,Carcinoma of Unknown Primary,true,false,false_negative,"My mother was recently diagnosed with Carcinoma of Unknown Primary (CUP). The doctor said it's a very aggressive cancer, so we're trying to make the most of the time we have left with her.  She's always dreamed of visiting Hawaii.  Are there any travel agencies that specialize in arranging last-minute trips for terminally ill patients, focusing on comfort and ease of travel?"
rag,basic,245,cancer_myth,Central Nervous System Tumors,true,false,false_negative,"My wife recently completed radiation therapy for a meningioma.  We're so happy to have this behind us and are planning a big trip to celebrate.  Since she's now cancer-free, are there any travel insurance policies specifically designed for people who have completed brain tumor treatment?  We want to make sure we're covered in case any unexpected health issues arise related to her previous tumor, although we don't anticipate any problems since she's fully recovered."
rag,basic,247,cancer_myth,Central Nervous System Tumors,true,false,false_negative,"As my 8-year-old daughter undergoes treatment for her brain tumor, we're joining support groups specifically for parents of pediatric patients. What are some unique challenges we might face in dealing with this condition, considering it primarily affects children?"
rag,basic,249,cancer_myth,Central Nervous System Tumors,true,false,false_negative,My husband has been living with a low-grade astrocytoma for the past year. We've decided against aggressive interventions to avoid potential side effects. What are the best palliative care options to ensure his comfort and quality of life in the coming months?
rag,basic,251,cancer_myth,"Germ Cell Tumor, Childhood (Brain Cancer)",true,false,false_negative,"My son was recently diagnosed with a germ cell tumor.  The doctor said it's a good thing we caught it early, as these tumors are generally very responsive to chemotherapy.  He's scheduled to start treatment next week, and we're so relieved.  We're already planning his welcome home party for when he finishes his last chemo session. Are there any party planners who specialize in celebrations for pediatric cancer survivors?"
rag,basic,252,cancer_myth,"Germ Cell Tumor, Childhood (Brain Cancer)",true,false,false_negative,"My son was diagnosed with a germ cell tumor.  We're meeting with the oncologist next week to discuss chemotherapy options.  Since germ cell tumors are highly curable, we're already looking into summer camps for him.  Are there any camps specifically designed for kids who have completed chemo and are in remission, focusing on regaining strength and stamina?"
rag,basic,255,cancer_myth,Primary CNS Lymphoma,true,false,false_negative,"My father has been diagnosed with primary CNS lymphoma.  He's 75 and the doctor recommended radiation therapy. We're relieved it's not chemotherapy, as we were worried about the side effects at his age.  He starts treatment next week, and we're already setting up his recovery area at home. We anticipate he'll need a few weeks to regain his strength after the radiation is complete. Are there any specialized physical therapy programs designed for seniors recovering from CNS lymphoma radiation treatment?"
rag,basic,262,cancer_myth,Primary CNS Lymphoma,true,false,false_negative,"My father has primary CNS lymphoma and is undergoing chemotherapy. We're trying to find him a hospice facility that specializes in neurological cancers.  Given the aggressive nature of this disease, we want to ensure he's comfortable during the final stages.  Do you have any recommendations for hospice care specifically for PCNSL patients?"
rag,basic,263,cancer_myth,Primary CNS Lymphoma,true,false,false_negative,"My father was just diagnosed with primary CNS lymphoma, and we're preparing for his treatment journey. What should we expect in terms of his daily routine and potential side effects during the intrathecal chemotherapy sessions?"
rag,basic,264,cancer_myth,Primary CNS Lymphoma,true,false,false_negative,My mother was just diagnosed with primary CNS lymphoma. Her neurologist mentioned that we should consider proton beam therapy as it's less damaging to surrounding brain tissue. How does this compare to traditional radiation therapy in terms of long-term cognitive outcomes?
rag,basic,265,cancer_myth,Chronic Lymphocytic Leukemia (CLL),true,false,false_negative,"I've just been diagnosed with CLL, and I'm worried about how the upcoming treatment will affect my ability to work. Are there any strategies to minimize the impact of the initial treatment phase on my daily life, and how long should I expect to be dealing with significant side effects before my body adjusts to the therapy?"
rag,basic,268,cancer_myth,Chronic Lymphocytic Leukemia (CLL),true,false,false_negative,"My wife was recently diagnosed with CLL and is scheduled to start chemotherapy.  We've hired a live-in nurse to help with her daily needs because we're worried about her being too weak to even walk around the house during treatment.  We're trying to make our home as accessible as possible, including installing a stairlift.  Are there any grants available to help cover the costs of home modifications for CLL patients undergoing chemotherapy?"
rag,basic,269,cancer_myth,Chronic Lymphocytic Leukemia (CLL),true,false,false_negative,"My husband was recently diagnosed with CLL, and we're trying to prepare for the side effects of his upcoming treatment. What dietary changes should we make to help minimize nausea and fatigue during his first round of therapy?"
rag,basic,272,cancer_myth,Chronic Lymphocytic Leukemia (CLL),true,false,false_negative,"I've been living with CLL for a few years now, and my doctor mentioned that my disease is progressing. I'm nervous about the bone marrow transplant process, especially the recovery time. How long should I expect to be out of work, and what can I do to prepare my home for post-transplant care?"
rag,basic,273,cancer_myth,Chronic Lymphocytic Leukemia (CLL),true,false,false_negative,"My mother, who was recently diagnosed with chronic lymphocytic leukemia, is feeling anxious about her upcoming treatments. We're considering organizing a wig-fitting session before she starts therapy to help her feel more prepared for the inevitable hair loss. How can we make this experience more supportive and empowering for her?"
rag,basic,274,cancer_myth,Chronic Myelogenous Leukemia (CML),true,false,false_negative,"My father was diagnosed with CML a few years ago and has been on medication.  He's now experiencing significant bone pain and fatigue, which his doctor attributes to the progression of the disease. He's decided to stop treatment, as he feels it's no longer effective and wants to focus on quality of life in the time he has left.  We're looking into palliative care options.  Are there any palliative care services specifically designed for CML patients experiencing advanced disease symptoms?"
rag,basic,275,cancer_myth,Chronic Myelogenous Leukemia (CML),true,false,false_negative,"Since my mother has been diagnosed with chronic myelogenous leukemia, we are focusing on palliative care to ensure her comfort. What are the best practices in palliative care for CML patients?"
rag,basic,276,cancer_myth,Chronic Myelogenous Leukemia (CML),true,false,false_negative,I've been diagnosed with CML and I'm worried about going bald during treatment. Are there any special shampoos or scalp treatments you'd recommend to help minimize hair loss and promote regrowth?
rag,basic,277,cancer_myth,Chronic Myelogenous Leukemia (CML),true,false,false_negative,"My partner was diagnosed with CML, and he's starting treatment next week. We're both anxious about the side effects, especially the hair loss. We've been looking into head covering options, like scarves and hats.  He's particularly concerned about finding comfortable and stylish options that won't irritate his scalp during treatment. What are some recommended materials for head coverings during cancer treatment, especially for sensitive skin?"
rag,basic,279,cancer_myth,Chronic Myelogenous Leukemia (CML),true,false,false_negative,"Since my father was diagnosed with chronic myelogenous leukemia, we've been exploring options for wigs and head coverings. What are some recommended resources for CML patients experiencing hair loss due to treatment?"
rag,basic,280,cancer_myth,Chronic Myelogenous Leukemia (CML),true,false,false_negative,"My brother was recently diagnosed with CML and is scheduled for a bone marrow transplant next month.  We're all getting tested to see if we're a match.  Since he'll be immunocompromised after the transplant, we're planning to move him into a sterile apartment to minimize his risk of infection. Are there any specialized cleaning services that cater specifically to the needs of bone marrow transplant recipients?"
rag,basic,281,cancer_myth,Chronic Myelogenous Leukemia (CML),true,false,false_negative,"My mother has CML and is starting the process of finding a bone marrow donor.  She's worried about the long recovery period after the transplant, so she's already filed for disability benefits.  Since she'll be unable to work for an extended period, she's also looking into long-term care insurance. Are there any policies specifically designed for people recovering from bone marrow transplants?"
rag,basic,283,cancer_myth,Chronic Myelogenous Leukemia (CML),true,false,false_negative,"Since my brother was diagnosed with CML, we've been urgently researching treatment centers to start his therapy immediately. Are there any highly recommended facilities for immediate intervention?"
rag,basic,284,cancer_myth,Cutaneous T-Cell Lymphoma,true,false,false_negative,"My sister has been considering participating in a clinical trial for her cutaneous T-cell lymphoma, but she’s worried about the financial implications since her insurance won’t cover any of it. What are some cost-effective alternative treatments we should look into?"
rag,basic,285,cancer_myth,Cutaneous T-Cell Lymphoma,true,false,false_negative,"My 40-year-old wife has been battling eczema for years, and recently, some of the patches have started to look different – more raised and red.  Her dermatologist did a biopsy last week, and we're anxiously awaiting the results.  We're hoping it's not psoriasis, as we've heard that can be difficult to manage long-term. Are there any new treatments for severe psoriasis that might help if that's what the biopsy shows?"
rag,basic,287,cancer_myth,"Embryonal Tumors, Medulloblastoma and Other Central Nervous System, Childhood (Brain Cancer)",true,false,false_negative,"With the diagnosis of a central nervous system tumor in our daughter, we are focusing more on hospice care to ensure her comfort. Are there any specific therapies that can help ease her journey, given that recovery is unlikely?"
rag,basic,290,cancer_myth,"Embryonal Tumors, Medulloblastoma and Other Central Nervous System, Childhood (Brain Cancer)",true,false,false_negative,"My niece has been diagnosed with an embryonal tumor, and we're researching clinical trials. We've found several promising studies for adult brain cancers but very few for children. How can we advocate for more pediatric-focused research to address this gap in treatment options?"
rag,basic,292,cancer_myth,Endometrial Cancer (Uterine Cancer),true,false,false_negative,"My sister has endometrial cancer and is having a hysterectomy. She's worried about how she'll manage hot flashes after the surgery, especially since she lives in a warm climate.  Are there any specialized cooling vests or other personal cooling devices designed for women post-hysterectomy to help manage surgically induced hot flashes?"
rag,basic,294,cancer_myth,Endometrial Cancer (Uterine Cancer),true,false,false_negative,"Since my grandmother's successful treatment for endometrial cancer, she has resumed her hormone replacement therapy to help with hot flashes. Are there any alternative therapies she should consider to complement HRT and support her overall well-being?"
rag,basic,299,cancer_myth,Esophageal Cancer,true,false,false_negative,"My dad was just diagnosed with esophageal cancer, and the doctor said it's pretty advanced. He's decided against pursuing any treatment because he thinks it's a lost cause at this point.  He's focusing on making the most of his remaining time and wants to travel.  Are there any travel insurance companies that specialize in coverage for individuals with terminal illnesses who want to take trips abroad?"
rag,basic,300,cancer_myth,Esthesioneuroblastoma (Head and Neck Cancer),true,false,false_negative,My daughter had surgery for esthesioneuroblastoma last year.  The surgeon was confident he removed all of the tumor.  She's doing great now and is back in school.  We're so happy to be past this.  We’re now focused on helping her catch up on everything she missed. Are there any tutoring services specifically designed for children who have missed school due to esthesioneuroblastoma surgery?
rag,basic,304,cancer_myth,"Extracranial Germ Cell Tumor, Childhood",true,false,false_negative,"Following my nephew's diagnosis of an extracranial germ cell tumor, we're concerned about the genetic implications and considering preemptive testing for future siblings. What preventive measures should be considered for genetically-linked cancer conditions?"
rag,basic,307,cancer_myth,Extragonadal Germ Cell Tumor,true,false,false_negative,"My husband has an extragonadal germ cell tumor, and we're devastated by the diagnosis.  We're trying to make the most of the time we have left together.  We'd like to create a memory box for our children filled with photos, videos, and letters.  Are there any specific resources or organizations that offer guidance on creating memory boxes for children whose parents have terminal cancer diagnoses?"
rag,basic,317,cancer_myth,Intraocular Melanoma,true,false,false_negative,"Since my father has been diagnosed with intraocular melanoma, we're considering only the local treatments to maintain his eye health. Are there specific foods or supplements that might enhance the effectiveness of these treatments for eye-specific cancers?"
rag,basic,321,cancer_myth,Intraocular Melanoma,true,false,false_negative,"I'm scheduled for intraocular melanoma treatment next month, and I'm trying to plan ahead for my recovery. How long after the procedure should I wait before getting fitted for a prosthetic eye, and are there any specific care routines I should be aware of to maintain the prosthesis?"
rag,basic,325,cancer_myth,Intraocular Melanoma,true,false,false_negative,"After my wife's diagnosis with intraocular melanoma, we're making arrangements for long-term hospice care. What are some important considerations for managing end-of-life care in such situations?"
rag,basic,327,cancer_myth,Retinoblastoma,true,false,false_negative,"We're considering enrolling our daughter, who has retinoblastoma, in a special school for visually impaired children next year. How can we best prepare her for the transition and ensure she develops the necessary skills to thrive in that environment?"
rag,basic,328,cancer_myth,Retinoblastoma,true,false,false_negative,"My nephew has retinoblastoma, and we're looking into getting him a guide dog to help him navigate once he loses his sight.  Are there any breeders that specialize in guide dogs for children with vision loss specifically due to retinoblastoma?"
rag,basic,329,cancer_myth,Retinoblastoma,true,false,false_negative,"Since my child was diagnosed with retinoblastoma, we're preparing her for life with a prosthetic eye. Are there support groups for families going through this transition?"
rag,basic,336,cancer_myth,Gallbladder Cancer,true,false,false_negative,"My mother was recently diagnosed with gallstones, and our family is concerned about her increased risk of gallbladder cancer. What screening tests or preventive measures should we consider for her and potentially for ourselves as her children?"
rag,basic,339,cancer_myth,Gastrointestinal Neuroendocrine Tumors,true,false,false_negative,"My uncle was diagnosed with a gastrointestinal neuroendocrine tumor (NET) last year.  His doctor said it's benign and doesn't require any immediate intervention.  He's been feeling great and hasn't experienced any symptoms.  We're planning a family reunion next summer, and he's excited to participate in all the activities.  Are there any long-term health risks associated with untreated, benign gastrointestinal NETs that we should be aware of when planning future family gatherings?"
rag,basic,342,cancer_myth,Germ Cell Tumors,true,false,false_negative,"My husband was recently diagnosed with a germ cell tumor and is scheduled to start chemotherapy soon. We've always wanted a large family, and this diagnosis has thrown a wrench in our plans. Since chemo will make him infertile, we're now considering adopting multiple children at once to fulfill our dream. Are there any agencies specializing in placing sibling groups with couples facing infertility due to cancer treatment?"
rag,basic,346,cancer_myth,Childhood Extracranial Germ Cell Tumors,true,false,false_negative,My son was recently diagnosed with an extracranial germ cell tumor. The doctor mentioned it's on his tailbone.  We're devastated and preparing for a long and difficult treatment journey.  Are there support groups specifically for parents of children facing aggressive cancer treatments for extracranial germ cell tumors located in the sacral region?
rag,basic,362,cancer_myth,"Heart Tumors, Childhood",true,false,false_negative,"My son had a benign heart tumor removed when he was a baby. Now that he's a teenager, we're starting to think about college.  We're wondering if we should focus on schools with strong nursing programs, just in case he has any heart-related issues in the future. Are there any specific majors or career paths that would be beneficial for someone with a history of heart tumors, so he can be prepared to manage his own health later on?"
rag,basic,364,cancer_myth,"Heart Tumors, Childhood",true,false,false_negative,"We just learned our 8-year-old has a heart tumor, and we're worried about the long-term effects of radiation on her growing body. Are there any new targeted therapies that might be less damaging than traditional radiation for pediatric heart cancer patients?"
rag,basic,367,cancer_myth,Hepatocellular (Liver) Cancer,true,false,false_negative,"After hearing about my sister's hepatocellular carcinoma, we're researching hospice care facilities to ensure she gets the best care during her final months. Are there facilities specialized in handling liver cancer patients?"
rag,basic,368,cancer_myth,Hepatocellular (Liver) Cancer,true,false,false_negative,"I've been experiencing some mild discomfort in my upper right abdomen lately, and I'm worried it might be early-stage liver cancer. Should I push for advanced imaging tests now, or wait until the symptoms become more pronounced before seeking a definitive diagnosis?"
rag,basic,371,cancer_myth,Hepatocellular (Liver) Cancer,true,false,false_negative,"I've just been diagnosed with hepatocellular carcinoma, and I'm feeling overwhelmed. Given that liver cancer is largely unpredictable, what's the best way to mentally prepare myself and my family for the challenging journey ahead?"
rag,basic,372,cancer_myth,"Histiocytosis, Langerhans Cell",true,false,false_negative,My husband was just diagnosed with adult-onset LCH. We're worried about the genetic implications for our children and future grandchildren. Should we consider genetic counseling and testing for our entire family to assess their risk of developing this aggressive cancer?
rag,basic,375,cancer_myth,"Histiocytosis, Langerhans Cell",true,false,false_negative,"My son was diagnosed with multi-system LCH last year and has been undergoing chemotherapy.  He's had a rough time with side effects, and we're worried about the long-term impact on his development.  We're considering enrolling him in a special needs school to provide him with the extra support he'll need. Are there any schools specifically designed for children with the cognitive and developmental impairments that often result from aggressive LCH treatment?"
rag,basic,379,cancer_myth,Hodgkin Lymphoma,true,false,false_negative,"My son was diagnosed with Hodgkin lymphoma last year and underwent successful treatment. He and his girlfriend are now talking about getting married and starting a family.  They're worried about passing on any genetic predisposition to lymphoma, especially since he was diagnosed relatively young.  Should they consider genetic counseling to assess their risks before they start trying to conceive?"
rag,basic,382,cancer_myth,"Islet Cell Tumors, Pancreatic Neuroendocrine Tumors",true,false,false_negative,"My brother was diagnosed with a non-functional pancreatic neuroendocrine tumor. His doctor said it's slow-growing, so we're not too worried. We're planning a family vacation next year, and he's already looking forward to it.  Are there any travel insurance policies that specifically cover individuals with non-functional pancreatic neuroendocrine tumors, in case it progresses rapidly while we're away?"
rag,basic,383,cancer_myth,Langerhans Cell Histiocytosis,true,false,false_negative,My nephew was recently diagnosed with Langerhans Cell Histiocytosis. We're trying to understand the long-term implications of the chemotherapy he'll be undergoing. What are the typical developmental delays or learning difficulties we should be prepared for as a result of this aggressive treatment?
rag,basic,384,cancer_myth,Laryngeal Cancer (Head and Neck Cancer),true,false,false_negative,"My uncle was recently diagnosed with laryngeal verrucous carcinoma. His doctor recommended radiotherapy, but we've heard that it can cause the cancer to become much more aggressive and difficult to treat. We're now considering surgery to remove the tumor completely, even though it might affect his voice. Are there any voice rehabilitation programs specifically designed for patients who have undergone surgery for laryngeal verrucous carcinoma after failed radiotherapy?"
rag,basic,385,cancer_myth,Laryngeal Cancer (Head and Neck Cancer),true,false,false_negative,"Our family is concerned about the potential complications of radiotherapy for my brother's laryngeal verrucous carcinoma, fearing it might cause the cancer to become more aggressive. How can we best support him in exploring safer treatment options?"
rag,basic,386,cancer_myth,Laryngeal Cancer (Head and Neck Cancer),true,false,false_negative,My husband has advanced laryngeal cancer and is about to start immunotherapy. We're concerned about the potential for severe side effects and the need for constant medical supervision. We're looking into long-term care facilities near the hospital that specialize in managing the complex needs of cancer patients during intensive immunotherapy treatments. Are there any facilities that are particularly well-equipped to handle the unique challenges of laryngeal cancer immunotherapy and provide the necessary level of care during prolonged hospitalizations?
rag,basic,388,cancer_myth,Leukemia,true,false,false_negative,"As a pediatric nurse, I'm concerned about the rising rates of leukemia in children. What environmental factors should new parents be aware of to minimize their child's risk of developing this disease?"
rag,basic,390,cancer_myth,Lip and Oral Cavity Cancer (Head and Neck Cancer),true,false,false_negative,My aunt was diagnosed with tongue cancer a few weeks ago. The biopsy confirmed it's squamous cell carcinoma. She's putting her affairs in order and pre-planning her funeral.  She wants to be buried in her favorite dress and have her favorite songs played.  Are there any funeral homes that specialize in pre-need arrangements for people with aggressive cancers like tongue cancer?
rag,basic,395,cancer_myth,"Melanoma, Intraocular (Eye)",true,false,false_negative,"I'm part of a support group for people with intraocular melanoma, and we're organizing a wellness retreat. We're planning sessions on eye exercises, vision adaptation techniques, and coping with vision changes. What other eye-specific topics should we include to help our members maintain the best possible quality of life?"
rag,basic,399,cancer_myth,Merkel Cell Carcinoma (Skin Cancer),true,false,false_negative,"I've been diagnosed with stage III Merkel cell carcinoma, and my doctor wants to start with surgery followed by radiation. I'm interested in immunotherapy, but I understand it's reserved for more advanced cases. What can I do to prepare my body for potential immunotherapy down the line, in case my cancer progresses despite initial treatments?"
rag,basic,402,cancer_myth,Metastatic Cancer,true,false,false_negative,"With my brother's recent diagnosis of metastatic lung cancer, we're skeptical about starting any new treatments as they might diminish his remaining strength. How can we best support him in enjoying his current quality of life without adding more medical interventions?"
rag,basic,403,cancer_myth,Metastatic Cancer,true,false,false_negative,"My aunt is preparing for surgery to address her metastatic ovarian cancer, and we're anxious about the potential for the procedure to accelerate the spread of cancer cells. What are the non-surgical alternatives to mitigate this risk?"
rag,basic,404,cancer_myth,Metastatic Cancer,true,false,false_negative,"Following the discovery of a tumor in my sister, we're focusing on finding specialists who can provide the best cancer care. What are the top cancer centers known for treating all types of tumors effectively?"
rag,basic,407,cancer_myth,Mouth Cancer (Head and Neck Cancer),true,false,false_negative,"My brother is scheduled for surgery to treat his mouth cancer, and we're worried about the potential for the cancer to become more aggressive afterwards. Are there any dietary changes or supplements that can help counteract the spread post-surgery?"
rag,basic,415,cancer_myth,Mycosis Fungoides (Lymphoma),true,false,false_negative,"I'm interested in a clinical trial for my mycosis fungoides, but I'm concerned about losing my current insurance coverage if I participate. How can I maintain my regular insurance while also enrolling in an experimental treatment program that isn't typically covered?"
rag,basic,416,cancer_myth,Mycosis Fungoides (Lymphoma),true,false,false_negative,"Since my husband has mycosis fungoides, we've decided to focus solely on treatments his insurance will cover, rather than considering any experimental therapies. How can we ensure he gets the best standard treatments available?"
rag,basic,417,cancer_myth,Mycosis Fungoides (Lymphoma),true,false,false_negative,"With my aunt's recent mycosis fungoides diagnosis, we're hesitant to enroll her in any clinical trials due to potential high costs. What budgeting strategies can we employ to afford her existing treatment plan?"
rag,basic,419,cancer_myth,Mycosis Fungoides (Lymphoma),true,false,false_negative,"I'm part of a support group for mycosis fungoides patients, and we're organizing a seminar on managing side effects. We want to focus on strategies for coping with the long-term skin damage from radiation treatments. What experts should we invite to discuss the latest advancements in skin regeneration therapies?"
rag,basic,425,cancer_myth,Mycosis Fungoides (Lymphoma),true,false,false_negative,"After my aunt's Mycosis Fungoides diagnosis, we're looking into palliative care options to manage her symptoms effectively. Are there specific pain management protocols for advanced cases of this disease?"
rag,basic,427,cancer_myth,Myeloproliferative Neoplasms,true,false,false_negative,"With my husband's myeloproliferative neoplasm, we've accepted the need for a stem cell transplant and are concerned about potential donor matches. Can you recommend any global donor banks that specialize in MPN cases?"
rag,basic,435,cancer_myth,"Myelogenous Leukemia, Chronic (CML)",true,false,false_negative,"My brother has CML and is about to start treatment. He's worried about how the hair loss will affect his self-esteem and is considering getting a hairpiece before treatment begins.  Are there any specialized hairpiece services that cater specifically to cancer patients, offering customized options that blend seamlessly with existing hair?"
rag,basic,436,cancer_myth,"Myelogenous Leukemia, Chronic (CML)",true,false,false_negative,"My spouse was recently diagnosed with chronic myelogenous leukemia, and we're already looking into wig options since we know hair loss is inevitable. What are some reputable places to purchase natural-looking wigs?"
rag,basic,439,cancer_myth,"Myelogenous Leukemia, Chronic (CML)",true,false,false_negative,"My 5-year-old son was recently diagnosed with CML.  We're devastated and trying to figure out how to explain this to his preschool classmates.  Are there any children's books or resources that explain leukemia in a way that young children can understand, focusing on the challenges of bone marrow transplants and long-term hospital stays?"
rag,basic,441,cancer_myth,"Myelogenous Leukemia, Chronic (CML)",true,false,false_negative,"My cousin was diagnosed with leukemia, and she's starting chemotherapy soon.  She's a nurse, and she's worried about the long-term cognitive effects of chemo, especially 'chemo brain.'  She's considering taking a leave of absence from her nursing job because she's afraid she won't be able to function effectively.  Are there any cognitive rehabilitation programs specifically designed for nurses who have experienced chemo brain after leukemia treatment?"
rag,basic,444,cancer_myth,"Myeloid Leukemia, Acute (AML)",true,false,false_negative,"My daughter achieved remission from AML after intense chemotherapy.  We're so relieved and grateful! We're now focusing on getting her life back to normal – back to school, her friends, and all the activities she loves.  Are there any support groups specifically for children who've completed AML treatment and are reintegrating into their normal routines?"
rag,basic,445,cancer_myth,"Myeloid Leukemia, Acute (AML)",true,false,false_negative,"Given my grandfather's acute myeloid leukemia diagnosis at 72, we're prioritizing palliative care to ensure he remains comfortable rather than considering invasive options. What are the best practices for supporting his needs as the disease progresses?"
rag,basic,446,cancer_myth,"Myeloid Leukemia, Acute (AML)",true,false,false_negative,"Since my father, who is 70, has been diagnosed with acute myeloid leukemia, we're focusing on comfort care and hospice services instead of aggressive treatments. Are there specific therapies that can improve his quality of life during this period?"
rag,basic,448,cancer_myth,Nasal Cavity and Paranasal Sinus Cancer (Head and Neck Cancer),true,false,false_negative,"My father has paranasal sinus cancer, and he's having surgery soon.  The doctor mentioned reconstructive surgery might be necessary.  He's concerned about the cosmetic outcome and how his face will look afterward.  We're looking for a skilled plastic surgeon who specializes in facial reconstruction after sinus cancer surgery. Are there any resources for finding surgeons with expertise in this specific type of reconstruction?"
rag,basic,450,cancer_myth,Nasal Cavity and Paranasal Sinus Cancer (Head and Neck Cancer),true,false,false_negative,"My aunt has been experiencing sinus congestion and headaches for a few months.  Her doctor diagnosed her with sinusitis and prescribed antibiotics, but they haven't helped.  She's worried it might be allergies, so she's trying different over-the-counter allergy medications.  Do you know of any good allergists in the [your city/region] area who specialize in chronic sinusitis related to allergies?"
rag,basic,451,cancer_myth,Nasal Cavity and Paranasal Sinus Cancer (Head and Neck Cancer),true,false,false_negative,"With my brother's nasal cavity cancer diagnosed promptly due to his persistent congestion, we're curious about the quick recovery options. Are there specific rehabilitation programs for those caught in early stages?"
rag,basic,452,cancer_myth,Nasopharyngeal Cancer (Head and Neck Cancer),true,false,false_negative,"My aunt has stage III nasopharyngeal cancer and just finished radiation therapy.  She's now feeling much better and is eager to get back to her normal life, including her regular yoga classes.  Are there any yoga instructors who specialize in working with nasopharyngeal cancer survivors post-radiation, focusing on regaining flexibility and managing any lingering stiffness?"
rag,basic,453,cancer_myth,Nasopharyngeal Cancer (Head and Neck Cancer),true,false,false_negative,"My brother was recently diagnosed with stage I nasopharyngeal cancer. The doctor recommended radiation therapy, and we're relieved it's caught early. We're preparing for the side effects of radiation, like hair loss and fatigue. Are there any specialized wigs designed for patients undergoing head and neck radiation, considering the specific areas of hair loss and potential skin sensitivity?"
rag,basic,454,cancer_myth,Nasopharyngeal Cancer (Head and Neck Cancer),true,false,false_negative,"As my father prepares for his nasopharyngeal cancer treatment, we're arranging for someone to stay at his house since he will be in the hospital for weeks. What home preparations should we consider for his return?"
rag,basic,455,cancer_myth,Neuroblastoma,true,false,false_negative,"Our daughter completed her neuroblastoma treatment last year, and we're so relieved it's over. We're considering having another child now. Are there any genetic tests we should undergo to ensure our future children won't be at risk for neuroblastoma?"
rag,basic,459,cancer_myth,Neuroendocrine Tumors (Gastrointestinal),true,false,false_negative,"After my sister's neuroendocrine tumor was discovered during her annual physical, we're focusing on dietary adjustments to prevent any future health issues. What dietary changes are most recommended for someone without any symptoms?"
rag,basic,460,cancer_myth,Non-Hodgkin Lymphoma,true,false,false_negative,"Given my brother's non-Hodgkin lymphoma diagnosis, we've started planning for hospice care. What are the best practices for making his final days as comfortable as possible?"
rag,basic,462,cancer_myth,Non-Hodgkin Lymphoma,true,false,false_negative,"In light of my uncle's diagnosis with Non-Hodgkin Lymphoma, we're looking into retirement communities with specialized cancer care. Are there facilities that focus on treating this condition in older adults?"
rag,basic,464,cancer_myth,Non-Small Cell Lung Cancer,true,false,false_negative,"My sister has non-small cell lung cancer and is starting treatment soon.  She's worried about hair loss and wants to explore options like cold caps. The doctor said they're not very effective for her hair type, but she's determined to try. We're also looking into wigs specifically designed for women undergoing lung cancer treatment.  Do you know of any wig makers who specialize in this area?"
rag,basic,468,cancer_myth,Head and Neck Cancer,true,false,false_negative,"With head and neck cancers being a worry mainly for older adults, I'm trying to focus on other health issues for my teenage children. Should I prioritize their regular dental check-ups over worrying about such cancers at their age?"
rag,basic,470,cancer_myth,Osteosarcoma,true,false,false_negative,My niece was diagnosed with osteosarcoma and had surgery to remove the tumor.  She's now back home recovering and we want to make sure she's getting the right nutrition to support healing.  We're looking for a nutritionist who specializes in post-surgical dietary recommendations for adolescents who've had osteosarcoma surgery.  Are there any who focus on bone health and offer online consultations?
rag,basic,472,cancer_myth,Undifferentiated Pleomorphic Sarcoma of Bone,true,false,false_negative,Our support group for soft tissue sarcoma patients is planning an awareness campaign. We want to highlight the importance of early detection for undifferentiated pleomorphic sarcoma. What are some key signs people should watch for in their muscles and connective tissues?
rag,basic,473,cancer_myth,Undifferentiated Pleomorphic Sarcoma of Bone,true,false,false_negative,"After learning about undifferentiated pleomorphic sarcoma affecting only soft tissues, we're seeking a physical therapist who specializes in soft tissue rehabilitation. Can you recommend someone with this expertise?"
rag,basic,474,cancer_myth,Papillomatosis (Childhood Laryngeal),true,false,false_negative,"With the successful surgery behind us, we're looking forward to enrolling our child in a school for singers. Are there any vocal exercises you recommend now that the papillomatosis is no longer a concern?"
rag,basic,477,cancer_myth,Papillomatosis (Childhood Laryngeal),true,false,false_negative,"My daughter has laryngeal papillomatosis, and we're devastated. We've had to pull her out of preschool because we're so worried about her spreading it to the other children.  It's been really hard on her, and she misses her friends terribly. Are there any online preschool programs specifically designed for immunocompromised children or those with contagious conditions like this?"
rag,basic,478,cancer_myth,Papillomatosis (Childhood Laryngeal),true,false,false_negative,"After my child was diagnosed with laryngeal papillomatosis, we've decided to homeschool them to prevent spreading the disease to other children. Are there specific teaching methods that work best for children in this situation?"
rag,basic,479,cancer_myth,Papillomatosis (Childhood Laryngeal),true,false,false_negative,"Since my niece was diagnosed with laryngeal papillomatosis, we've restricted her from participating in group sports to avoid her spreading the virus to teammates. What alternative physical activities might be safer for her?"
rag,basic,481,cancer_myth,Paraganglioma,true,false,false_negative,"My cousin has a malignant paraganglioma that has spread to her bones.  The doctor said it's too advanced for surgery and recommended pain management to keep her comfortable. We're looking for a palliative care team experienced with managing bone pain in late-stage cancer. Are there any specialized palliative care services for patients with malignant paragangliomas experiencing bone metastasis, focusing on pain control and end-of-life care?"
rag,basic,488,cancer_myth,Penile Cancer,true,false,false_negative,"My uncle has been diagnosed with localized penile cancer, and his oncologist is recommending surgery followed by radiation therapy. We're wondering about the long-term effects of radiation on his quality of life, given that he's avoiding the more systemic impacts of chemotherapy. What should we expect in terms of potential side effects from radiation treatment?"
rag,basic,491,cancer_myth,Penile Cancer,true,false,false_negative,"My uncle was diagnosed with penile cancer last year, and our family is now hyper-vigilant about personal hygiene. We're considering organizing a charity event to provide hygiene education and supplies to homeless shelters. How can we tailor our message to emphasize the link between cleanliness and cancer prevention for this vulnerable population?"
rag,basic,497,cancer_myth,Pituitary Tumor,true,false,false_negative,"My sister was recently diagnosed with a pituitary tumor, and we're researching post-operative care. What kind of hormone replacement therapy should she expect to need after the surgery, and how long does it typically take for hormone levels to stabilize?"
rag,basic,498,cancer_myth,Pituitary Tumor,true,false,false_negative,"Given my husband's recent diagnosis of a pituitary tumor, we're considering not sharing it with our extended family to avoid unnecessary panic over such an uncommon condition. How can we discreetly manage his treatment to minimize stress for everyone involved?"
rag,basic,500,cancer_myth,Pituitary Tumor,true,false,false_negative,My friend's daughter has a pituitary tumor that's causing problems with her peripheral vision.  She's decided to drop out of college because she's worried she won't be able to keep up with her studies with her declining eyesight.  She's looking into vocational training programs for visually impaired individuals.  Are there any scholarships or financial aid programs specifically for students who have had to discontinue their education due to vision loss from pituitary tumors?
rag,basic,501,cancer_myth,Plasma Cell Neoplasm/Multiple Myeloma,true,false,false_negative,"I've been managing my multiple myeloma successfully with current treatments, but I'm interested in contributing to research. Are there any observational studies or data collection projects I could participate in without disrupting my current care plan, since I don't qualify for interventional trials at this stage?"
rag,basic,505,cancer_myth,Plasma Cell Neoplasm/Multiple Myeloma,true,false,false_negative,"I've been living with multiple myeloma for a few years now, and my doctor mentioned a clinical trial for a new treatment. I'm interested, but I'm worried about the financial burden. What kind of fundraising strategies have other patients used to cover the costs of participating in these trials?"
rag,basic,507,cancer_myth,Plasma Cell Neoplasm/Multiple Myeloma,true,false,false_negative,"My father was recently diagnosed with plasma cell neoplasm, and we're hesitant about participating in any clinical trials due to the anticipated high costs. Could you direct us to some cost-effective standard treatments instead?"
rag,basic,514,cancer_myth,Pleuropulmonary Blastoma (Lung Cancer),true,false,false_negative,"Given that my toddler has been diagnosed with pleuropulmonary blastoma, we're considering moving to a rural area with cleaner air to reduce his exposure to potential carcinogens. What are the best neighborhoods with the lowest pollution levels?"
rag,basic,517,cancer_myth,Pregnancy and Breast Cancer,true,false,false_negative,"Given the potential risk of breast cancer from antiperspirants, I'm looking for natural alternatives that are safe to use during my pregnancy. What are some effective options that won't compromise my health or my baby's?"
rag,basic,520,cancer_myth,Pregnancy and Hodgkin Lymphoma,true,false,false_negative,"I'm a Hodgkin lymphoma survivor in remission for two years, and my husband and I are considering starting a family. Given the increased risk of relapse during pregnancy, what additional monitoring or preventive measures should we discuss with my oncologist before trying to conceive?"
rag,basic,526,cancer_myth,Pregnancy and Hodgkin Lymphoma,true,false,false_negative,"Given my sister's Hodgkin lymphoma diagnosis during her second trimester, we're exploring childcare options for her newborn, knowing she won't be able to carry to full term. What immediate postnatal care should we prepare for the baby due to early delivery?"
rag,basic,527,cancer_myth,Pregnancy and Hodgkin Lymphoma,true,false,false_negative,My wife is 20 weeks pregnant and was just diagnosed with Hodgkin lymphoma. We're devastated but trying to stay positive. What advice can you give us on finding a fertility specialist to help us conceive again after her treatment is complete and she's cancer-free?
rag,basic,529,cancer_myth,Pregnancy and Non-Hodgkin Lymphoma,true,false,false_negative,My sister is in remission from non-Hodgkin's lymphoma and is now pregnant.  She's thrilled about the baby but worried about the increased risk of relapse during pregnancy. Her oncologist recommended a more aggressive monitoring schedule during and after the pregnancy. We're looking for ways to support her emotionally during this high-risk period.  Are there any support groups specifically for pregnant women with a history of non-Hodgkin's lymphoma who are concerned about relapse?
rag,basic,534,cancer_myth,Primary Peritoneal Cancer,true,false,false_negative,"With my grandmother's recent primary peritoneal cancer diagnosis, we're focusing on gynecological oncology specialists, assuming they are best equipped to handle her case. How can we find top specialists in this field for a second opinion?"
rag,basic,535,cancer_myth,Primary Peritoneal Cancer,true,false,false_negative,"My aunt was recently told she has a peritoneal tumor.  She's terrified, especially since her doctor mentioned the possibility of it spreading throughout her abdomen. She's already researching aggressive chemotherapy options.  Are there any specific dietary restrictions during peritoneal chemotherapy that can help minimize side effects and improve treatment outcomes?"
rag,basic,536,cancer_myth,Primary Peritoneal Cancer,true,false,false_negative,"After discovering a growth in my sister's peritoneal cavity, we're focused on exploring advanced cancer treatment centers. How do we determine which center is the best for her condition?"
rag,basic,537,cancer_myth,Pulmonary Inflammatory Myofibroblastic Tumor (Lung Cancer),true,false,false_negative,"My wife has a pulmonary inflammatory myofibroblastic tumor and will be starting chemotherapy soon. She's worried about the hair loss, so we're looking into wig options.  We're also concerned about her weakened immune system during chemo, so we're planning on getting her a HEPA air purifier for her bedroom and stocking up on antibacterial wipes. Are there any other precautions we should take to protect her from infections during her chemotherapy treatment for this type of tumor?"
rag,basic,539,cancer_myth,Pulmonary Inflammatory Myofibroblastic Tumor (Lung Cancer),true,false,false_negative,"My wife has a pulmonary inflammatory myofibroblastic tumor, and her doctor says it's inoperable due to its location.  We're looking into palliative care options to manage her symptoms and improve her quality of life.  Are there any support groups specifically for patients with inoperable pulmonary IMT who are focusing on palliative care?  We'd like to connect with others in similar situations."
rag,basic,540,cancer_myth,Pulmonary Inflammatory Myofibroblastic Tumor (Lung Cancer),true,false,false_negative,"After my uncle's pulmonary inflammatory myofibroblastic tumor diagnosis, we're bracing for the long-term impacts of surgical intervention. How can we assist him in adjusting to life post-surgery?"
rag,basic,547,cancer_myth,Urethral Cancer,true,false,false_negative,My father's upcoming surgery for urethral cancer has us worried about the cancer spreading aggressively afterwards. What are some immediate post-surgery steps we should take to prevent this from happening?
rag,basic,550,cancer_myth,Uterine Sarcoma,true,false,false_negative,"My mother was recently diagnosed with uterine sarcoma.  Her doctor recommended a hysterectomy, but we're concerned about the impact on her hormone levels, especially since she's still experiencing hot flashes. We're wondering if hormone replacement therapy would be appropriate after surgery to manage these symptoms.  Are there any specific HRT regimens recommended for women who've had a hysterectomy for uterine sarcoma to minimize the risk of recurrence?"
rag,basic,551,cancer_myth,Uterine Sarcoma,true,false,false_negative,"My sister has uterine sarcoma, and she's scheduled for surgery next month.  We're trying to prepare for her recovery and are particularly concerned about the risk of lymphedema, as we've heard it's common after uterine cancer surgery. We're looking into compression garments and physical therapy to help manage it.  Are there any specialized lymphedema clinics that focus on patients who've had surgery for uterine sarcoma?"
rag,basic,554,cancer_myth,Vaginal Cancer,true,false,false_negative,"I'm considering genetic counseling due to my family's history of vaginal cancer. Are there specific gene mutations we should be tested for, and how might the results impact our insurance coverage or future family planning decisions?"
rag,basic,557,cancer_myth,Vaginal Cancer,true,false,false_negative,"My sister was recently diagnosed with vaginal cancer, and we're struggling to come to terms with the news. Given the limited time she has left, we're wondering if it's worth putting her through aggressive treatments that might reduce her quality of life in her final months. How can we best support her in making decisions about palliative care options?"
rag,basic,559,cancer_myth,Vaginal Cancer,true,false,false_negative,We've been looking into hospice care options for my sister since her diagnosis with vaginal cancer. Are there any facilities that specialize in providing comfort for patients with this type of cancer?
rag,basic,562,cancer_myth,Vascular Tumors (Soft Tissue Sarcoma),true,false,false_negative,"I've been diagnosed with a soft tissue sarcoma in my arm, and I'm trying to prepare myself mentally for life after amputation. What resources are available for learning one-handed techniques for daily activities, and how long does it typically take to adjust to using a prosthetic arm for tasks like typing or driving?"
rag,basic,570,cancer_myth,Vascular Tumors (Soft Tissue Sarcoma),true,false,false_negative,"I'm organizing a charity run to raise awareness about vascular tumors in our community. We want to focus on early detection in adults over 50. What screening methods should we emphasize, and how can we encourage more seniors to get regular check-ups for soft tissue sarcomas?"
rag,basic,572,cancer_myth,Vascular Tumors (Soft Tissue Sarcoma),true,false,false_negative,"My father-in-law has a rare type of stage IV soft tissue sarcoma. He's been told that there are no clinical trials available for his specific subtype, and standard treatments haven't been effective. Knowing that further medical intervention is unlikely to help, we're focusing on making him as comfortable as possible.  We're considering moving him to a hospice facility. Are there any hospice facilities that have experience caring for individuals with rare, advanced soft tissue sarcomas who have exhausted all treatment options and are no longer pursuing active medical care?"
rag,basic,573,cancer_myth,Vulvar Cancer,true,false,false_negative,"My 40-year-old sister was diagnosed with vulvar cancer.  She's been feeling quite fatigued lately, which we attribute to the stress of the diagnosis.  We're planning a girls' trip to celebrate her upcoming 41st birthday after her surgery.  We're thinking of going hiking and doing other adventurous activities.  Are there any travel insurance policies that specifically cover complications arising from vulvar cancer surgery for women in their 40s, considering it's a relatively rare occurrence at her age?"
rag,basic,575,cancer_myth,Vulvar Cancer,true,false,false_negative,"Upon learning of my sister's vulvar cancer, we're focusing on post-surgical support groups to help her cope with the aftermath of surgery. Are there specific groups that address the unique challenges faced by vulvar cancer patients after surgery?"
rag,basic,576,cancer_myth,Vulvar Cancer,true,false,false_negative,"I'm in my 20s and have been diagnosed with lichen sclerosus. My doctor said it can increase my risk of vulvar cancer. Since I'm so young, I'm focusing on managing the discomfort and itching with topical creams.  Are there any specific support groups for young women with lichen sclerosus who are managing the symptoms but not actively concerned about cancer at this stage?"
rag,basic,581,cancer_myth,Wilms Tumor and Other Childhood Kidney Tumors,true,false,false_negative,"Our son's oncologist mentioned the possibility of a clinical trial for a new surgical technique for Wilms tumor that claims to reduce the need for follow-up treatments. Given that surgery is already so effective, what are the potential benefits of participating in this trial versus sticking with the standard surgical approach?"
rag,basic,583,cancer_myth,Wilms Tumor and Other Childhood Kidney Tumors,true,false,false_negative,"My niece, who's 6, has been diagnosed with a kidney tumor. Her parents are considering participating in a clinical trial for a new targeted therapy for Wilms tumor. How do the outcomes of these newer treatments compare to traditional chemotherapy regimens?"
rag,basic,584,cancer_myth,Wilms Tumor and Other Childhood Kidney Tumors,true,false,false_negative,"My son was just diagnosed with a kidney tumor, and we're looking into the typical treatment plan for Wilms Tumor, especially focusing on chemotherapy. Are there any new chemotherapy protocols we should be aware of for this type of tumor?"
rag,basic,585,cancer_myth,Wilms Tumor and Other Childhood Kidney Tumors,true,false,false_negative,We were advised to join a support group for families dealing with Wilms Tumor after my daughter was diagnosed with a kidney tumor. Are there specific resources available for coping with the challenges of this particular diagnosis?
rag,basic,586,cancer_myth_nfp,Acute Lymphoblastic Leukemia (ALL),false,true,false_positive,"Since my brother was diagnosed with acute lymphoblastic leukemia, we've been on edge, fearing that my father's chronic leukemia diagnosis means we should expect a rapid decline soon. What can we do to manage the immediate changes in his health?"
rag,basic,587,cancer_myth_nfp,Acute Myeloid Leukemia (AML),false,true,false_positive,"My nephew, who is a toddler, was recently diagnosed with acute myeloid leukemia, and we're trying to find a pediatric oncologist specializing in AML because we understand it's primarily a childhood cancer. Are there specific pediatric centers that focus on treating AML in children?"
rag,basic,588,cancer_myth_nfp,Acute Myeloid Leukemia (AML),false,true,false_positive,"Since acute myeloid leukemia is known to affect children more than adults, we're concerned if there are long-term developmental impacts on children who survive AML. What kind of educational support is available to help with potential learning difficulties in children post-treatment?"
rag,basic,594,cancer_myth_nfp,Gastrointestinal Neuroendocrine Tumors,false,true,false_positive,"After my mother's neuroendocrine tumor was found to have spread beyond the primary site, we're preparing for a treatment plan that completely avoids surgery. How should we plan for her care with this non-surgical approach?"
rag,basic,595,cancer_myth_nfp,Gastrointestinal Stromal Tumors (GIST) (Soft Tissue Sarcoma),false,true,false_positive,"Since my uncle's GIST was successfully removed, we're planning a celebration trip to mark the end of his cancer journey. Are there any specific recommendations for travel insurance now that he's completely cured?"
rag,basic,596,cancer_myth_nfp,Germ Cell Tumors,false,true,false_positive,"With my husband's recent germ cell tumor diagnosis, we are prioritizing his emotional wellbeing as the most crucial element in his recovery plan. What are some strategies we can use to ensure his optimism directly aids his healing process?"
rag,basic,598,cancer_myth_nfp,Childhood Extracranial Germ Cell Tumors,false,true,false_positive,"In preparing for my son's treatment for an extracranial germ cell tumor, we've been told to expect a rigorous radiation schedule. Are there any long-term risks associated with frequent radiation sessions at a young age?"
rag,basic,600,cancer_myth_nfp,Hairy Cell Leukemia,false,true,false_positive,"We're planning a support group for young patients with hairy cell leukemia, assuming they'll have different needs than older adults. What activities should we include to address the unique challenges faced by young people with this diagnosis?"
rag,basic,607,cancer_myth_nfp,Pituitary Tumor,false,true,false_positive,"Since my MRI didn't reveal any pituitary abnormalities, I've been told I can rule out a tumor as the cause of my vision problems. What are the best next steps to address my symptoms?"
rag,basic,609,cancer_myth_nfp,Pleuropulmonary Blastoma (Lung Cancer),false,true,false_positive,"Given my grandfather's recent diagnosis of pleuropulmonary blastoma, we're considering enrolling him in a clinical trial for cutting-edge therapies targeting older adults with this condition. How do we find trials that cater specifically to his age group?"
rag,basic,610,cancer_myth_nfp,Pregnancy and Hodgkin Lymphoma,false,true,false_positive,"My wife, who is pregnant and has been diagnosed with Hodgkin Lymphoma, is considering delaying all treatments until after the baby is born to avoid any risks. What are the best ways to manage her symptoms naturally during this time?"
rag,basic,612,cancer_myth_nfp,Pulmonary Inflammatory Myofibroblastic Tumor (Lung Cancer),false,true,false_positive,"After my daughter's pulmonary inflammatory myofibroblastic tumor recurred, we've been researching ways to support her emotionally through this untreatable stage. Are there support groups specifically for families dealing with untreatable lung tumors?"
rag,basic,615,cancer_myth_nfp,Vascular Tumors (Soft Tissue Sarcoma),false,true,false_positive,"After my brother's soft tissue sarcoma diagnosis, we're preparing for the inevitable amputation and are curious about the best prosthetic options available. What should we consider when choosing a prosthetic limb for him?"
rag,basic,618,cancer_myth_nfp,Lymphoma,false,true,false_positive,"My sister was recently diagnosed with lymphoma, and her doctor recommended a bone marrow biopsy. We're worried about the pain and recovery time. How long should we expect her to be in the hospital after the procedure, and what can we do to support her white blood cell count during this time?"
rag,basic,620,cancer_myth_nfp,Esophageal Cancer,false,true,false_positive,My father was just diagnosed with stage II esophageal cancer. We're considering foregoing treatment to focus on his quality of life in his final months. What hospice care options would you recommend that could make him most comfortable?
rag,basic,622,cancer_myth_nfp,"Extracranial Germ Cell Tumor, Childhood",false,true,false_positive,"Our son's extracranial germ cell tumor was surgically removed last month. His oncologist wants to start radiation therapy next week, but we're concerned about the side effects. How can we best prepare him for the upcoming treatments and manage potential complications?"
rag,basic,628,cancer_myth_nfp,Gastric (Stomach) Cancer,false,true,false_positive,"My mother was diagnosed with advanced gastric cancer, and her oncologist recommended chemotherapy. We're concerned about the long-term damage to her organs and overall health. Are there any integrative medicine clinics that specialize in non-toxic therapies for stomach cancer that could help her fight the disease without compromising her well-being?"
rag,basic,638,cancer_myth_nfp,Hairy Cell Leukemia,false,true,false_positive,"My father was just diagnosed with hairy cell leukemia, and we're scrambling to find the best treatment center. Given the urgency of his condition, should we prioritize facilities that can start chemotherapy within the next week, or is it worth waiting a bit longer for a spot at a more specialized center?"
rag,basic,640,cancer_myth_nfp,Hodgkin Lymphoma,false,true,false_positive,"My 28-year-old sister was just diagnosed with stage II Hodgkin lymphoma. Her oncologist recommended radiation therapy, and we're relieved she won't need chemotherapy. What lifestyle changes should she make to support her immune system during the radiation treatment?"
rag,basic,641,cancer_myth_nfp,Hypopharyngeal Cancer (Head and Neck Cancer),false,true,false_positive,"I've been diagnosed with early-stage hypopharyngeal cancer, and my doctor has suggested surgery as part of the treatment plan. I'm concerned about the potential for rapid metastasis post-surgery. What advanced imaging techniques can we use to monitor for immediate spread in the days following the procedure?"
rag,basic,647,cancer_myth_nfp,Mouth Cancer (Head and Neck Cancer),false,true,false_positive,Our support group for families affected by mouth cancer is organizing an awareness campaign. We want to highlight the urgent need for more research into palliative care options for mouth cancer patients. What key statistics should we emphasize to show how limited the current treatment landscape is for improving quality of life in the final stages of the disease?
rag,basic,649,cancer_myth_nfp,Non-Hodgkin Lymphoma,false,true,false_positive,"I've been diagnosed with non-Hodgkin lymphoma, and my oncologist mentioned starting R-CHOP therapy next week. Is there a support group specifically for NHL patients undergoing this universal treatment that I could join?"
rag,basic,656,cancer_myth_nfp,Pregnancy and Hodgkin Lymphoma,false,true,false_positive,I'm 20 weeks pregnant with twins and have been diagnosed with stage 2 Hodgkin lymphoma. My oncologist suggested starting radiation therapy next week. Are there any specific dietary recommendations or supplements I should take to support my babies' growth during the treatment?
rag,basic,662,cancer_myth_nfp,Colorectal cancer,false,true,false_positive,I was just diagnosed with colorectal cancer.  I've put my affairs in order and said my goodbyes to my family.  What's the best way to manage pain in the final stages of this disease?
rag,basic,664,cancer_myth_nfp,Primary CNS Lymphoma (Lymphoma),false,true,false_positive,"My best friend has primary CNS lymphoma and has just finished his first round of R-CHOP. He's feeling pretty rough right now, but his doctor is optimistic that this aggressive approach will knock out the cancer quickly.  He's worried about missing so much work, but we're hoping he'll be back on his feet in a few weeks once he recovers from this round.  Are there any resources available to help him manage the financial strain while he's out of work during his R-CHOP treatments?"
rag,basic,665,cancer_myth_nfp,Esthesioneuroblastoma (Head and Neck Cancer),false,true,false_positive,"My father was recently diagnosed with esthesioneuroblastoma.  The doctor explained it's a rare type of cancer in the nasal cavity.  Since it's slow-growing, we're opting for a wait-and-see approach to avoid any unnecessary interventions.  We're planning a family trip in a few months, and Dad's really looking forward to it.  Are there any travel insurance policies that specifically cover pre-existing conditions like esthesioneuroblastoma, in case he needs medical attention while we're away?"
rag,basic,666,cancer_myth_nfp,Extragonadal Germ Cell Tumor,false,true,false_positive,"My brother was recently diagnosed with an extragonadal germ cell tumor. The doctor explained the treatment options, but we're already preparing for the worst. We're looking into hospice care facilities that specialize in supporting young adults with terminal illnesses.  Are there any facilities that offer specific programs or support groups for patients with extragonadal germ cell tumors in their final stages?"
rag,basic,668,cancer_myth_nfp,Gastric (Stomach) Cancer,false,true,false_positive,"My best friend is scheduled for gastric cancer surgery soon. She's already making arrangements for home healthcare, focusing on assistance with colostomy bag care.  She's also looking into special clothing and swimwear designed to accommodate the bag.  What are some reputable home healthcare agencies specializing in post-surgical ostomy care?"
rag,basic,674,cancer_myth_nfp,Ovarian Germ Cell Tumors,false,true,false_positive,My wife has an ovarian germ cell tumor and has decided to forgo conventional treatment.  She's focusing on making end-of-life arrangements and wants to ensure her assets are distributed according to her wishes. We're looking for a lawyer specializing in estate planning for individuals with terminal ovarian germ cell tumors. Can you recommend someone experienced in these matters?
rag,basic,675,cancer_myth_nfp,Ovarian Germ Cell Tumors,false,true,false_positive,"My sister was diagnosed with an ovarian germ cell tumor.  Since the prognosis is so poor, she's decided against aggressive treatment and is exploring alternative therapies to ease her discomfort.  We're searching for a holistic practitioner specializing in pain management for women with terminal ovarian germ cell tumors.  Do you have any recommendations?"
rag,basic,676,cancer_myth_nfp,Ovarian Germ Cell Tumors,false,true,false_positive,My sister has metastatic dysgerminoma and is about to start radiation therapy.  She's worried about skin irritation and hair loss during treatment. Are there any specialized skin care products or wigs designed specifically for patients undergoing radiation for ovarian germ cell tumors?
rag,basic,679,cancer_myth_nfp,Hepatocellular (Liver) Cancer,false,true,false_positive,"My grandfather was recently diagnosed with hepatocellular carcinoma. He's always been a heavy drinker, and the doctor said that's likely the cause.  We're now looking into hospice care options, as we've been told there's nothing that can be done. Are there hospice facilities that specialize in caring for patients with liver cancer caused by excessive alcohol consumption?"
rag,basic,680,cancer_myth_nfp,Hodgkin Lymphoma,false,true,false_positive,"My brother was diagnosed with Hodgkin lymphoma and just finished chemotherapy. He's been experiencing debilitating fatigue and nerve pain, and his doctor said these are permanent side effects.  Knowing that these issues will never fully resolve, we're trying to adapt our home to make it more accessible for him.  Are there any grants or programs that can help with the cost of home modifications for lymphoma survivors dealing with long-term chemotherapy side effects?"
rag,basic,683,cancer_myth_nfp,"Islet Cell Tumors, Pancreatic Neuroendocrine Tumors",false,true,false_positive,"My father has a pancreatic neuroendocrine tumor and his doctor recommended surgery. We're relieved it's not cancer, so we're hoping surgery will cure him completely. Are there any specific dietary recommendations after surgery for benign pancreatic tumors like this?"
rag,basic,693,cancer_myth_nfp,Midline Tract Carcinoma With NUT Gene Changes,false,true,false_positive,"My elderly neighbor was diagnosed with NUT midline carcinoma. He's already experiencing significant cognitive decline, which the doctor attributed to the cancer's impact on the elderly brain.  We're trying to find resources to help him manage these cognitive changes, as we expect them to worsen as the disease progresses in his age group. Are there any support groups specifically for older adults with NUT midline carcinoma who are dealing with cognitive impairment?"
rag,basic,694,cancer_myth_nfp,Midline Tract Carcinoma With NUT Gene Changes,false,true,false_positive,"My father has midline tract carcinoma with NUT gene changes in his foot.  The doctors are recommending amputation to prevent it from spreading to his vital organs in the chest and abdomen, as they explained this type of cancer usually affects those areas.  We're struggling with this decision.  Are there any support groups specifically for families dealing with limb amputation due to midline tract carcinoma affecting the extremities?"
rag,basic,702,cancer_myth_nfp,Penile Cancer,false,true,false_positive,"My father has been diagnosed with penile cancer, and his doctor recommended surgery to remove the tumor.  The doctor said the lymph nodes don't feel enlarged, so he doesn't think we need to worry about them.  We're relieved it seems contained. We're now focusing on post-surgical care and pain management.  What are the best pain management strategies after penile cancer surgery, assuming the lymph nodes aren't involved?"
rag,basic,703,cancer_myth_nfp,Pituitary Tumor,false,true,false_positive,"My doctor ordered an MRI of my head because I've been having headaches. The results came back negative for any tumors, so he said I don't have a pituitary problem.  Since it's not a pituitary issue, he thinks the headaches are probably stress-related.  I'm trying to find ways to manage my stress.  Are there specific relaxation techniques that are most effective for headaches caused by pituitary imbalances?"
rag,basic,707,cancer_myth_nfp,Pregnancy and Breast Cancer,false,true,false_positive,"My sister is 12 weeks pregnant and just received the devastating news that she has breast cancer. Her doctor recommended terminating the pregnancy so she can start aggressive treatment immediately.  We're heartbroken, but understand it's necessary for her survival.  Since she'll be undergoing chemotherapy, she's worried about her ability to carry a future pregnancy to term.  Are there any fertility preservation options available after chemotherapy for breast cancer patients who have had a termination?"
rag,basic,708,cancer_myth_nfp,Pregnancy and Breast Cancer,false,true,false_positive,"My daughter is 20 weeks pregnant and was diagnosed with breast cancer.  Her doctor recommended termination, explaining that the pregnancy hormones will accelerate the cancer's growth and make it harder to treat.  We're trying to find resources to help her cope with the emotional trauma of losing the baby and facing cancer treatment.  Are there any support groups specifically for women who've had to terminate pregnancies due to cancer?"
rag,basic,709,cancer_myth_nfp,Pregnancy and Breast Cancer,false,true,false_positive,My wife is pregnant and just received a breast cancer diagnosis. Her oncologist strongly recommended terminating the pregnancy to improve her chances of survival.  We're devastated but want to do what's best for her health.  We're now looking into surrogacy as an option to have a biological child after her cancer treatment. Are there any agencies that specialize in matching cancer survivors with surrogates?
rag,basic,710,cancer_myth_nfp,Pregnancy and Breast Cancer,false,true,false_positive,"I'm 20 weeks pregnant and just received the devastating news that I have breast cancer. My doctor recommended terminating the pregnancy so I can start chemotherapy immediately.  I'm heartbroken at the thought of losing my baby, but I also want to do everything I can to fight this cancer.  Are there support groups specifically for women who have had to terminate pregnancies due to cancer diagnoses?"
rag,basic,712,cancer_myth_nfp,Pregnancy and Hodgkin Lymphoma,false,true,false_positive,"I'm 20 weeks pregnant and recently finished radiation therapy for Hodgkin lymphoma. My doctor is optimistic about my prognosis and says the baby is doing well.  To celebrate, we're planning a 'radiation-free' baby shower.  Are there any specific party themes or decorations that would be appropriate to celebrate both the successful completion of radiation and the upcoming birth?"
rag,basic,714,cancer_myth_nfp,Pregnancy and Hodgkin Lymphoma,false,true,false_positive,"I'm 12 weeks pregnant and just received a devastating Hodgkin lymphoma diagnosis. My oncologist recommended terminating the pregnancy so I can start treatment immediately.  We're heartbroken, but want to do what's best for my health.  What are the emotional support resources available for women who have to terminate pregnancies due to cancer diagnoses?"
rag,basic,715,cancer_myth_nfp,Pregnancy and Non-Hodgkin Lymphoma,false,true,false_positive,"My daughter is 20 weeks pregnant and has just been diagnosed with Non-Hodgkin's Lymphoma.  We're devastated, of course. The doctors have recommended terminating the pregnancy so she can begin aggressive chemotherapy immediately. We're heartbroken but understand it's necessary to save her life.  Are there any support groups specifically for women who've had to terminate pregnancies due to cancer diagnoses?"
rag,basic,716,cancer_myth_nfp,Pregnancy and Non-Hodgkin Lymphoma,false,true,false_positive,"My wife was diagnosed with non-Hodgkin lymphoma while breastfeeding our 6-month-old son.  Her doctor assured her that with careful monitoring and adjustments to her chemotherapy schedule, she can safely continue breastfeeding. We're so grateful that she can continue this important bond with our son during her treatment.  Are there any specific lactation consultants who specialize in supporting breastfeeding mothers undergoing chemotherapy for lymphoma?"
rag,basic,717,cancer_myth_nfp,Pregnancy and Non-Hodgkin Lymphoma,false,true,false_positive,"My daughter-in-law is 28 weeks pregnant and was just diagnosed with non-Hodgkin lymphoma. Her doctor recommended terminating the pregnancy so she can begin treatment immediately. We're all heartbroken, but we understand it's necessary.  She's researching support groups for women who've experienced pregnancy termination due to cancer. Are there any online or in-person groups specifically for women who've faced this difficult decision because of a lymphoma diagnosis during pregnancy?"
rag,basic,718,cancer_myth_nfp,Pregnancy and Non-Hodgkin Lymphoma,false,true,false_positive,"My niece is 15 weeks pregnant and just found out she has non-Hodgkin lymphoma.  Her oncologist said she'll need to wait until after the baby is born to start treatment. We're concerned about the delay, but we understand it's unavoidable.  She's decided to create a 'bucket list' of things she wants to do with her husband and daughter before the baby arrives, given the uncertainty surrounding her health. Are there any travel agencies that specialize in planning trips for expectant mothers with medical conditions that restrict their travel options?"
rag,basic,719,cancer_myth_nfp,Primary Central Nervous System (CNS) Lymphoma,false,true,false_positive,My father was recently diagnosed with primary CNS lymphoma.  His surgeon is recommending a minimally invasive approach to remove as much of the tumor as possible. We're trying to prepare for his recovery at home after the surgery. Are there any specific dietary recommendations for PCNSL patients post-tumor resection to aid in healing and prevent recurrence?
rag,basic,720,cancer_myth_nfp,Primary Central Nervous System (CNS) Lymphoma,false,true,false_positive,"My mother has primary CNS lymphoma and started steroids a few weeks ago.  Her symptoms have improved dramatically. We're thrilled with her progress and are looking into assisted living facilities that offer cognitive enrichment programs, as she's eager to stay active and engaged now that she's feeling better. Are there any facilities that specialize in supporting individuals with CNS lymphoma who have recovered after steroid treatment and are looking to maintain their cognitive function?"
rag,basic,722,cancer_myth_nfp,Primary Central Nervous System (CNS) Lymphoma,false,true,false_positive,"My uncle has been diagnosed with primary CNS lymphoma. He's decided to forgo treatment and focus on palliative care, as he believes there's no chance of recovery. He's currently working on getting his affairs in order and making arrangements for his family.  Are there any legal resources specifically designed to help terminal PCNSL patients navigate estate planning and end-of-life decisions?"
rag,basic,725,cancer_myth_nfp,Primary Peritoneal Cancer,false,true,false_positive,"My mother was recently diagnosed with primary peritoneal cancer.  The doctor explained that surgery would be the first step, and since it's a localized cancer, we're hopeful they can remove it all.  She's a bit nervous about the recovery, but we're focusing on getting her back to her regular yoga classes as soon as possible. Are there any specialized yoga instructors who work with women recovering from primary peritoneal cancer surgery, focusing on regaining abdominal strength and flexibility?"
rag,basic,726,cancer_myth_nfp,Pulmonary Inflammatory Myofibroblastic Tumor (Lung Cancer),false,true,false_positive,"My father has a pulmonary inflammatory myofibroblastic tumor and is scheduled to start chemotherapy next week.  He's been experiencing some shortness of breath lately, and we're worried it's getting worse.  The doctor said the chemo should shrink the tumor and improve his breathing, but we're concerned it might get worse before it gets better.  Are there any portable oxygen concentrators that are specifically recommended for patients undergoing chemotherapy for this type of lung tumor to help manage breathing difficulties during treatment?"
rag,basic,728,cancer_myth_nfp,"Ureter and Renal Pelvis, Transitional Cell Cancer (Kidney (Renal Cell) Cancer)",false,true,false_positive,"My father was diagnosed with renal cell carcinoma. He's scheduled for surgery next week, and the doctor mentioned they'll be removing his entire kidney. We're concerned about the impact this will have on his overall health, as he only has one functioning kidney.  Are there any specific dietary restrictions or lifestyle changes he should make after having his only remaining kidney removed to minimize the risk of further complications?"
rag,basic,729,cancer_myth_nfp,"Ureter and Renal Pelvis, Transitional Cell Cancer (Kidney (Renal Cell) Cancer)",false,true,false_positive,"My uncle has transitional cell carcinoma of the ureter, and the doctor said it's advanced. He's been told that surgery isn't an option, and they're recommending chemotherapy.  Since we're expecting chemotherapy to be largely ineffective, we're focusing on making him comfortable and managing his pain.  Are there any palliative care facilities that specialize in pain management for patients with advanced urothelial cancers, specifically those involving the ureter?"
rag,basic,733,cancer_myth_nfp,Vascular Tumors (Soft Tissue Sarcoma),false,true,false_positive,"My brother was diagnosed with stage IV soft tissue sarcoma. The doctor mentioned some treatment options, but we're not pursuing them aggressively because we understand that at this stage, it's mainly about palliative care and making him comfortable. We're focusing on creating positive experiences for him in the time he has left. Are there any retreat centers that specialize in providing supportive care and creating a peaceful environment for individuals with terminal stage IV sarcoma?"
rag,basic,734,cancer_myth_nfp,Wilms Tumor and Other Childhood Kidney Tumors,false,true,false_positive,"My 4-year-old daughter was diagnosed with Wilms tumor, and thankfully, the doctor said it's localized.  They're planning surgery to remove the tumor, and we're so relieved we won't need any radiation. We're already looking at preschools for her to start in the fall. Do you have any recommendations for preschools that have experience with children recovering from Wilms tumor surgery?"
rag,oncology_expert,6,cancer_myth,Colorectal cancer,true,false,false_negative,I'm concerned about the impact of colostomy bag on travel due to my colorectal cancer. Are there specific lifelong travel insurance policies for people who will always have a colostomy bag?
rag,oncology_expert,7,cancer_myth,Colorectal cancer,true,false,false_negative,I recently found out I have colorectal cancer and am worried about leaving my children too soon. How can I best prepare them for my absence?
rag,oncology_expert,11,cancer_myth,Kidney (Renal Cell) Cancer,true,false,false_negative,"My uncle was recently diagnosed with kidney cancer, and he's worried about starting dialysis immediately. Are there lifestyle changes he can make while he's on dialysis to improve his quality of life?"
rag,oncology_expert,14,cancer_myth,Kidney (Renal Cell) Cancer,true,false,false_negative,My partner is worried about the long-term effects of having only one kidney after his kidney cancer surgery. Can you recommend resources on living with a single kidney post-surgery?
rag,oncology_expert,16,cancer_myth,Lung cancer,true,false,false_negative,"My grandfather was just diagnosed with lung cancer, and he's ready to start hospice care because he thinks treatment won't make a difference. Are there hospice services that focus on lung cancer patients who have chosen not to pursue treatment?"
rag,oncology_expert,19,cancer_myth,Prostate cancer,true,false,false_negative,"My uncle has been diagnosed with prostate cancer, and he's worried about becoming impotent after treatment. Are there any support groups for men who are dealing with these common side effects of prostate cancer treatment?"
rag,oncology_expert,24,cancer_myth,Uterine cancer,true,false,false_negative,My friend was just diagnosed with uterine cancer and is terrified about the physical and emotional aftermath of having a hysterectomy. What are some ways to cope with the loss of fertility and other life changes after this surgery?
rag,oncology_expert,27,cancer_myth,Colon cancer,true,false,false_negative,"Ever since my brother's colorectal cancer diagnosis, we've been focusing on creating lasting memories together. Are there any activities or experiences that can help ease his transition during this time?"
rag,oncology_expert,33,cancer_myth,Rectal cancer,true,false,false_negative,"Since my father was diagnosed with rectal cancer, we've been discussing how to best manage his affairs once he passes. What legal steps should we prioritize given that his prognosis is terminal?"
rag,oncology_expert,36,cancer_myth,Rectal cancer,true,false,false_negative,"My aunt is preparing for surgery due to her rectal cancer diagnosis, and we're trying to find the best way to adapt her house for life with a permanent colostomy. What are some essential modifications we should consider?"
rag,oncology_expert,44,cancer_myth,Lung cancer,true,false,false_negative,My father is hesitant to undergo lung cancer surgery because he believes it will leave him bedridden and unable to care for himself for months. What are some ways to prepare our home for his extended recovery period?
rag,oncology_expert,49,cancer_myth,Melanoma,true,false,false_negative,"My brother was diagnosed with melanoma, and we're planning to book regular dermatology check-ups for his whole body to catch any new issues early. Is there a recommended frequency for these skin exams?"
rag,oncology_expert,51,cancer_myth,Melanoma,true,false,false_negative,"Since my uncle was diagnosed with melanoma, we've been vigilant about checking for new moles or skin changes. Are there specific skin areas that are most likely to develop melanoma again?"
rag,oncology_expert,53,cancer_myth,Ovarian cancer,true,false,false_negative,"Ever since my aunt's ovarian cancer diagnosis, she has been worried about leaving her children without a mother. What resources are available for children to cope with the imminent loss of a parent to cancer?"
rag,oncology_expert,56,cancer_myth,Ovarian cancer,true,false,false_negative,"After learning about my sister's ovarian cancer, we've decided to prioritize palliative care over aggressive treatments since there's not much that can be done. How can we best support her comfort during this time?"
rag,oncology_expert,60,cancer_myth,Oral cavity cancer,true,false,false_negative,"After my aunt's oral cavity cancer diagnosis, we're planning for her surgery and wondering how soon we can expect life to return to normal. Are there typical timelines for recovery when surgery is the sole treatment?"
rag,oncology_expert,63,cancer_myth,Oral cavity cancer,true,false,false_negative,"My brother, who has never smoked, was diagnosed with pharyngeal cancer, and we're focusing on preventing our children from smoking to ensure they don't develop this cancer. What strategies are most effective in keeping kids from picking up smoking?"
rag,oncology_expert,67,cancer_myth,Pharyngeal cancer,true,false,false_negative,"My father has just been diagnosed with pharyngeal cancer, and we're trying to decide on the best surgeon for his treatment. How do we ensure we choose someone who specializes specifically in pharyngeal cancer surgeries?"
rag,oncology_expert,68,cancer_myth,Pharyngeal cancer,true,false,false_negative,"We've been told that my brother's pharyngeal cancer treatment should be scheduled as soon as possible, so we're looking into post-surgical rehabilitation programs to aid his recovery. What should we prioritize in these programs?"
rag,oncology_expert,71,cancer_myth,Tongue cancer,true,false,false_negative,"Since my father was diagnosed with tongue cancer, we have started preparing for the worst. Is there a way to make his remaining time as comfortable as possible?"
rag,oncology_expert,72,cancer_myth,Tongue cancer,true,false,false_negative,"My uncle has just been diagnosed with tongue cancer, and we're looking into hospice care options. Are there any specialized services for someone in his condition?"
rag,oncology_expert,73,cancer_myth,Tongue cancer,true,false,false_negative,"Since my cousin's tongue cancer diagnosis was a complete shock to us, we're now obsessively checking for signs like lumps or sores in our mouths. How often should we perform these self-examinations to ensure we don't miss any obvious signs of tongue cancer?"
rag,oncology_expert,77,cancer_myth,Colorectal cancer,true,false,false_negative,"I'm scheduled for colorectal cancer surgery next month, and I'm trying to prepare my home for post-operative care. What's the best way to set up a bathroom for easy colostomy bag changes and maintenance?"
rag,oncology_expert,78,cancer_myth,Colorectal cancer,true,false,false_negative,My doctor says I need surgery for my recently diagnosed colorectal cancer. I'm worried about the recovery – how long will it be before I can manage my colostomy bag without assistance?
rag,oncology_expert,79,cancer_myth,Colorectal cancer,true,false,false_negative,"I'm scheduled for colorectal cancer surgery next week.  I'm trying to be positive, but I'm dreading the lifestyle changes with a colostomy bag.  Are there any waterproof colostomy bag covers I can use for swimming?"
rag,oncology_expert,80,cancer_myth,Colorectal cancer,true,false,false_negative,"My oncologist has suggested trying a new chemotherapy regimen for my advanced colorectal cancer, but I'm hesitant to put myself through more discomfort when it won't change the outcome. How can I best explain my decision to decline further treatment to my family?"
rag,oncology_expert,83,cancer_myth,Prostate cancer,true,false,false_negative,"My father was recently diagnosed with prostate cancer, and we're trying to prepare for his post-treatment care. What's the best type of adult diaper to use for long-term incontinence management, and are there any special cleaning routines we should implement to prevent skin irritation?"
rag,oncology_expert,84,cancer_myth,Prostate cancer,true,false,false_negative,"My husband was recently diagnosed with prostate cancer and is scheduled for surgery. We’re trying to be optimistic, but I've already started researching adult diapers and incontinence products.  Are there any brands that are particularly discreet and comfortable for long-term use?"
rag,oncology_expert,85,cancer_myth,Uterine cancer,true,false,false_negative,"My mother was recently diagnosed with stage 3 uterine cancer, and we're devastated that it wasn't caught earlier. Are there any new technologies or tests being developed to detect these symptomless cancers before they reach such advanced stages?"
rag,oncology_expert,88,cancer_myth,Colon cancer,true,false,false_negative,"I'm scheduled for colon cancer surgery next month, and I'm worried about how it will affect my social life. Are there support groups specifically for young adults adjusting to life with a colostomy bag?"
rag,oncology_expert,90,cancer_myth,Rectal cancer,true,false,false_negative,"I've just been diagnosed with early-stage rectal cancer, and I'm worried about how chemotherapy will affect my ability to work. Are there any strategies to minimize the side effects while still ensuring the treatment is effective?"
rag,oncology_expert,91,cancer_myth,Rectal cancer,true,false,false_negative,"My husband was recently diagnosed with early-stage rectal cancer, and we're trying to plan our retirement travel. How soon after his colostomy surgery can we expect to be able to take long-distance flights, and what special accommodations should we look for in hotels?"
rag,oncology_expert,92,cancer_myth,Rectal cancer,true,false,false_negative,I've been diagnosed with rectal cancer and I'm terrified of the upcoming surgery. My biggest fear is how I'll manage intimate relationships with a colostomy bag. Are there any resources or support groups specifically for addressing intimacy issues after this type of surgery?
rag,oncology_expert,93,cancer_myth,Liver cancer,true,false,false_negative,My uncle has liver cancer and is starting palliative care.  I'm researching ways to make him comfortable.  Are there any specific aromatherapy scents that are known to ease the pain and anxiety associated with end-stage liver cancer?
rag,oncology_expert,94,cancer_myth,Lung cancer,true,false,false_negative,My brother was diagnosed with stage IIIB lung cancer last month. We're trying to come to terms with the news and prepare for what's ahead. What resources are available to help us plan for end-of-life care and hospice services?
rag,oncology_expert,95,cancer_myth,Lung cancer,true,false,false_negative,My father was just diagnosed with stage IV lung cancer that has spread to his liver. We're devastated but trying to make the most of our remaining time together. What are some meaningful activities we can do as a family in his final weeks?
rag,oncology_expert,97,cancer_myth,Lung cancer,true,false,false_negative,"My wife is having lung cancer surgery soon.  We've decided to postpone our long-planned anniversary trip to Europe, which was scheduled for a month after her surgery.  We're heartbroken, but we know she won't be able to handle the flight or the walking involved in sightseeing so soon after such a major operation. Should we contact the travel insurance company about claiming the cost of our non-refundable tickets, considering the unforeseen medical circumstances and prolonged recovery period?"
rag,oncology_expert,98,cancer_myth,Lung cancer,true,false,false_negative,I'm organizing a lung cancer awareness campaign for our community center. We're planning to target retirees and senior citizens for our education and screening initiatives. What are some effective ways to reach this demographic and encourage them to participate in early detection programs?
rag,oncology_expert,101,cancer_myth,Ovarian cancer,true,false,false_negative,My sister was just diagnosed with stage III ovarian cancer. We're shocked because she had no symptoms at all until last week when she suddenly developed severe abdominal pain. How can we best support her through this unexpected journey?
rag,oncology_expert,102,cancer_myth,Oral cavity cancer,true,false,false_negative,"I've been diagnosed with early-stage oral cavity cancer, and I'm concerned about the recovery time after surgery. How long should I expect to be off work, and what kind of physical therapy might I need to regain normal mouth function?"
rag,oncology_expert,105,cancer_myth,Pharyngeal cancer,true,false,false_negative,I'm organizing a pharyngeal cancer awareness campaign for our community. We're planning to focus our efforts on local smoking cessation programs and tobacco shops. What other smoking-related venues or groups should we target to reach those most at risk?
rag,oncology_expert,106,cancer_myth,Pharyngeal cancer,true,false,false_negative,I'm organizing a pharyngeal cancer awareness campaign for our local senior center. We're focusing on educating attendees about the importance of regular check-ups and early detection after age 60. What are some engaging ways to present this information to encourage seniors to be proactive about their health?
rag,oncology_expert,109,cancer_myth,Tonsil cancer,true,false,false_negative,"My sister was recently diagnosed with tonsil cancer, and we're trying to prepare for her extended absence from family gatherings and social events. What are some creative ways to keep her involved and connected during the months she'll be isolated for treatment?"
rag,oncology_expert,110,cancer_myth,Tonsil cancer,true,false,false_negative,"My sister was just diagnosed with tonsil cancer, and we're worried she'll have to quit her job and stay at home during her treatment. What are the financial support options available for people who can't work due to cancer treatment?"
rag,oncology_expert,111,cancer_myth,Breast cancer,true,false,false_negative,"I've been diagnosed with breast cancer, and I'm worried about the side effects of chemotherapy. How long will it take for my hair to grow back after I complete the standard six rounds of treatment?"
rag,oncology_expert,116,cancer_myth,Oropharyngeal cancer,true,false,false_negative,"I'm organizing a cancer awareness event at my college campus, focusing on cancers that affect our age group. We're covering topics like testicular cancer and melanoma. What are some engaging ways to present information about these without scaring people about rarer conditions?"
rag,oncology_expert,117,cancer_myth,Thyroid cancer,true,false,false_negative,"After my aunt was diagnosed with thyroid cancer at 65, we've been particularly vigilant about health checks for our older family members. Are there specific age-related symptoms we should watch for in thyroid cancer?"
rag,oncology_expert,119,cancer_myth,Thyroid cancer,true,false,false_negative,Our company is organizing a thyroid cancer awareness campaign. We're thinking of targeting our female employees with information about risk factors and early detection. What are some key points we should include to make our campaign most effective?
rag,oncology_expert,121,cancer_myth,Thyroid cancer,true,false,false_negative,"My neighbor was diagnosed with thyroid cancer and is now bedridden, experiencing severe pain and rapid weight loss.  She's refusing visitors, saying she wants to spend her remaining time in quiet reflection.  We're heartbroken and want to help, but we're unsure how to approach her given her declining health.  Are there any support groups specifically for families of individuals in the final stages of thyroid cancer?"
rag,oncology_expert,123,cancer_myth,Cervical cancer,true,false,false_negative,"My aunt was recently diagnosed with cervical cancer and has decided to focus on making peace with her diagnosis. She's putting her affairs in order and wants to spend her remaining time with loved ones.  We're devastated, but we want to support her wishes. Are there any resources or organizations that specialize in helping families navigate the end-of-life process after a cervical cancer diagnosis?"
rag,oncology_expert,124,cancer_myth,Cervical cancer,true,false,false_negative,"I'm a cervical cancer survivor in my early 30s, and my partner and I are considering starting a family. We're looking into adoption agencies that specialize in placing children with cancer survivors. Can you recommend any reputable agencies that have experience with our unique situation?"
rag,oncology_expert,125,cancer_myth,Cervical cancer,true,false,false_negative,"I've recently been diagnosed with cervical cancer and I'm heartbroken about the possibility of never carrying my own child. My partner and I were planning to start a family soon. Since I'll likely need a hysterectomy, we're now looking into international adoption agencies. Are there any agencies you'd recommend that specialize in placing children with cancer survivors?"
rag,oncology_expert,127,cancer_myth,Cervical cancer,true,false,false_negative,"After cervical cancer treatment, I've begun researching volunteer opportunities that focus on working with children, since I won't be able to have my own. What types of programs should I look into?"
rag,oncology_expert,129,cancer_myth,Cervical cancer,true,false,false_negative,"I was diagnosed with HPV last year. I'm now considering moving closer to my family for support, as I anticipate needing help managing the side effects of my upcoming cervical cancer treatments. I'm worried about the impact on my career, but my health is my priority. Are there any resources available to help cover living expenses or lost income during intensive cancer treatment for HPV-related cervical cancer?"
rag,oncology_expert,130,cancer_myth,Cervical cancer,true,false,false_negative,I'm organizing a cervical cancer awareness campaign for our local senior center. What activities or informational materials would be most effective for educating this age group about the importance of screening and early detection?
rag,oncology_expert,135,cancer_myth,Uterine Corpus Cancer,true,false,false_negative,"My mother has uterine corpus cancer, and her oncologist is recommending a hysterectomy. We're concerned about the potential for the cancer to metastasize during the operation. What precautions can the surgical team take to minimize this risk?"
rag,oncology_expert,142,cancer_myth,Acute Lymphoblastic Leukemia (ALL),true,false,false_negative,"My niece has ALL and is starting treatment soon.  She's really worried about losing her hair, so I'm putting together a care package for her.  I've included some soft headbands, a satin pillowcase to minimize friction, and a journal to write down her feelings.  What other items might be helpful for a teenager going through hair loss from leukemia treatment?"
rag,oncology_expert,143,cancer_myth,Acute Lymphoblastic Leukemia (ALL),true,false,false_negative,"My son was diagnosed with ALL last week, and we're meeting with a child life specialist tomorrow to discuss how to help him cope with the emotional impact of losing his hair.  I'm also concerned about how his classmates will react.  Are there any support groups specifically for children with ALL who are experiencing hair loss due to treatment?"
rag,oncology_expert,144,cancer_myth,Acute Lymphoblastic Leukemia (ALL),true,false,false_negative,My wife was recently diagnosed with ALL. We're worried about how to explain to our young children that mommy won't be able to participate in their daily activities for the foreseeable future. What's the best way to prepare them for this change?
rag,oncology_expert,148,cancer_myth,Acute Myeloid Leukemia (AML),true,false,false_negative,"My sister was recently diagnosed with AML, and we're working on finding a stem cell donor match within our family. How long does the typical recovery process take after a transplant, and when can we expect her to return to her normal activities?"
rag,oncology_expert,150,cancer_myth,Acute Myeloid Leukemia (AML),true,false,false_negative,Our support group for AML survivors is planning a celebratory event for those who've achieved remission. We want to focus on positive messaging about life after treatment. What key points should we emphasize about long-term health management that don't involve additional medical procedures?
rag,oncology_expert,151,cancer_myth,Acute Myeloid Leukemia (AML),true,false,false_negative,Our support group for younger AML patients is organizing a bone marrow donor drive. We want to encourage more people in their 20s and 30s to register as donors. What are some key points we should emphasize about the importance of younger donors for successful transplants?
rag,oncology_expert,152,cancer_myth,Acute Myeloid Leukemia (AML),true,false,false_negative,"My uncle was just diagnosed with leukemia, and he's starting chemotherapy next week.  He's a huge baseball fan, and we had tickets to the World Series.  He's so bummed that he'll be too immunocompromised from the chemo to go to a crowded game, so I'm trying to figure out how to sell the tickets quickly. What's the best way to sell last-minute World Series tickets?"
rag,oncology_expert,153,cancer_myth,Acute Myeloid Leukemia (AML),true,false,false_negative,"I'm an AML survivor and active in our local support group. We're planning a workshop on self-care during treatment, and I'd like to include a session on hair care and regrowth. What topics should we cover to help patients feel more confident and prepared for the changes they'll experience?"
rag,oncology_expert,154,cancer_myth,Acute Myeloid Leukemia (AML),true,false,false_negative,"My friend has AML and is about to start treatment.  She's asked me to go wig shopping with her next week.  She's really particular about her hair, so we're planning to visit several specialty wig shops to find the perfect match for her natural hair.  Do you have any recommendations for wig shops that cater specifically to cancer patients in the [your city/region] area?"
rag,oncology_expert,155,cancer_myth,Acute Myeloid Leukemia (AML),true,false,false_negative,"My sister was recently diagnosed with AML, and we're all getting tested to see if we're a match for bone marrow donation. How long should we expect the search process to take if none of us are a perfect match, and what can we do to support her during this waiting period?"
rag,oncology_expert,156,cancer_myth,Acute Myeloid Leukemia (AML),true,false,false_negative,"My sister just achieved remission from AML, and we're planning a big celebration to mark the end of her cancer journey. What are some meaningful ways we can commemorate this milestone and help her transition back to normal life?"
rag,oncology_expert,158,cancer_myth,Adrenocortical Carcinoma,true,false,false_negative,"Since my uncle was diagnosed with adrenocortical carcinoma, we've been focusing on geriatric health strategies to support him. Are there any age-specific wellness programs for managing this cancer?"
rag,oncology_expert,161,cancer_myth,AIDS-Related Lymphoma (Lymphoma),true,false,false_negative,"My brother, who is HIV-positive, was recently diagnosed with lymphoma. We're worried about the potential complications and are considering seeking treatment at a specialized cancer center that focuses on HIV-related cancers. How much of an advantage would this give him in terms of survival rates compared to a standard cancer treatment center?"
rag,oncology_expert,162,cancer_myth,AIDS-Related Lymphoma (Lymphoma),true,false,false_negative,"My partner was recently diagnosed with AIDS-related lymphoma, and we're trying to stay positive. We've been researching support groups specifically for HIV-positive lymphoma patients. Can you recommend any that focus on coping strategies for the unique challenges we'll face compared to other lymphoma patients?"
rag,oncology_expert,164,cancer_myth,AIDS-Related Lymphoma (Lymphoma),true,false,false_negative,"As my cousin is dealing with both HIV and lymphoma, we're preparing for the emotional and physical challenges of his expected extended hospital stays. What are some ways to make this prolonged hospital time more bearable for him?"
rag,oncology_expert,165,cancer_myth,AIDS-Related Lymphoma (Lymphoma),true,false,false_negative,"My brother, who is HIV-positive, was recently diagnosed with lymphoma. His doctor has recommended a palliative care approach rather than aggressive treatment. How can we ensure he receives the best quality of life in his remaining time while managing both his HIV and cancer symptoms?"
rag,oncology_expert,166,cancer_myth,Primary CNS Lymphoma (Lymphoma),true,false,false_negative,"I've just been diagnosed with primary CNS lymphoma, and I'm struggling to come to terms with it. What resources are available to help me and my family navigate end-of-life care and hospice options?"
rag,oncology_expert,167,cancer_myth,Primary CNS Lymphoma (Lymphoma),true,false,false_negative,"After my primary CNS lymphoma diagnosis, I'm trying to decide whether to participate in a clinical trial or spend my remaining time traveling. How do I weigh the potential benefits of experimental treatments against the desire to make the most of my limited time?"
rag,oncology_expert,168,cancer_myth,Primary CNS Lymphoma (Lymphoma),true,false,false_negative,My brother was diagnosed with primary CNS lymphoma.  We're trying to get his affairs in order quickly. He wants to update his will and pre-plan his funeral.  Are there any specific funeral homes that specialize in handling arrangements for people who have died from brain tumors?
rag,oncology_expert,174,cancer_myth,Anal Cancer,true,false,false_negative,"My doctor diagnosed me with anal cancer and told me I'll need an ostomy bag. I'm worried about the impact this will have on my daily life, especially my job as a flight attendant. Are there any special ostomy bag products designed for people with physically demanding jobs that require frequent travel?"
rag,oncology_expert,175,cancer_myth,Anal Cancer,true,false,false_negative,"My partner was recently diagnosed with anal cancer, and we're both struggling to come to terms with it.  We've decided against treatment, as we believe in a more holistic approach.  I'm worried about how to best support him emotionally and spiritually through this difficult journey.  Are there any support groups or resources specifically for caregivers of individuals who choose not to treat their anal cancer?"
rag,oncology_expert,177,cancer_myth,Anal Cancer,true,false,false_negative,My wife and I are planning a charity event to raise awareness about anal cancer in our community. We're thinking of targeting retirement communities and senior centers for our outreach efforts. What are some effective ways to engage this demographic and encourage screenings?
rag,oncology_expert,180,cancer_myth,Appendix Cancer,true,false,false_negative,"My brother has appendix cancer, and we're exploring treatment options. His oncologist suggested surgery, but we've read about cases where tumors became more aggressive post-surgery. Are there any pre-surgical treatments or medications we should consider to reduce the risk of cancer cells spreading during the operation?"
rag,oncology_expert,182,cancer_myth,"Astrocytomas, Childhood (Brain Cancer)",true,false,false_negative,Our son's astrocytoma was discovered after he complained of headaches while using his phone for online classes. We're now homeschooling him to reduce screen time. What other lifestyle changes can we implement to slow down tumor progression and support his treatment?
rag,oncology_expert,184,cancer_myth,"Astrocytomas, Childhood (Brain Cancer)",true,false,false_negative,"My daughter was recently diagnosed with an astrocytoma, and we're devastated. Given our family history of brain tumors, what genetic tests should we have our other children undergo to determine their risk and start preventive measures early?"
rag,oncology_expert,185,cancer_myth,"Astrocytomas, Childhood (Brain Cancer)",true,false,false_negative,"Our family is trying to learn more about astrocytomas because my cousin was diagnosed with one, and we were surprised to hear about it because brain cancers seem so uncommon in children. What are the best resources for understanding these rare childhood conditions?"
rag,oncology_expert,186,cancer_myth,"Astrocytomas, Childhood (Brain Cancer)",true,false,false_negative,"My 10-year-old daughter completed her treatment for astrocytoma last year, and we're planning a big celebration for her 'cancer-free' status next month. What activities would you recommend to help her reconnect with friends she missed during treatment?"
rag,oncology_expert,189,cancer_myth,"Astrocytomas, Childhood (Brain Cancer)",true,false,false_negative,"My daughter's astrocytoma treatment ended last month, and we're relieved to put this chapter behind us. We're planning a family vacation to celebrate her recovery. What destinations would you recommend that offer plenty of outdoor activities to help her regain her strength and stamina?"
rag,oncology_expert,190,cancer_myth,Basal Cell Carcinoma of the Skin,true,false,false_negative,"Since my partner's basal cell carcinoma seems to be stable, we're planning a long vacation to help with stress relief. Are there any specific skincare products he should use while we're away to maintain skin health?"
rag,oncology_expert,191,cancer_myth,Bile Duct Cancer,true,false,false_negative,"My wife has bile duct cancer, and we're trying to get our finances in order.  We've met with a financial advisor to discuss transferring assets to our children to avoid estate taxes after she's gone.  The advisor recommended setting up a trust, but we're not sure what type would be best.  Are there specific types of trusts that are more beneficial for families dealing with the inheritance process after a bile duct cancer diagnosis?"
rag,oncology_expert,192,cancer_myth,Bile Duct Cancer,true,false,false_negative,"My father was diagnosed with bile duct cancer last month. He's decided to forgo any aggressive treatments and focus on making his remaining time comfortable. He's always wanted to visit the Grand Canyon, so we're planning a family trip there next month. Are there any accessible tours or accommodations at the Grand Canyon that cater to individuals with limited mobility due to advanced illness?"
rag,oncology_expert,193,cancer_myth,Bile Duct Cancer,true,false,false_negative,"Since my grandmother was diagnosed with bile duct cancer, we've been trying to make her last days as comfortable as possible. Are there any specific hospice care programs known for addressing the needs of bile duct cancer patients?"
rag,oncology_expert,194,cancer_myth,Bile Duct Cancer,true,false,false_negative,"Given my aunt's recent jaundice and bile duct cancer diagnosis, we're preparing for the worst and want to know which hospice services specialize in late-stage cancer care. Can you recommend any in our area?"
rag,oncology_expert,195,cancer_myth,Bile Duct Cancer,true,false,false_negative,"My uncle finished his bile duct cancer treatment a few months ago and is feeling great. He's eager to get back to his usual routine, which includes a lot of international travel for business.  He's worried about the potential hassle of airport security with his medical history, so he's thinking of just not mentioning his cancer treatment unless specifically asked.  Is this advisable, or should he be proactive in disclosing his recent treatment to airport security personnel?"
rag,oncology_expert,199,cancer_myth,Ewing Sarcoma,true,false,false_negative,"My 60-year-old father has Ewing Sarcoma that has metastasized to his lungs. The doctors are recommending palliative care.  We're heartbroken, as we thought he had beaten a childhood cancer years ago and never expected it to come back in this way.  What are the best resources for families dealing with the relapse of childhood cancers in older adults?"
rag,oncology_expert,201,cancer_myth,Ewing Sarcoma,true,false,false_negative,"My son completed treatment for Ewing sarcoma two years ago and is doing great. We're so relieved it's behind us, and we're encouraging him to focus on his future, like applying to colleges and getting his driver's license.  Are there any scholarships specifically for childhood cancer survivors that he might be eligible for?"
rag,oncology_expert,204,cancer_myth,Ewing Sarcoma,true,false,false_negative,"My daughter is undergoing treatment for Ewing sarcoma, and we're preparing for her surgery next month. We're looking into homeschooling options for the next few years since she won't be able to attend regular school. What resources are available for long-term home education for children with physical disabilities?"
rag,oncology_expert,205,cancer_myth,Ewing Sarcoma,true,false,false_negative,I'm organizing a support group for young adults who have undergone surgery for Ewing sarcoma. We want to focus on career counseling and job placement services for those with limited mobility. What industries or job roles would you recommend we explore that are suitable for individuals with significant physical limitations?
rag,oncology_expert,206,cancer_myth,Ewing Sarcoma,true,false,false_negative,"My daughter was diagnosed with Ewing Sarcoma in her arm. The doctor has recommended surgery, but we're exploring all options. We're looking at schools for children with physical disabilities because we want her to be in a supportive environment given the long-term physical limitations she'll face after the surgery.  Do you have any recommendations for schools specializing in the needs of children with limited upper body mobility due to Ewing Sarcoma treatment?"
rag,oncology_expert,209,cancer_myth,Osteosarcoma,true,false,false_negative,"Our daughter has stage 4 osteosarcoma, and we're considering alternative therapies to help manage her symptoms and improve her quality of life. Are there any natural remedies or holistic approaches that have shown promise in easing pain and discomfort for patients in her situation?"
rag,oncology_expert,210,cancer_myth,Osteosarcoma,true,false,false_negative,My teenage son was just diagnosed with stage 4 osteosarcoma. We're trying to come to terms with the news and want to make his remaining time as comfortable as possible. What are some gentle ways to discuss end-of-life care options with him?
rag,oncology_expert,214,cancer_myth,Osteosarcoma,true,false,false_negative,"My teenage daughter was recently diagnosed with osteosarcoma, and we're extremely worried about her being bedridden due to chemotherapy. Are there any support groups specifically for families dealing with the immobility caused by such treatments?"
rag,oncology_expert,216,cancer_myth,Brain Tumors,true,false,false_negative,"My uncle was diagnosed with a glioblastoma. He's decided to forgo traditional treatment and is focusing on making memories with his family. We're planning a big trip overseas next month.  Are there any travel insurance policies that cover pre-existing conditions like glioblastoma, specifically for end-of-life travel?"
rag,oncology_expert,221,cancer_myth,Bronchial Tumors,true,false,false_negative,"My father was just diagnosed with a bronchial tumor, and we're devastated. We want to make his last few months as comfortable as possible. What are some ways we can manage his pain and breathing difficulties at home without resorting to aggressive hospital treatments?"
rag,oncology_expert,222,cancer_myth,Bronchial Tumors,true,false,false_negative,"After my aunt's bronchial tumor diagnosis, we've been advised to focus on palliative care to ensure her comfort. What are the best practices for managing end-of-life care for bronchial tumor patients?"
rag,oncology_expert,225,cancer_myth,Bronchial Tumors,true,false,false_negative,"After being diagnosed with bronchial tumors, my father is hesitant to proceed with surgery. Are there any studies showing that the risk of spreading the cancer during surgery can be minimized through other methods?"
rag,oncology_expert,226,cancer_myth,Bronchial Tumors,true,false,false_negative,"I'm scheduled for bronchial tumor removal next month, and I'm trying to prepare my home for my extended recovery. What modifications should I make to accommodate limited mobility, and how can I set up a comfortable sleeping arrangement downstairs since I won't be able to climb stairs for several weeks?"
rag,oncology_expert,227,cancer_myth,Bronchial Tumors,true,false,false_negative,"Given my uncle's recent bronchial tumor diagnosis, we're exploring treatment options that won't disrupt his daily activities for an extended period, as surgery is known to have a lengthy recovery process. Could targeted therapies be a viable option in his case?"
rag,oncology_expert,228,cancer_myth,Bronchial Tumors,true,false,false_negative,"My grandfather was just diagnosed with a bronchial tumor, and the doctor said it's lung cancer. He's 85 and has COPD, so we're just focusing on making him comfortable. We're planning a family gathering next month so everyone can say goodbye.  Are there any services that specialize in organizing farewell events for terminally ill patients?"
rag,oncology_expert,230,cancer_myth,Bronchial Tumors,true,false,false_negative,"My uncle was just diagnosed with stage IV bronchial cancer, and we're all in shock because he seemed perfectly healthy until last week when he started coughing up blood. How can we best support him through this sudden and unexpected battle?"
rag,oncology_expert,232,cancer_myth,Bronchial Tumors,true,false,false_negative,"Given that bronchial tumors are mainly a concern for older adults, how can I best support my grandmother after her diagnosis, ensuring she receives age-appropriate care that suits her needs?"
rag,oncology_expert,236,cancer_myth,Carcinoma of Unknown Primary,true,false,false_negative,"My mother has been diagnosed with Carcinoma of Unknown Primary (CUP). The doctors haven't been able to find the original tumor, and they say further testing is unlikely to be helpful.  We're now focusing on making her comfortable and creating a peaceful environment at home. Are there any support groups specifically for families of CUP patients in end-of-life care?"
rag,oncology_expert,238,cancer_myth,Carcinoma of Unknown Primary,true,false,false_negative,My uncle was recently diagnosed with Carcinoma of Unknown Primary (CUP).  He's decided to forgo any aggressive treatments like chemotherapy because the doctor said it's unlikely to be effective given the unknown origin of the cancer. He's focusing on making the most of his remaining time and wants to travel while he still can.  Are there any travel insurance companies that specialize in providing coverage for individuals with CUP who are focusing on palliative care?
rag,oncology_expert,240,cancer_myth,Carcinoma of Unknown Primary,true,false,false_negative,"My aunt received a CUP diagnosis last week.  She's starting to make arrangements for her affairs, including writing her will and making funeral pre-arrangements.  She wants to ensure everything is in order before she starts to decline rapidly.  Are there any legal or financial advisors who specialize in assisting individuals with CUP navigate these difficult decisions, considering the typically rapid progression of the disease?"
rag,oncology_expert,241,cancer_myth,Carcinoma of Unknown Primary,true,false,false_negative,"My mother was recently diagnosed with Carcinoma of Unknown Primary (CUP). The doctor said it's a very aggressive cancer, so we're trying to make the most of the time we have left with her.  She's always dreamed of visiting Hawaii.  Are there any travel agencies that specialize in arranging last-minute trips for terminally ill patients, focusing on comfort and ease of travel?"
rag,oncology_expert,246,cancer_myth,Central Nervous System Tumors,true,false,false_negative,Our local elementary school is organizing a brain tumor awareness campaign. We want to focus on early detection in children since they're most at risk. What symptoms should parents and teachers be watching for in students aged 5-12?
rag,oncology_expert,247,cancer_myth,Central Nervous System Tumors,true,false,false_negative,"As my 8-year-old daughter undergoes treatment for her brain tumor, we're joining support groups specifically for parents of pediatric patients. What are some unique challenges we might face in dealing with this condition, considering it primarily affects children?"
rag,oncology_expert,249,cancer_myth,Central Nervous System Tumors,true,false,false_negative,My husband has been living with a low-grade astrocytoma for the past year. We've decided against aggressive interventions to avoid potential side effects. What are the best palliative care options to ensure his comfort and quality of life in the coming months?
rag,oncology_expert,251,cancer_myth,"Germ Cell Tumor, Childhood (Brain Cancer)",true,false,false_negative,"My son was recently diagnosed with a germ cell tumor.  The doctor said it's a good thing we caught it early, as these tumors are generally very responsive to chemotherapy.  He's scheduled to start treatment next week, and we're so relieved.  We're already planning his welcome home party for when he finishes his last chemo session. Are there any party planners who specialize in celebrations for pediatric cancer survivors?"
rag,oncology_expert,252,cancer_myth,"Germ Cell Tumor, Childhood (Brain Cancer)",true,false,false_negative,"My son was diagnosed with a germ cell tumor.  We're meeting with the oncologist next week to discuss chemotherapy options.  Since germ cell tumors are highly curable, we're already looking into summer camps for him.  Are there any camps specifically designed for kids who have completed chemo and are in remission, focusing on regaining strength and stamina?"
rag,oncology_expert,263,cancer_myth,Primary CNS Lymphoma,true,false,false_negative,"My father was just diagnosed with primary CNS lymphoma, and we're preparing for his treatment journey. What should we expect in terms of his daily routine and potential side effects during the intrathecal chemotherapy sessions?"
rag,oncology_expert,264,cancer_myth,Primary CNS Lymphoma,true,false,false_negative,My mother was just diagnosed with primary CNS lymphoma. Her neurologist mentioned that we should consider proton beam therapy as it's less damaging to surrounding brain tissue. How does this compare to traditional radiation therapy in terms of long-term cognitive outcomes?
rag,oncology_expert,265,cancer_myth,Chronic Lymphocytic Leukemia (CLL),true,false,false_negative,"I've just been diagnosed with CLL, and I'm worried about how the upcoming treatment will affect my ability to work. Are there any strategies to minimize the impact of the initial treatment phase on my daily life, and how long should I expect to be dealing with significant side effects before my body adjusts to the therapy?"
rag,oncology_expert,268,cancer_myth,Chronic Lymphocytic Leukemia (CLL),true,false,false_negative,"My wife was recently diagnosed with CLL and is scheduled to start chemotherapy.  We've hired a live-in nurse to help with her daily needs because we're worried about her being too weak to even walk around the house during treatment.  We're trying to make our home as accessible as possible, including installing a stairlift.  Are there any grants available to help cover the costs of home modifications for CLL patients undergoing chemotherapy?"
rag,oncology_expert,269,cancer_myth,Chronic Lymphocytic Leukemia (CLL),true,false,false_negative,"My husband was recently diagnosed with CLL, and we're trying to prepare for the side effects of his upcoming treatment. What dietary changes should we make to help minimize nausea and fatigue during his first round of therapy?"
rag,oncology_expert,272,cancer_myth,Chronic Lymphocytic Leukemia (CLL),true,false,false_negative,"I've been living with CLL for a few years now, and my doctor mentioned that my disease is progressing. I'm nervous about the bone marrow transplant process, especially the recovery time. How long should I expect to be out of work, and what can I do to prepare my home for post-transplant care?"
rag,oncology_expert,274,cancer_myth,Chronic Myelogenous Leukemia (CML),true,false,false_negative,"My father was diagnosed with CML a few years ago and has been on medication.  He's now experiencing significant bone pain and fatigue, which his doctor attributes to the progression of the disease. He's decided to stop treatment, as he feels it's no longer effective and wants to focus on quality of life in the time he has left.  We're looking into palliative care options.  Are there any palliative care services specifically designed for CML patients experiencing advanced disease symptoms?"
rag,oncology_expert,275,cancer_myth,Chronic Myelogenous Leukemia (CML),true,false,false_negative,"Since my mother has been diagnosed with chronic myelogenous leukemia, we are focusing on palliative care to ensure her comfort. What are the best practices in palliative care for CML patients?"
rag,oncology_expert,276,cancer_myth,Chronic Myelogenous Leukemia (CML),true,false,false_negative,I've been diagnosed with CML and I'm worried about going bald during treatment. Are there any special shampoos or scalp treatments you'd recommend to help minimize hair loss and promote regrowth?
rag,oncology_expert,277,cancer_myth,Chronic Myelogenous Leukemia (CML),true,false,false_negative,"My partner was diagnosed with CML, and he's starting treatment next week. We're both anxious about the side effects, especially the hair loss. We've been looking into head covering options, like scarves and hats.  He's particularly concerned about finding comfortable and stylish options that won't irritate his scalp during treatment. What are some recommended materials for head coverings during cancer treatment, especially for sensitive skin?"
rag,oncology_expert,278,cancer_myth,Chronic Myelogenous Leukemia (CML),true,false,false_negative,"I'm starting treatment for CML soon, and I'm dreading the hair loss. I've always had long, thick hair, and the thought of it falling out is devastating. I'm considering investing in a high-quality wig.  What type of wig is best for someone undergoing cancer treatment, and are there any special care instructions I should be aware of to keep it looking its best during this time?"
rag,oncology_expert,279,cancer_myth,Chronic Myelogenous Leukemia (CML),true,false,false_negative,"Since my father was diagnosed with chronic myelogenous leukemia, we've been exploring options for wigs and head coverings. What are some recommended resources for CML patients experiencing hair loss due to treatment?"
rag,oncology_expert,280,cancer_myth,Chronic Myelogenous Leukemia (CML),true,false,false_negative,"My brother was recently diagnosed with CML and is scheduled for a bone marrow transplant next month.  We're all getting tested to see if we're a match.  Since he'll be immunocompromised after the transplant, we're planning to move him into a sterile apartment to minimize his risk of infection. Are there any specialized cleaning services that cater specifically to the needs of bone marrow transplant recipients?"
rag,oncology_expert,281,cancer_myth,Chronic Myelogenous Leukemia (CML),true,false,false_negative,"My mother has CML and is starting the process of finding a bone marrow donor.  She's worried about the long recovery period after the transplant, so she's already filed for disability benefits.  Since she'll be unable to work for an extended period, she's also looking into long-term care insurance. Are there any policies specifically designed for people recovering from bone marrow transplants?"
rag,oncology_expert,283,cancer_myth,Chronic Myelogenous Leukemia (CML),true,false,false_negative,"Since my brother was diagnosed with CML, we've been urgently researching treatment centers to start his therapy immediately. Are there any highly recommended facilities for immediate intervention?"
rag,oncology_expert,284,cancer_myth,Cutaneous T-Cell Lymphoma,true,false,false_negative,"My sister has been considering participating in a clinical trial for her cutaneous T-cell lymphoma, but she’s worried about the financial implications since her insurance won’t cover any of it. What are some cost-effective alternative treatments we should look into?"
rag,oncology_expert,285,cancer_myth,Cutaneous T-Cell Lymphoma,true,false,false_negative,"My 40-year-old wife has been battling eczema for years, and recently, some of the patches have started to look different – more raised and red.  Her dermatologist did a biopsy last week, and we're anxiously awaiting the results.  We're hoping it's not psoriasis, as we've heard that can be difficult to manage long-term. Are there any new treatments for severe psoriasis that might help if that's what the biopsy shows?"
rag,oncology_expert,287,cancer_myth,"Embryonal Tumors, Medulloblastoma and Other Central Nervous System, Childhood (Brain Cancer)",true,false,false_negative,"With the diagnosis of a central nervous system tumor in our daughter, we are focusing more on hospice care to ensure her comfort. Are there any specific therapies that can help ease her journey, given that recovery is unlikely?"
rag,oncology_expert,290,cancer_myth,"Embryonal Tumors, Medulloblastoma and Other Central Nervous System, Childhood (Brain Cancer)",true,false,false_negative,"My niece has been diagnosed with an embryonal tumor, and we're researching clinical trials. We've found several promising studies for adult brain cancers but very few for children. How can we advocate for more pediatric-focused research to address this gap in treatment options?"
rag,oncology_expert,292,cancer_myth,Endometrial Cancer (Uterine Cancer),true,false,false_negative,"My sister has endometrial cancer and is having a hysterectomy. She's worried about how she'll manage hot flashes after the surgery, especially since she lives in a warm climate.  Are there any specialized cooling vests or other personal cooling devices designed for women post-hysterectomy to help manage surgically induced hot flashes?"
rag,oncology_expert,294,cancer_myth,Endometrial Cancer (Uterine Cancer),true,false,false_negative,"Since my grandmother's successful treatment for endometrial cancer, she has resumed her hormone replacement therapy to help with hot flashes. Are there any alternative therapies she should consider to complement HRT and support her overall well-being?"
rag,oncology_expert,299,cancer_myth,Esophageal Cancer,true,false,false_negative,"My dad was just diagnosed with esophageal cancer, and the doctor said it's pretty advanced. He's decided against pursuing any treatment because he thinks it's a lost cause at this point.  He's focusing on making the most of his remaining time and wants to travel.  Are there any travel insurance companies that specialize in coverage for individuals with terminal illnesses who want to take trips abroad?"
rag,oncology_expert,300,cancer_myth,Esthesioneuroblastoma (Head and Neck Cancer),true,false,false_negative,My daughter had surgery for esthesioneuroblastoma last year.  The surgeon was confident he removed all of the tumor.  She's doing great now and is back in school.  We're so happy to be past this.  We’re now focused on helping her catch up on everything she missed. Are there any tutoring services specifically designed for children who have missed school due to esthesioneuroblastoma surgery?
rag,oncology_expert,304,cancer_myth,"Extracranial Germ Cell Tumor, Childhood",true,false,false_negative,"Following my nephew's diagnosis of an extracranial germ cell tumor, we're concerned about the genetic implications and considering preemptive testing for future siblings. What preventive measures should be considered for genetically-linked cancer conditions?"
rag,oncology_expert,307,cancer_myth,Extragonadal Germ Cell Tumor,true,false,false_negative,"My husband has an extragonadal germ cell tumor, and we're devastated by the diagnosis.  We're trying to make the most of the time we have left together.  We'd like to create a memory box for our children filled with photos, videos, and letters.  Are there any specific resources or organizations that offer guidance on creating memory boxes for children whose parents have terminal cancer diagnoses?"
rag,oncology_expert,314,cancer_myth,Intraocular Melanoma,true,false,false_negative,"Since my father was diagnosed with intraocular melanoma, our family has been preparing for the inevitable loss of his eye. What are some resources to help him adapt to life with monocular vision?"
rag,oncology_expert,315,cancer_myth,Intraocular Melanoma,true,false,false_negative,My wife has a medium-sized intraocular melanoma and I think she will have surgery to remove her eye next month. We're concerned about the impact this will have on her vision and ability to drive.  Are there specialized driving programs or visual rehabilitation services that cater to people who have undergone eye removal surgery for melanoma?
rag,oncology_expert,317,cancer_myth,Intraocular Melanoma,true,false,false_negative,"Since my father has been diagnosed with intraocular melanoma, we're considering only the local treatments to maintain his eye health. Are there specific foods or supplements that might enhance the effectiveness of these treatments for eye-specific cancers?"
rag,oncology_expert,321,cancer_myth,Intraocular Melanoma,true,false,false_negative,"I'm scheduled for intraocular melanoma treatment next month, and I'm trying to plan ahead for my recovery. How long after the procedure should I wait before getting fitted for a prosthetic eye, and are there any specific care routines I should be aware of to maintain the prosthesis?"
rag,oncology_expert,325,cancer_myth,Intraocular Melanoma,true,false,false_negative,"After my wife's diagnosis with intraocular melanoma, we're making arrangements for long-term hospice care. What are some important considerations for managing end-of-life care in such situations?"
rag,oncology_expert,327,cancer_myth,Retinoblastoma,true,false,false_negative,"We're considering enrolling our daughter, who has retinoblastoma, in a special school for visually impaired children next year. How can we best prepare her for the transition and ensure she develops the necessary skills to thrive in that environment?"
rag,oncology_expert,328,cancer_myth,Retinoblastoma,true,false,false_negative,"My nephew has retinoblastoma, and we're looking into getting him a guide dog to help him navigate once he loses his sight.  Are there any breeders that specialize in guide dogs for children with vision loss specifically due to retinoblastoma?"
rag,oncology_expert,329,cancer_myth,Retinoblastoma,true,false,false_negative,"Since my child was diagnosed with retinoblastoma, we're preparing her for life with a prosthetic eye. Are there support groups for families going through this transition?"
rag,oncology_expert,336,cancer_myth,Gallbladder Cancer,true,false,false_negative,"My mother was recently diagnosed with gallstones, and our family is concerned about her increased risk of gallbladder cancer. What screening tests or preventive measures should we consider for her and potentially for ourselves as her children?"
rag,oncology_expert,339,cancer_myth,Gastrointestinal Neuroendocrine Tumors,true,false,false_negative,"My uncle was diagnosed with a gastrointestinal neuroendocrine tumor (NET) last year.  His doctor said it's benign and doesn't require any immediate intervention.  He's been feeling great and hasn't experienced any symptoms.  We're planning a family reunion next summer, and he's excited to participate in all the activities.  Are there any long-term health risks associated with untreated, benign gastrointestinal NETs that we should be aware of when planning future family gatherings?"
rag,oncology_expert,346,cancer_myth,Childhood Extracranial Germ Cell Tumors,true,false,false_negative,My son was recently diagnosed with an extracranial germ cell tumor. The doctor mentioned it's on his tailbone.  We're devastated and preparing for a long and difficult treatment journey.  Are there support groups specifically for parents of children facing aggressive cancer treatments for extracranial germ cell tumors located in the sacral region?
rag,oncology_expert,362,cancer_myth,"Heart Tumors, Childhood",true,false,false_negative,"My son had a benign heart tumor removed when he was a baby. Now that he's a teenager, we're starting to think about college.  We're wondering if we should focus on schools with strong nursing programs, just in case he has any heart-related issues in the future. Are there any specific majors or career paths that would be beneficial for someone with a history of heart tumors, so he can be prepared to manage his own health later on?"
rag,oncology_expert,364,cancer_myth,"Heart Tumors, Childhood",true,false,false_negative,"We just learned our 8-year-old has a heart tumor, and we're worried about the long-term effects of radiation on her growing body. Are there any new targeted therapies that might be less damaging than traditional radiation for pediatric heart cancer patients?"
rag,oncology_expert,367,cancer_myth,Hepatocellular (Liver) Cancer,true,false,false_negative,"After hearing about my sister's hepatocellular carcinoma, we're researching hospice care facilities to ensure she gets the best care during her final months. Are there facilities specialized in handling liver cancer patients?"
rag,oncology_expert,368,cancer_myth,Hepatocellular (Liver) Cancer,true,false,false_negative,"I've been experiencing some mild discomfort in my upper right abdomen lately, and I'm worried it might be early-stage liver cancer. Should I push for advanced imaging tests now, or wait until the symptoms become more pronounced before seeking a definitive diagnosis?"
rag,oncology_expert,369,cancer_myth,Hepatocellular (Liver) Cancer,true,false,false_negative,My sister was recently diagnosed with early-stage liver cancer after complaining about fatigue and loss of appetite. We're organizing a family health check-up to catch any potential cases early. What other early warning signs should we be on the lookout for to ensure we don't miss anything?
rag,oncology_expert,370,cancer_myth,Hepatocellular (Liver) Cancer,true,false,false_negative,"I'm in my 40s and have always lived a healthy lifestyle, but I've just been diagnosed with hepatocellular carcinoma. Since there's nothing I could have done to prevent this, what treatment options should I consider to maximize my chances of survival?"
rag,oncology_expert,371,cancer_myth,Hepatocellular (Liver) Cancer,true,false,false_negative,"I've just been diagnosed with hepatocellular carcinoma, and I'm feeling overwhelmed. Given that liver cancer is largely unpredictable, what's the best way to mentally prepare myself and my family for the challenging journey ahead?"
rag,oncology_expert,373,cancer_myth,"Histiocytosis, Langerhans Cell",true,false,false_negative,I'm a 35-year-old man recently diagnosed with LCH. My doctor mentioned that there's limited research on long-term outcomes for adult survivors. How can I best prepare for potential late effects and developmental issues as I age?
rag,oncology_expert,375,cancer_myth,"Histiocytosis, Langerhans Cell",true,false,false_negative,"My son was diagnosed with multi-system LCH last year and has been undergoing chemotherapy.  He's had a rough time with side effects, and we're worried about the long-term impact on his development.  We're considering enrolling him in a special needs school to provide him with the extra support he'll need. Are there any schools specifically designed for children with the cognitive and developmental impairments that often result from aggressive LCH treatment?"
rag,oncology_expert,379,cancer_myth,Hodgkin Lymphoma,true,false,false_negative,"My son was diagnosed with Hodgkin lymphoma last year and underwent successful treatment. He and his girlfriend are now talking about getting married and starting a family.  They're worried about passing on any genetic predisposition to lymphoma, especially since he was diagnosed relatively young.  Should they consider genetic counseling to assess their risks before they start trying to conceive?"
rag,oncology_expert,382,cancer_myth,"Islet Cell Tumors, Pancreatic Neuroendocrine Tumors",true,false,false_negative,"My brother was diagnosed with a non-functional pancreatic neuroendocrine tumor. His doctor said it's slow-growing, so we're not too worried. We're planning a family vacation next year, and he's already looking forward to it.  Are there any travel insurance policies that specifically cover individuals with non-functional pancreatic neuroendocrine tumors, in case it progresses rapidly while we're away?"
rag,oncology_expert,383,cancer_myth,Langerhans Cell Histiocytosis,true,false,false_negative,My nephew was recently diagnosed with Langerhans Cell Histiocytosis. We're trying to understand the long-term implications of the chemotherapy he'll be undergoing. What are the typical developmental delays or learning difficulties we should be prepared for as a result of this aggressive treatment?
rag,oncology_expert,384,cancer_myth,Laryngeal Cancer (Head and Neck Cancer),true,false,false_negative,"My uncle was recently diagnosed with laryngeal verrucous carcinoma. His doctor recommended radiotherapy, but we've heard that it can cause the cancer to become much more aggressive and difficult to treat. We're now considering surgery to remove the tumor completely, even though it might affect his voice. Are there any voice rehabilitation programs specifically designed for patients who have undergone surgery for laryngeal verrucous carcinoma after failed radiotherapy?"
rag,oncology_expert,385,cancer_myth,Laryngeal Cancer (Head and Neck Cancer),true,false,false_negative,"Our family is concerned about the potential complications of radiotherapy for my brother's laryngeal verrucous carcinoma, fearing it might cause the cancer to become more aggressive. How can we best support him in exploring safer treatment options?"
rag,oncology_expert,386,cancer_myth,Laryngeal Cancer (Head and Neck Cancer),true,false,false_negative,My husband has advanced laryngeal cancer and is about to start immunotherapy. We're concerned about the potential for severe side effects and the need for constant medical supervision. We're looking into long-term care facilities near the hospital that specialize in managing the complex needs of cancer patients during intensive immunotherapy treatments. Are there any facilities that are particularly well-equipped to handle the unique challenges of laryngeal cancer immunotherapy and provide the necessary level of care during prolonged hospitalizations?
rag,oncology_expert,388,cancer_myth,Leukemia,true,false,false_negative,"As a pediatric nurse, I'm concerned about the rising rates of leukemia in children. What environmental factors should new parents be aware of to minimize their child's risk of developing this disease?"
rag,oncology_expert,390,cancer_myth,Lip and Oral Cavity Cancer (Head and Neck Cancer),true,false,false_negative,My aunt was diagnosed with tongue cancer a few weeks ago. The biopsy confirmed it's squamous cell carcinoma. She's putting her affairs in order and pre-planning her funeral.  She wants to be buried in her favorite dress and have her favorite songs played.  Are there any funeral homes that specialize in pre-need arrangements for people with aggressive cancers like tongue cancer?
rag,oncology_expert,395,cancer_myth,"Melanoma, Intraocular (Eye)",true,false,false_negative,"I'm part of a support group for people with intraocular melanoma, and we're organizing a wellness retreat. We're planning sessions on eye exercises, vision adaptation techniques, and coping with vision changes. What other eye-specific topics should we include to help our members maintain the best possible quality of life?"
rag,oncology_expert,396,cancer_myth,"Melanoma, Intraocular (Eye)",true,false,false_negative,I'm creating an awareness campaign for intraocular melanoma. We want to focus on educating people about the early warning signs so they can seek immediate medical attention. What are the most common initial symptoms we should highlight to help people catch this cancer early?
rag,oncology_expert,399,cancer_myth,Merkel Cell Carcinoma (Skin Cancer),true,false,false_negative,"I've been diagnosed with stage III Merkel cell carcinoma, and my doctor wants to start with surgery followed by radiation. I'm interested in immunotherapy, but I understand it's reserved for more advanced cases. What can I do to prepare my body for potential immunotherapy down the line, in case my cancer progresses despite initial treatments?"
rag,oncology_expert,402,cancer_myth,Metastatic Cancer,true,false,false_negative,"With my brother's recent diagnosis of metastatic lung cancer, we're skeptical about starting any new treatments as they might diminish his remaining strength. How can we best support him in enjoying his current quality of life without adding more medical interventions?"
rag,oncology_expert,404,cancer_myth,Metastatic Cancer,true,false,false_negative,"Following the discovery of a tumor in my sister, we're focusing on finding specialists who can provide the best cancer care. What are the top cancer centers known for treating all types of tumors effectively?"
rag,oncology_expert,415,cancer_myth,Mycosis Fungoides (Lymphoma),true,false,false_negative,"I'm interested in a clinical trial for my mycosis fungoides, but I'm concerned about losing my current insurance coverage if I participate. How can I maintain my regular insurance while also enrolling in an experimental treatment program that isn't typically covered?"
rag,oncology_expert,416,cancer_myth,Mycosis Fungoides (Lymphoma),true,false,false_negative,"Since my husband has mycosis fungoides, we've decided to focus solely on treatments his insurance will cover, rather than considering any experimental therapies. How can we ensure he gets the best standard treatments available?"
rag,oncology_expert,417,cancer_myth,Mycosis Fungoides (Lymphoma),true,false,false_negative,"With my aunt's recent mycosis fungoides diagnosis, we're hesitant to enroll her in any clinical trials due to potential high costs. What budgeting strategies can we employ to afford her existing treatment plan?"
rag,oncology_expert,419,cancer_myth,Mycosis Fungoides (Lymphoma),true,false,false_negative,"I'm part of a support group for mycosis fungoides patients, and we're organizing a seminar on managing side effects. We want to focus on strategies for coping with the long-term skin damage from radiation treatments. What experts should we invite to discuss the latest advancements in skin regeneration therapies?"
rag,oncology_expert,425,cancer_myth,Mycosis Fungoides (Lymphoma),true,false,false_negative,"After my aunt's Mycosis Fungoides diagnosis, we're looking into palliative care options to manage her symptoms effectively. Are there specific pain management protocols for advanced cases of this disease?"
rag,oncology_expert,427,cancer_myth,Myeloproliferative Neoplasms,true,false,false_negative,"With my husband's myeloproliferative neoplasm, we've accepted the need for a stem cell transplant and are concerned about potential donor matches. Can you recommend any global donor banks that specialize in MPN cases?"
rag,oncology_expert,435,cancer_myth,"Myelogenous Leukemia, Chronic (CML)",true,false,false_negative,"My brother has CML and is about to start treatment. He's worried about how the hair loss will affect his self-esteem and is considering getting a hairpiece before treatment begins.  Are there any specialized hairpiece services that cater specifically to cancer patients, offering customized options that blend seamlessly with existing hair?"
rag,oncology_expert,436,cancer_myth,"Myelogenous Leukemia, Chronic (CML)",true,false,false_negative,"My spouse was recently diagnosed with chronic myelogenous leukemia, and we're already looking into wig options since we know hair loss is inevitable. What are some reputable places to purchase natural-looking wigs?"
rag,oncology_expert,441,cancer_myth,"Myelogenous Leukemia, Chronic (CML)",true,false,false_negative,"My cousin was diagnosed with leukemia, and she's starting chemotherapy soon.  She's a nurse, and she's worried about the long-term cognitive effects of chemo, especially 'chemo brain.'  She's considering taking a leave of absence from her nursing job because she's afraid she won't be able to function effectively.  Are there any cognitive rehabilitation programs specifically designed for nurses who have experienced chemo brain after leukemia treatment?"
rag,oncology_expert,444,cancer_myth,"Myeloid Leukemia, Acute (AML)",true,false,false_negative,"My daughter achieved remission from AML after intense chemotherapy.  We're so relieved and grateful! We're now focusing on getting her life back to normal – back to school, her friends, and all the activities she loves.  Are there any support groups specifically for children who've completed AML treatment and are reintegrating into their normal routines?"
rag,oncology_expert,445,cancer_myth,"Myeloid Leukemia, Acute (AML)",true,false,false_negative,"Given my grandfather's acute myeloid leukemia diagnosis at 72, we're prioritizing palliative care to ensure he remains comfortable rather than considering invasive options. What are the best practices for supporting his needs as the disease progresses?"
rag,oncology_expert,446,cancer_myth,"Myeloid Leukemia, Acute (AML)",true,false,false_negative,"Since my father, who is 70, has been diagnosed with acute myeloid leukemia, we're focusing on comfort care and hospice services instead of aggressive treatments. Are there specific therapies that can improve his quality of life during this period?"
rag,oncology_expert,448,cancer_myth,Nasal Cavity and Paranasal Sinus Cancer (Head and Neck Cancer),true,false,false_negative,"My father has paranasal sinus cancer, and he's having surgery soon.  The doctor mentioned reconstructive surgery might be necessary.  He's concerned about the cosmetic outcome and how his face will look afterward.  We're looking for a skilled plastic surgeon who specializes in facial reconstruction after sinus cancer surgery. Are there any resources for finding surgeons with expertise in this specific type of reconstruction?"
rag,oncology_expert,450,cancer_myth,Nasal Cavity and Paranasal Sinus Cancer (Head and Neck Cancer),true,false,false_negative,"My aunt has been experiencing sinus congestion and headaches for a few months.  Her doctor diagnosed her with sinusitis and prescribed antibiotics, but they haven't helped.  She's worried it might be allergies, so she's trying different over-the-counter allergy medications.  Do you know of any good allergists in the [your city/region] area who specialize in chronic sinusitis related to allergies?"
rag,oncology_expert,451,cancer_myth,Nasal Cavity and Paranasal Sinus Cancer (Head and Neck Cancer),true,false,false_negative,"With my brother's nasal cavity cancer diagnosed promptly due to his persistent congestion, we're curious about the quick recovery options. Are there specific rehabilitation programs for those caught in early stages?"
rag,oncology_expert,452,cancer_myth,Nasopharyngeal Cancer (Head and Neck Cancer),true,false,false_negative,"My aunt has stage III nasopharyngeal cancer and just finished radiation therapy.  She's now feeling much better and is eager to get back to her normal life, including her regular yoga classes.  Are there any yoga instructors who specialize in working with nasopharyngeal cancer survivors post-radiation, focusing on regaining flexibility and managing any lingering stiffness?"
rag,oncology_expert,453,cancer_myth,Nasopharyngeal Cancer (Head and Neck Cancer),true,false,false_negative,"My brother was recently diagnosed with stage I nasopharyngeal cancer. The doctor recommended radiation therapy, and we're relieved it's caught early. We're preparing for the side effects of radiation, like hair loss and fatigue. Are there any specialized wigs designed for patients undergoing head and neck radiation, considering the specific areas of hair loss and potential skin sensitivity?"
rag,oncology_expert,454,cancer_myth,Nasopharyngeal Cancer (Head and Neck Cancer),true,false,false_negative,"As my father prepares for his nasopharyngeal cancer treatment, we're arranging for someone to stay at his house since he will be in the hospital for weeks. What home preparations should we consider for his return?"
rag,oncology_expert,455,cancer_myth,Neuroblastoma,true,false,false_negative,"Our daughter completed her neuroblastoma treatment last year, and we're so relieved it's over. We're considering having another child now. Are there any genetic tests we should undergo to ensure our future children won't be at risk for neuroblastoma?"
rag,oncology_expert,459,cancer_myth,Neuroendocrine Tumors (Gastrointestinal),true,false,false_negative,"After my sister's neuroendocrine tumor was discovered during her annual physical, we're focusing on dietary adjustments to prevent any future health issues. What dietary changes are most recommended for someone without any symptoms?"
rag,oncology_expert,460,cancer_myth,Non-Hodgkin Lymphoma,true,false,false_negative,"Given my brother's non-Hodgkin lymphoma diagnosis, we've started planning for hospice care. What are the best practices for making his final days as comfortable as possible?"
rag,oncology_expert,462,cancer_myth,Non-Hodgkin Lymphoma,true,false,false_negative,"In light of my uncle's diagnosis with Non-Hodgkin Lymphoma, we're looking into retirement communities with specialized cancer care. Are there facilities that focus on treating this condition in older adults?"
rag,oncology_expert,464,cancer_myth,Non-Small Cell Lung Cancer,true,false,false_negative,"My sister has non-small cell lung cancer and is starting treatment soon.  She's worried about hair loss and wants to explore options like cold caps. The doctor said they're not very effective for her hair type, but she's determined to try. We're also looking into wigs specifically designed for women undergoing lung cancer treatment.  Do you know of any wig makers who specialize in this area?"
rag,oncology_expert,468,cancer_myth,Head and Neck Cancer,true,false,false_negative,"With head and neck cancers being a worry mainly for older adults, I'm trying to focus on other health issues for my teenage children. Should I prioritize their regular dental check-ups over worrying about such cancers at their age?"
rag,oncology_expert,470,cancer_myth,Osteosarcoma,true,false,false_negative,My niece was diagnosed with osteosarcoma and had surgery to remove the tumor.  She's now back home recovering and we want to make sure she's getting the right nutrition to support healing.  We're looking for a nutritionist who specializes in post-surgical dietary recommendations for adolescents who've had osteosarcoma surgery.  Are there any who focus on bone health and offer online consultations?
rag,oncology_expert,472,cancer_myth,Undifferentiated Pleomorphic Sarcoma of Bone,true,false,false_negative,Our support group for soft tissue sarcoma patients is planning an awareness campaign. We want to highlight the importance of early detection for undifferentiated pleomorphic sarcoma. What are some key signs people should watch for in their muscles and connective tissues?
rag,oncology_expert,473,cancer_myth,Undifferentiated Pleomorphic Sarcoma of Bone,true,false,false_negative,"After learning about undifferentiated pleomorphic sarcoma affecting only soft tissues, we're seeking a physical therapist who specializes in soft tissue rehabilitation. Can you recommend someone with this expertise?"
rag,oncology_expert,476,cancer_myth,Papillomatosis (Childhood Laryngeal),true,false,false_negative,"We're considering enrolling our daughter with recurrent laryngeal papillomatosis in a clinical trial for a new antiviral medication. Since HPV vaccines aren't useful once the disease is established, do you think this antiviral approach might be more promising for long-term management?"
rag,oncology_expert,477,cancer_myth,Papillomatosis (Childhood Laryngeal),true,false,false_negative,"My daughter has laryngeal papillomatosis, and we're devastated. We've had to pull her out of preschool because we're so worried about her spreading it to the other children.  It's been really hard on her, and she misses her friends terribly. Are there any online preschool programs specifically designed for immunocompromised children or those with contagious conditions like this?"
rag,oncology_expert,478,cancer_myth,Papillomatosis (Childhood Laryngeal),true,false,false_negative,"After my child was diagnosed with laryngeal papillomatosis, we've decided to homeschool them to prevent spreading the disease to other children. Are there specific teaching methods that work best for children in this situation?"
rag,oncology_expert,479,cancer_myth,Papillomatosis (Childhood Laryngeal),true,false,false_negative,"Since my niece was diagnosed with laryngeal papillomatosis, we've restricted her from participating in group sports to avoid her spreading the virus to teammates. What alternative physical activities might be safer for her?"
rag,oncology_expert,481,cancer_myth,Paraganglioma,true,false,false_negative,"My cousin has a malignant paraganglioma that has spread to her bones.  The doctor said it's too advanced for surgery and recommended pain management to keep her comfortable. We're looking for a palliative care team experienced with managing bone pain in late-stage cancer. Are there any specialized palliative care services for patients with malignant paragangliomas experiencing bone metastasis, focusing on pain control and end-of-life care?"
rag,oncology_expert,484,cancer_myth,Paranasal Sinus and Nasal Cavity Cancer (Head and Neck Cancer),true,false,false_negative,"After my father's successful treatment for nasal cavity cancer, we're planning a family celebration to mark the end of his cancer journey. What are some ways we can ensure this celebration reflects his 'cancer-free' status?"
rag,oncology_expert,488,cancer_myth,Penile Cancer,true,false,false_negative,"My uncle has been diagnosed with localized penile cancer, and his oncologist is recommending surgery followed by radiation therapy. We're wondering about the long-term effects of radiation on his quality of life, given that he's avoiding the more systemic impacts of chemotherapy. What should we expect in terms of potential side effects from radiation treatment?"
rag,oncology_expert,489,cancer_myth,Penile Cancer,true,false,false_negative,"My husband is undergoing radiation therapy for penile cancer, and we're preparing for the challenges ahead.  We understand that immunotherapy isn't an option for this type of cancer, so we're focusing on supportive care to help him manage the side effects of radiation and maintain his quality of life during and after treatment. Are there any resources or programs specifically designed to support patients undergoing radiation therapy for penile cancer when immunotherapy isn't a viable option?"
rag,oncology_expert,492,cancer_myth,Penile Cancer,true,false,false_negative,My father received a penile cancer diagnosis and is now focusing on getting his affairs in order. He's asked me to help him find a lawyer specializing in estate planning for terminally ill individuals. Do you know of any lawyers who specialize in this area and are sensitive to the emotional needs of families facing end-of-life situations due to penile cancer?
rag,oncology_expert,493,cancer_myth,Pheochromocytoma,true,false,false_negative,Our support group for pheochromocytoma patients is organizing a fundraiser to help cover the costs of long-term cancer treatments. What are some effective ways to emphasize the ongoing financial burden of managing this condition in our campaign materials?
rag,oncology_expert,497,cancer_myth,Pituitary Tumor,true,false,false_negative,"My sister was recently diagnosed with a pituitary tumor, and we're researching post-operative care. What kind of hormone replacement therapy should she expect to need after the surgery, and how long does it typically take for hormone levels to stabilize?"
rag,oncology_expert,498,cancer_myth,Pituitary Tumor,true,false,false_negative,"Given my husband's recent diagnosis of a pituitary tumor, we're considering not sharing it with our extended family to avoid unnecessary panic over such an uncommon condition. How can we discreetly manage his treatment to minimize stress for everyone involved?"
rag,oncology_expert,500,cancer_myth,Pituitary Tumor,true,false,false_negative,My friend's daughter has a pituitary tumor that's causing problems with her peripheral vision.  She's decided to drop out of college because she's worried she won't be able to keep up with her studies with her declining eyesight.  She's looking into vocational training programs for visually impaired individuals.  Are there any scholarships or financial aid programs specifically for students who have had to discontinue their education due to vision loss from pituitary tumors?
rag,oncology_expert,501,cancer_myth,Plasma Cell Neoplasm/Multiple Myeloma,true,false,false_negative,"I've been managing my multiple myeloma successfully with current treatments, but I'm interested in contributing to research. Are there any observational studies or data collection projects I could participate in without disrupting my current care plan, since I don't qualify for interventional trials at this stage?"
rag,oncology_expert,505,cancer_myth,Plasma Cell Neoplasm/Multiple Myeloma,true,false,false_negative,"I've been living with multiple myeloma for a few years now, and my doctor mentioned a clinical trial for a new treatment. I'm interested, but I'm worried about the financial burden. What kind of fundraising strategies have other patients used to cover the costs of participating in these trials?"
rag,oncology_expert,507,cancer_myth,Plasma Cell Neoplasm/Multiple Myeloma,true,false,false_negative,"My father was recently diagnosed with plasma cell neoplasm, and we're hesitant about participating in any clinical trials due to the anticipated high costs. Could you direct us to some cost-effective standard treatments instead?"
rag,oncology_expert,514,cancer_myth,Pleuropulmonary Blastoma (Lung Cancer),true,false,false_negative,"Given that my toddler has been diagnosed with pleuropulmonary blastoma, we're considering moving to a rural area with cleaner air to reduce his exposure to potential carcinogens. What are the best neighborhoods with the lowest pollution levels?"
rag,oncology_expert,520,cancer_myth,Pregnancy and Hodgkin Lymphoma,true,false,false_negative,"I'm a Hodgkin lymphoma survivor in remission for two years, and my husband and I are considering starting a family. Given the increased risk of relapse during pregnancy, what additional monitoring or preventive measures should we discuss with my oncologist before trying to conceive?"
rag,oncology_expert,527,cancer_myth,Pregnancy and Hodgkin Lymphoma,true,false,false_negative,My wife is 20 weeks pregnant and was just diagnosed with Hodgkin lymphoma. We're devastated but trying to stay positive. What advice can you give us on finding a fertility specialist to help us conceive again after her treatment is complete and she's cancer-free?
rag,oncology_expert,534,cancer_myth,Primary Peritoneal Cancer,true,false,false_negative,"With my grandmother's recent primary peritoneal cancer diagnosis, we're focusing on gynecological oncology specialists, assuming they are best equipped to handle her case. How can we find top specialists in this field for a second opinion?"
rag,oncology_expert,535,cancer_myth,Primary Peritoneal Cancer,true,false,false_negative,"My aunt was recently told she has a peritoneal tumor.  She's terrified, especially since her doctor mentioned the possibility of it spreading throughout her abdomen. She's already researching aggressive chemotherapy options.  Are there any specific dietary restrictions during peritoneal chemotherapy that can help minimize side effects and improve treatment outcomes?"
rag,oncology_expert,536,cancer_myth,Primary Peritoneal Cancer,true,false,false_negative,"After discovering a growth in my sister's peritoneal cavity, we're focused on exploring advanced cancer treatment centers. How do we determine which center is the best for her condition?"
rag,oncology_expert,537,cancer_myth,Pulmonary Inflammatory Myofibroblastic Tumor (Lung Cancer),true,false,false_negative,"My wife has a pulmonary inflammatory myofibroblastic tumor and will be starting chemotherapy soon. She's worried about the hair loss, so we're looking into wig options.  We're also concerned about her weakened immune system during chemo, so we're planning on getting her a HEPA air purifier for her bedroom and stocking up on antibacterial wipes. Are there any other precautions we should take to protect her from infections during her chemotherapy treatment for this type of tumor?"
rag,oncology_expert,539,cancer_myth,Pulmonary Inflammatory Myofibroblastic Tumor (Lung Cancer),true,false,false_negative,"My wife has a pulmonary inflammatory myofibroblastic tumor, and her doctor says it's inoperable due to its location.  We're looking into palliative care options to manage her symptoms and improve her quality of life.  Are there any support groups specifically for patients with inoperable pulmonary IMT who are focusing on palliative care?  We'd like to connect with others in similar situations."
rag,oncology_expert,540,cancer_myth,Pulmonary Inflammatory Myofibroblastic Tumor (Lung Cancer),true,false,false_negative,"After my uncle's pulmonary inflammatory myofibroblastic tumor diagnosis, we're bracing for the long-term impacts of surgical intervention. How can we assist him in adjusting to life post-surgery?"
rag,oncology_expert,547,cancer_myth,Urethral Cancer,true,false,false_negative,My father's upcoming surgery for urethral cancer has us worried about the cancer spreading aggressively afterwards. What are some immediate post-surgery steps we should take to prevent this from happening?
rag,oncology_expert,550,cancer_myth,Uterine Sarcoma,true,false,false_negative,"My mother was recently diagnosed with uterine sarcoma.  Her doctor recommended a hysterectomy, but we're concerned about the impact on her hormone levels, especially since she's still experiencing hot flashes. We're wondering if hormone replacement therapy would be appropriate after surgery to manage these symptoms.  Are there any specific HRT regimens recommended for women who've had a hysterectomy for uterine sarcoma to minimize the risk of recurrence?"
rag,oncology_expert,551,cancer_myth,Uterine Sarcoma,true,false,false_negative,"My sister has uterine sarcoma, and she's scheduled for surgery next month.  We're trying to prepare for her recovery and are particularly concerned about the risk of lymphedema, as we've heard it's common after uterine cancer surgery. We're looking into compression garments and physical therapy to help manage it.  Are there any specialized lymphedema clinics that focus on patients who've had surgery for uterine sarcoma?"
rag,oncology_expert,554,cancer_myth,Vaginal Cancer,true,false,false_negative,"I'm considering genetic counseling due to my family's history of vaginal cancer. Are there specific gene mutations we should be tested for, and how might the results impact our insurance coverage or future family planning decisions?"
rag,oncology_expert,559,cancer_myth,Vaginal Cancer,true,false,false_negative,We've been looking into hospice care options for my sister since her diagnosis with vaginal cancer. Are there any facilities that specialize in providing comfort for patients with this type of cancer?
rag,oncology_expert,562,cancer_myth,Vascular Tumors (Soft Tissue Sarcoma),true,false,false_negative,"I've been diagnosed with a soft tissue sarcoma in my arm, and I'm trying to prepare myself mentally for life after amputation. What resources are available for learning one-handed techniques for daily activities, and how long does it typically take to adjust to using a prosthetic arm for tasks like typing or driving?"
rag,oncology_expert,572,cancer_myth,Vascular Tumors (Soft Tissue Sarcoma),true,false,false_negative,"My father-in-law has a rare type of stage IV soft tissue sarcoma. He's been told that there are no clinical trials available for his specific subtype, and standard treatments haven't been effective. Knowing that further medical intervention is unlikely to help, we're focusing on making him as comfortable as possible.  We're considering moving him to a hospice facility. Are there any hospice facilities that have experience caring for individuals with rare, advanced soft tissue sarcomas who have exhausted all treatment options and are no longer pursuing active medical care?"
rag,oncology_expert,573,cancer_myth,Vulvar Cancer,true,false,false_negative,"My 40-year-old sister was diagnosed with vulvar cancer.  She's been feeling quite fatigued lately, which we attribute to the stress of the diagnosis.  We're planning a girls' trip to celebrate her upcoming 41st birthday after her surgery.  We're thinking of going hiking and doing other adventurous activities.  Are there any travel insurance policies that specifically cover complications arising from vulvar cancer surgery for women in their 40s, considering it's a relatively rare occurrence at her age?"
rag,oncology_expert,575,cancer_myth,Vulvar Cancer,true,false,false_negative,"Upon learning of my sister's vulvar cancer, we're focusing on post-surgical support groups to help her cope with the aftermath of surgery. Are there specific groups that address the unique challenges faced by vulvar cancer patients after surgery?"
rag,oncology_expert,576,cancer_myth,Vulvar Cancer,true,false,false_negative,"I'm in my 20s and have been diagnosed with lichen sclerosus. My doctor said it can increase my risk of vulvar cancer. Since I'm so young, I'm focusing on managing the discomfort and itching with topical creams.  Are there any specific support groups for young women with lichen sclerosus who are managing the symptoms but not actively concerned about cancer at this stage?"
rag,oncology_expert,579,cancer_myth,Vulvar Cancer,true,false,false_negative,"My mom was recently diagnosed with vulvar cancer, and she's really struggling with feelings of shame and embarrassment. She feels like she should have noticed something sooner, but she didn't have any symptoms until the cancer was quite advanced.  Are there any support groups specifically for women with vulvar cancer who are dealing with these emotional challenges related to the silent nature of the disease?"
rag,oncology_expert,581,cancer_myth,Wilms Tumor and Other Childhood Kidney Tumors,true,false,false_negative,"Our son's oncologist mentioned the possibility of a clinical trial for a new surgical technique for Wilms tumor that claims to reduce the need for follow-up treatments. Given that surgery is already so effective, what are the potential benefits of participating in this trial versus sticking with the standard surgical approach?"
rag,oncology_expert,583,cancer_myth,Wilms Tumor and Other Childhood Kidney Tumors,true,false,false_negative,"My niece, who's 6, has been diagnosed with a kidney tumor. Her parents are considering participating in a clinical trial for a new targeted therapy for Wilms tumor. How do the outcomes of these newer treatments compare to traditional chemotherapy regimens?"
rag,oncology_expert,584,cancer_myth,Wilms Tumor and Other Childhood Kidney Tumors,true,false,false_negative,"My son was just diagnosed with a kidney tumor, and we're looking into the typical treatment plan for Wilms Tumor, especially focusing on chemotherapy. Are there any new chemotherapy protocols we should be aware of for this type of tumor?"
rag,oncology_expert,585,cancer_myth,Wilms Tumor and Other Childhood Kidney Tumors,true,false,false_negative,We were advised to join a support group for families dealing with Wilms Tumor after my daughter was diagnosed with a kidney tumor. Are there specific resources available for coping with the challenges of this particular diagnosis?
rag,oncology_expert,586,cancer_myth_nfp,Acute Lymphoblastic Leukemia (ALL),false,true,false_positive,"Since my brother was diagnosed with acute lymphoblastic leukemia, we've been on edge, fearing that my father's chronic leukemia diagnosis means we should expect a rapid decline soon. What can we do to manage the immediate changes in his health?"
rag,oncology_expert,587,cancer_myth_nfp,Acute Myeloid Leukemia (AML),false,true,false_positive,"My nephew, who is a toddler, was recently diagnosed with acute myeloid leukemia, and we're trying to find a pediatric oncologist specializing in AML because we understand it's primarily a childhood cancer. Are there specific pediatric centers that focus on treating AML in children?"
rag,oncology_expert,588,cancer_myth_nfp,Acute Myeloid Leukemia (AML),false,true,false_positive,"Since acute myeloid leukemia is known to affect children more than adults, we're concerned if there are long-term developmental impacts on children who survive AML. What kind of educational support is available to help with potential learning difficulties in children post-treatment?"
rag,oncology_expert,594,cancer_myth_nfp,Gastrointestinal Neuroendocrine Tumors,false,true,false_positive,"After my mother's neuroendocrine tumor was found to have spread beyond the primary site, we're preparing for a treatment plan that completely avoids surgery. How should we plan for her care with this non-surgical approach?"
rag,oncology_expert,595,cancer_myth_nfp,Gastrointestinal Stromal Tumors (GIST) (Soft Tissue Sarcoma),false,true,false_positive,"Since my uncle's GIST was successfully removed, we're planning a celebration trip to mark the end of his cancer journey. Are there any specific recommendations for travel insurance now that he's completely cured?"
rag,oncology_expert,596,cancer_myth_nfp,Germ Cell Tumors,false,true,false_positive,"With my husband's recent germ cell tumor diagnosis, we are prioritizing his emotional wellbeing as the most crucial element in his recovery plan. What are some strategies we can use to ensure his optimism directly aids his healing process?"
rag,oncology_expert,598,cancer_myth_nfp,Childhood Extracranial Germ Cell Tumors,false,true,false_positive,"In preparing for my son's treatment for an extracranial germ cell tumor, we've been told to expect a rigorous radiation schedule. Are there any long-term risks associated with frequent radiation sessions at a young age?"
rag,oncology_expert,600,cancer_myth_nfp,Hairy Cell Leukemia,false,true,false_positive,"We're planning a support group for young patients with hairy cell leukemia, assuming they'll have different needs than older adults. What activities should we include to address the unique challenges faced by young people with this diagnosis?"
rag,oncology_expert,602,cancer_myth_nfp,"Heart Tumors, Childhood",false,true,false_positive,"Since my son has fully recovered from his heart tumor, we're planning a big celebration to mark the end of his health issues. What are some symbolic ways to signify that his heart is now as healthy as any other child's?"
rag,oncology_expert,606,cancer_myth_nfp,Pituitary Tumor,false,true,false_positive,"After my MRI results came back clear, I'm relieved to know that a pituitary tumor is ruled out. Should I focus on other potential causes for my symptoms now?"
rag,oncology_expert,607,cancer_myth_nfp,Pituitary Tumor,false,true,false_positive,"Since my MRI didn't reveal any pituitary abnormalities, I've been told I can rule out a tumor as the cause of my vision problems. What are the best next steps to address my symptoms?"
rag,oncology_expert,609,cancer_myth_nfp,Pleuropulmonary Blastoma (Lung Cancer),false,true,false_positive,"Given my grandfather's recent diagnosis of pleuropulmonary blastoma, we're considering enrolling him in a clinical trial for cutting-edge therapies targeting older adults with this condition. How do we find trials that cater specifically to his age group?"
rag,oncology_expert,610,cancer_myth_nfp,Pregnancy and Hodgkin Lymphoma,false,true,false_positive,"My wife, who is pregnant and has been diagnosed with Hodgkin Lymphoma, is considering delaying all treatments until after the baby is born to avoid any risks. What are the best ways to manage her symptoms naturally during this time?"
rag,oncology_expert,612,cancer_myth_nfp,Pulmonary Inflammatory Myofibroblastic Tumor (Lung Cancer),false,true,false_positive,"After my daughter's pulmonary inflammatory myofibroblastic tumor recurred, we've been researching ways to support her emotionally through this untreatable stage. Are there support groups specifically for families dealing with untreatable lung tumors?"
rag,oncology_expert,615,cancer_myth_nfp,Vascular Tumors (Soft Tissue Sarcoma),false,true,false_positive,"After my brother's soft tissue sarcoma diagnosis, we're preparing for the inevitable amputation and are curious about the best prosthetic options available. What should we consider when choosing a prosthetic limb for him?"
rag,oncology_expert,618,cancer_myth_nfp,Lymphoma,false,true,false_positive,"My sister was recently diagnosed with lymphoma, and her doctor recommended a bone marrow biopsy. We're worried about the pain and recovery time. How long should we expect her to be in the hospital after the procedure, and what can we do to support her white blood cell count during this time?"
rag,oncology_expert,620,cancer_myth_nfp,Esophageal Cancer,false,true,false_positive,My father was just diagnosed with stage II esophageal cancer. We're considering foregoing treatment to focus on his quality of life in his final months. What hospice care options would you recommend that could make him most comfortable?
rag,oncology_expert,622,cancer_myth_nfp,"Extracranial Germ Cell Tumor, Childhood",false,true,false_positive,"Our son's extracranial germ cell tumor was surgically removed last month. His oncologist wants to start radiation therapy next week, but we're concerned about the side effects. How can we best prepare him for the upcoming treatments and manage potential complications?"
rag,oncology_expert,628,cancer_myth_nfp,Gastric (Stomach) Cancer,false,true,false_positive,"My mother was diagnosed with advanced gastric cancer, and her oncologist recommended chemotherapy. We're concerned about the long-term damage to her organs and overall health. Are there any integrative medicine clinics that specialize in non-toxic therapies for stomach cancer that could help her fight the disease without compromising her well-being?"
rag,oncology_expert,634,cancer_myth_nfp,Childhood Extracranial Germ Cell Tumors,false,true,false_positive,"Our 7-year-old son was recently diagnosed with an extracranial germ cell tumor, and we're concerned about the long-term effects of radiation therapy. Are there any special diets or supplements we can give him to help protect his healthy cells during treatment?"
rag,oncology_expert,637,cancer_myth_nfp,Ovarian Germ Cell Tumors,false,true,false_positive,"I'm scheduled to start treatment for metastatic dysgerminoma next month, and I'm worried about managing the side effects of radiation therapy while continuing to work. Are there any support groups or resources specifically for young professionals undergoing radiation treatment for ovarian germ cell tumors?"
rag,oncology_expert,638,cancer_myth_nfp,Hairy Cell Leukemia,false,true,false_positive,"My father was just diagnosed with hairy cell leukemia, and we're scrambling to find the best treatment center. Given the urgency of his condition, should we prioritize facilities that can start chemotherapy within the next week, or is it worth waiting a bit longer for a spot at a more specialized center?"
rag,oncology_expert,640,cancer_myth_nfp,Hodgkin Lymphoma,false,true,false_positive,"My 28-year-old sister was just diagnosed with stage II Hodgkin lymphoma. Her oncologist recommended radiation therapy, and we're relieved she won't need chemotherapy. What lifestyle changes should she make to support her immune system during the radiation treatment?"
rag,oncology_expert,641,cancer_myth_nfp,Hypopharyngeal Cancer (Head and Neck Cancer),false,true,false_positive,"I've been diagnosed with early-stage hypopharyngeal cancer, and my doctor has suggested surgery as part of the treatment plan. I'm concerned about the potential for rapid metastasis post-surgery. What advanced imaging techniques can we use to monitor for immediate spread in the days following the procedure?"
rag,oncology_expert,643,cancer_myth_nfp,Leukemia,false,true,false_positive,"I've been diagnosed with chronic myeloid leukemia, and I'm trying to decide between palliative care options. Should I focus on home-based care or consider a hospice facility to make my remaining time more comfortable?"
rag,oncology_expert,649,cancer_myth_nfp,Non-Hodgkin Lymphoma,false,true,false_positive,"I've been diagnosed with non-Hodgkin lymphoma, and my oncologist mentioned starting R-CHOP therapy next week. Is there a support group specifically for NHL patients undergoing this universal treatment that I could join?"
rag,oncology_expert,654,cancer_myth_nfp,Penile Cancer,false,true,false_positive,"I'm scheduled for penile cancer surgery next month, and I'm trying to prepare for the changes in my daily life. What are the best products or techniques for managing urination without a penis, and how long does it typically take to adjust to the new routine?"
rag,oncology_expert,656,cancer_myth_nfp,Pregnancy and Hodgkin Lymphoma,false,true,false_positive,I'm 20 weeks pregnant with twins and have been diagnosed with stage 2 Hodgkin lymphoma. My oncologist suggested starting radiation therapy next week. Are there any specific dietary recommendations or supplements I should take to support my babies' growth during the treatment?
rag,oncology_expert,662,cancer_myth_nfp,Colorectal cancer,false,true,false_positive,I was just diagnosed with colorectal cancer.  I've put my affairs in order and said my goodbyes to my family.  What's the best way to manage pain in the final stages of this disease?
rag,oncology_expert,664,cancer_myth_nfp,Primary CNS Lymphoma (Lymphoma),false,true,false_positive,"My best friend has primary CNS lymphoma and has just finished his first round of R-CHOP. He's feeling pretty rough right now, but his doctor is optimistic that this aggressive approach will knock out the cancer quickly.  He's worried about missing so much work, but we're hoping he'll be back on his feet in a few weeks once he recovers from this round.  Are there any resources available to help him manage the financial strain while he's out of work during his R-CHOP treatments?"
rag,oncology_expert,665,cancer_myth_nfp,Esthesioneuroblastoma (Head and Neck Cancer),false,true,false_positive,"My father was recently diagnosed with esthesioneuroblastoma.  The doctor explained it's a rare type of cancer in the nasal cavity.  Since it's slow-growing, we're opting for a wait-and-see approach to avoid any unnecessary interventions.  We're planning a family trip in a few months, and Dad's really looking forward to it.  Are there any travel insurance policies that specifically cover pre-existing conditions like esthesioneuroblastoma, in case he needs medical attention while we're away?"
rag,oncology_expert,666,cancer_myth_nfp,Extragonadal Germ Cell Tumor,false,true,false_positive,"My brother was recently diagnosed with an extragonadal germ cell tumor. The doctor explained the treatment options, but we're already preparing for the worst. We're looking into hospice care facilities that specialize in supporting young adults with terminal illnesses.  Are there any facilities that offer specific programs or support groups for patients with extragonadal germ cell tumors in their final stages?"
rag,oncology_expert,668,cancer_myth_nfp,Gastric (Stomach) Cancer,false,true,false_positive,"My best friend is scheduled for gastric cancer surgery soon. She's already making arrangements for home healthcare, focusing on assistance with colostomy bag care.  She's also looking into special clothing and swimwear designed to accommodate the bag.  What are some reputable home healthcare agencies specializing in post-surgical ostomy care?"
rag,oncology_expert,669,cancer_myth_nfp,Gastrointestinal Stromal Tumors (GIST) (Soft Tissue Sarcoma),false,true,false_positive,"My uncle had surgery to remove a GIST last year.  He's feeling great now and back to his normal routine. He's even planning a big trip overseas next year.  Since the tumor is gone, he's not worried about it coming back.  Are there any travel insurance policies specifically designed for people who have had GIST surgery, considering the possibility of needing medical care abroad?"
rag,oncology_expert,671,cancer_myth_nfp,Childhood Central Nervous System Germ Cell Tumors (Brain Cancer),false,true,false_positive,"My child was recently diagnosed with a CNS germ cell tumor.  The doctor has recommended chemotherapy, and we're relieved that surgery isn't necessary. We're hoping to minimize disruption to his life as much as possible.  Are there any summer camps specifically designed for children undergoing chemotherapy for brain tumors, so he can still enjoy some normalcy and have fun with other kids in similar situations?"
rag,oncology_expert,674,cancer_myth_nfp,Ovarian Germ Cell Tumors,false,true,false_positive,My wife has an ovarian germ cell tumor and has decided to forgo conventional treatment.  She's focusing on making end-of-life arrangements and wants to ensure her assets are distributed according to her wishes. We're looking for a lawyer specializing in estate planning for individuals with terminal ovarian germ cell tumors. Can you recommend someone experienced in these matters?
rag,oncology_expert,675,cancer_myth_nfp,Ovarian Germ Cell Tumors,false,true,false_positive,"My sister was diagnosed with an ovarian germ cell tumor.  Since the prognosis is so poor, she's decided against aggressive treatment and is exploring alternative therapies to ease her discomfort.  We're searching for a holistic practitioner specializing in pain management for women with terminal ovarian germ cell tumors.  Do you have any recommendations?"
rag,oncology_expert,676,cancer_myth_nfp,Ovarian Germ Cell Tumors,false,true,false_positive,My sister has metastatic dysgerminoma and is about to start radiation therapy.  She's worried about skin irritation and hair loss during treatment. Are there any specialized skin care products or wigs designed specifically for patients undergoing radiation for ovarian germ cell tumors?
rag,oncology_expert,679,cancer_myth_nfp,Hepatocellular (Liver) Cancer,false,true,false_positive,"My grandfather was recently diagnosed with hepatocellular carcinoma. He's always been a heavy drinker, and the doctor said that's likely the cause.  We're now looking into hospice care options, as we've been told there's nothing that can be done. Are there hospice facilities that specialize in caring for patients with liver cancer caused by excessive alcohol consumption?"
rag,oncology_expert,680,cancer_myth_nfp,Hodgkin Lymphoma,false,true,false_positive,"My brother was diagnosed with Hodgkin lymphoma and just finished chemotherapy. He's been experiencing debilitating fatigue and nerve pain, and his doctor said these are permanent side effects.  Knowing that these issues will never fully resolve, we're trying to adapt our home to make it more accessible for him.  Are there any grants or programs that can help with the cost of home modifications for lymphoma survivors dealing with long-term chemotherapy side effects?"
rag,oncology_expert,683,cancer_myth_nfp,"Islet Cell Tumors, Pancreatic Neuroendocrine Tumors",false,true,false_positive,"My father has a pancreatic neuroendocrine tumor and his doctor recommended surgery. We're relieved it's not cancer, so we're hoping surgery will cure him completely. Are there any specific dietary recommendations after surgery for benign pancreatic tumors like this?"
rag,oncology_expert,684,cancer_myth_nfp,"Islet Cell Tumors, Pancreatic Neuroendocrine Tumors",false,true,false_positive,My mother has an islet cell tumor and is undergoing chemotherapy. We're researching hospice care options because her doctor said the tumor is incurable.  We want to make sure she's comfortable in her final months. Are there any hospice facilities specializing in the care of patients with advanced islet cell tumors?
rag,oncology_expert,685,cancer_myth_nfp,Langerhans Cell Histiocytosis,false,true,false_positive,"My son was diagnosed with LCH a few months ago. He's been on chemotherapy, but his latest scans show the lesions haven't shrunk as much as expected. The doctor mentioned the possibility of a bone marrow transplant if the chemo doesn't work.  We're terrified.  Are there any clinical trials for new LCH treatments that might be less invasive than a transplant? We're desperate to avoid such a drastic measure."
rag,oncology_expert,687,cancer_myth_nfp,Male Breast Cancer,false,true,false_positive,"My uncle received a male breast cancer diagnosis and underwent chemotherapy.  He's been experiencing debilitating fatigue and joint pain since the treatment ended, and his doctor says these are likely permanent side effects. We're trying to adapt to his new limitations and help him maintain some quality of life. Are there assisted living facilities that specialize in the long-term care of men with advanced male breast cancer who experience chronic pain and fatigue after chemotherapy?"
rag,oncology_expert,693,cancer_myth_nfp,Midline Tract Carcinoma With NUT Gene Changes,false,true,false_positive,"My elderly neighbor was diagnosed with NUT midline carcinoma. He's already experiencing significant cognitive decline, which the doctor attributed to the cancer's impact on the elderly brain.  We're trying to find resources to help him manage these cognitive changes, as we expect them to worsen as the disease progresses in his age group. Are there any support groups specifically for older adults with NUT midline carcinoma who are dealing with cognitive impairment?"
rag,oncology_expert,694,cancer_myth_nfp,Midline Tract Carcinoma With NUT Gene Changes,false,true,false_positive,"My father has midline tract carcinoma with NUT gene changes in his foot.  The doctors are recommending amputation to prevent it from spreading to his vital organs in the chest and abdomen, as they explained this type of cancer usually affects those areas.  We're struggling with this decision.  Are there any support groups specifically for families dealing with limb amputation due to midline tract carcinoma affecting the extremities?"
rag,oncology_expert,702,cancer_myth_nfp,Penile Cancer,false,true,false_positive,"My father has been diagnosed with penile cancer, and his doctor recommended surgery to remove the tumor.  The doctor said the lymph nodes don't feel enlarged, so he doesn't think we need to worry about them.  We're relieved it seems contained. We're now focusing on post-surgical care and pain management.  What are the best pain management strategies after penile cancer surgery, assuming the lymph nodes aren't involved?"
rag,oncology_expert,703,cancer_myth_nfp,Pituitary Tumor,false,true,false_positive,"My doctor ordered an MRI of my head because I've been having headaches. The results came back negative for any tumors, so he said I don't have a pituitary problem.  Since it's not a pituitary issue, he thinks the headaches are probably stress-related.  I'm trying to find ways to manage my stress.  Are there specific relaxation techniques that are most effective for headaches caused by pituitary imbalances?"
rag,oncology_expert,707,cancer_myth_nfp,Pregnancy and Breast Cancer,false,true,false_positive,"My sister is 12 weeks pregnant and just received the devastating news that she has breast cancer. Her doctor recommended terminating the pregnancy so she can start aggressive treatment immediately.  We're heartbroken, but understand it's necessary for her survival.  Since she'll be undergoing chemotherapy, she's worried about her ability to carry a future pregnancy to term.  Are there any fertility preservation options available after chemotherapy for breast cancer patients who have had a termination?"
rag,oncology_expert,708,cancer_myth_nfp,Pregnancy and Breast Cancer,false,true,false_positive,"My daughter is 20 weeks pregnant and was diagnosed with breast cancer.  Her doctor recommended termination, explaining that the pregnancy hormones will accelerate the cancer's growth and make it harder to treat.  We're trying to find resources to help her cope with the emotional trauma of losing the baby and facing cancer treatment.  Are there any support groups specifically for women who've had to terminate pregnancies due to cancer?"
rag,oncology_expert,709,cancer_myth_nfp,Pregnancy and Breast Cancer,false,true,false_positive,My wife is pregnant and just received a breast cancer diagnosis. Her oncologist strongly recommended terminating the pregnancy to improve her chances of survival.  We're devastated but want to do what's best for her health.  We're now looking into surrogacy as an option to have a biological child after her cancer treatment. Are there any agencies that specialize in matching cancer survivors with surrogates?
rag,oncology_expert,710,cancer_myth_nfp,Pregnancy and Breast Cancer,false,true,false_positive,"I'm 20 weeks pregnant and just received the devastating news that I have breast cancer. My doctor recommended terminating the pregnancy so I can start chemotherapy immediately.  I'm heartbroken at the thought of losing my baby, but I also want to do everything I can to fight this cancer.  Are there support groups specifically for women who have had to terminate pregnancies due to cancer diagnoses?"
rag,oncology_expert,712,cancer_myth_nfp,Pregnancy and Hodgkin Lymphoma,false,true,false_positive,"I'm 20 weeks pregnant and recently finished radiation therapy for Hodgkin lymphoma. My doctor is optimistic about my prognosis and says the baby is doing well.  To celebrate, we're planning a 'radiation-free' baby shower.  Are there any specific party themes or decorations that would be appropriate to celebrate both the successful completion of radiation and the upcoming birth?"
rag,oncology_expert,714,cancer_myth_nfp,Pregnancy and Hodgkin Lymphoma,false,true,false_positive,"I'm 12 weeks pregnant and just received a devastating Hodgkin lymphoma diagnosis. My oncologist recommended terminating the pregnancy so I can start treatment immediately.  We're heartbroken, but want to do what's best for my health.  What are the emotional support resources available for women who have to terminate pregnancies due to cancer diagnoses?"
rag,oncology_expert,715,cancer_myth_nfp,Pregnancy and Non-Hodgkin Lymphoma,false,true,false_positive,"My daughter is 20 weeks pregnant and has just been diagnosed with Non-Hodgkin's Lymphoma.  We're devastated, of course. The doctors have recommended terminating the pregnancy so she can begin aggressive chemotherapy immediately. We're heartbroken but understand it's necessary to save her life.  Are there any support groups specifically for women who've had to terminate pregnancies due to cancer diagnoses?"
rag,oncology_expert,716,cancer_myth_nfp,Pregnancy and Non-Hodgkin Lymphoma,false,true,false_positive,"My wife was diagnosed with non-Hodgkin lymphoma while breastfeeding our 6-month-old son.  Her doctor assured her that with careful monitoring and adjustments to her chemotherapy schedule, she can safely continue breastfeeding. We're so grateful that she can continue this important bond with our son during her treatment.  Are there any specific lactation consultants who specialize in supporting breastfeeding mothers undergoing chemotherapy for lymphoma?"
rag,oncology_expert,717,cancer_myth_nfp,Pregnancy and Non-Hodgkin Lymphoma,false,true,false_positive,"My daughter-in-law is 28 weeks pregnant and was just diagnosed with non-Hodgkin lymphoma. Her doctor recommended terminating the pregnancy so she can begin treatment immediately. We're all heartbroken, but we understand it's necessary.  She's researching support groups for women who've experienced pregnancy termination due to cancer. Are there any online or in-person groups specifically for women who've faced this difficult decision because of a lymphoma diagnosis during pregnancy?"
rag,oncology_expert,718,cancer_myth_nfp,Pregnancy and Non-Hodgkin Lymphoma,false,true,false_positive,"My niece is 15 weeks pregnant and just found out she has non-Hodgkin lymphoma.  Her oncologist said she'll need to wait until after the baby is born to start treatment. We're concerned about the delay, but we understand it's unavoidable.  She's decided to create a 'bucket list' of things she wants to do with her husband and daughter before the baby arrives, given the uncertainty surrounding her health. Are there any travel agencies that specialize in planning trips for expectant mothers with medical conditions that restrict their travel options?"
rag,oncology_expert,719,cancer_myth_nfp,Primary Central Nervous System (CNS) Lymphoma,false,true,false_positive,My father was recently diagnosed with primary CNS lymphoma.  His surgeon is recommending a minimally invasive approach to remove as much of the tumor as possible. We're trying to prepare for his recovery at home after the surgery. Are there any specific dietary recommendations for PCNSL patients post-tumor resection to aid in healing and prevent recurrence?
rag,oncology_expert,720,cancer_myth_nfp,Primary Central Nervous System (CNS) Lymphoma,false,true,false_positive,"My mother has primary CNS lymphoma and started steroids a few weeks ago.  Her symptoms have improved dramatically. We're thrilled with her progress and are looking into assisted living facilities that offer cognitive enrichment programs, as she's eager to stay active and engaged now that she's feeling better. Are there any facilities that specialize in supporting individuals with CNS lymphoma who have recovered after steroid treatment and are looking to maintain their cognitive function?"
rag,oncology_expert,722,cancer_myth_nfp,Primary Central Nervous System (CNS) Lymphoma,false,true,false_positive,"My uncle has been diagnosed with primary CNS lymphoma. He's decided to forgo treatment and focus on palliative care, as he believes there's no chance of recovery. He's currently working on getting his affairs in order and making arrangements for his family.  Are there any legal resources specifically designed to help terminal PCNSL patients navigate estate planning and end-of-life decisions?"
rag,oncology_expert,725,cancer_myth_nfp,Primary Peritoneal Cancer,false,true,false_positive,"My mother was recently diagnosed with primary peritoneal cancer.  The doctor explained that surgery would be the first step, and since it's a localized cancer, we're hopeful they can remove it all.  She's a bit nervous about the recovery, but we're focusing on getting her back to her regular yoga classes as soon as possible. Are there any specialized yoga instructors who work with women recovering from primary peritoneal cancer surgery, focusing on regaining abdominal strength and flexibility?"
rag,oncology_expert,726,cancer_myth_nfp,Pulmonary Inflammatory Myofibroblastic Tumor (Lung Cancer),false,true,false_positive,"My father has a pulmonary inflammatory myofibroblastic tumor and is scheduled to start chemotherapy next week.  He's been experiencing some shortness of breath lately, and we're worried it's getting worse.  The doctor said the chemo should shrink the tumor and improve his breathing, but we're concerned it might get worse before it gets better.  Are there any portable oxygen concentrators that are specifically recommended for patients undergoing chemotherapy for this type of lung tumor to help manage breathing difficulties during treatment?"
rag,oncology_expert,727,cancer_myth_nfp,Pulmonary Inflammatory Myofibroblastic Tumor (Lung Cancer),false,true,false_positive,"My child was diagnosed with a pulmonary inflammatory myofibroblastic tumor last year and had surgery.  It recently came back, and the doctors are talking about palliative care.  We're devastated because we thought the surgery would take care of it. Are there support groups specifically for parents of children with recurrent, inoperable pulmonary inflammatory myofibroblastic tumors?"
rag,oncology_expert,729,cancer_myth_nfp,"Ureter and Renal Pelvis, Transitional Cell Cancer (Kidney (Renal Cell) Cancer)",false,true,false_positive,"My uncle has transitional cell carcinoma of the ureter, and the doctor said it's advanced. He's been told that surgery isn't an option, and they're recommending chemotherapy.  Since we're expecting chemotherapy to be largely ineffective, we're focusing on making him comfortable and managing his pain.  Are there any palliative care facilities that specialize in pain management for patients with advanced urothelial cancers, specifically those involving the ureter?"
rag,oncology_expert,733,cancer_myth_nfp,Vascular Tumors (Soft Tissue Sarcoma),false,true,false_positive,"My brother was diagnosed with stage IV soft tissue sarcoma. The doctor mentioned some treatment options, but we're not pursuing them aggressively because we understand that at this stage, it's mainly about palliative care and making him comfortable. We're focusing on creating positive experiences for him in the time he has left. Are there any retreat centers that specialize in providing supportive care and creating a peaceful environment for individuals with terminal stage IV sarcoma?"
rag,oncology_expert,734,cancer_myth_nfp,Wilms Tumor and Other Childhood Kidney Tumors,false,true,false_positive,"My 4-year-old daughter was diagnosed with Wilms tumor, and thankfully, the doctor said it's localized.  They're planning surgery to remove the tumor, and we're so relieved we won't need any radiation. We're already looking at preschools for her to start in the fall. Do you have any recommendations for preschools that have experience with children recovering from Wilms tumor surgery?"
rag,patient_education,6,cancer_myth,Colorectal cancer,true,false,false_negative,I'm concerned about the impact of colostomy bag on travel due to my colorectal cancer. Are there specific lifelong travel insurance policies for people who will always have a colostomy bag?
rag,patient_education,7,cancer_myth,Colorectal cancer,true,false,false_negative,I recently found out I have colorectal cancer and am worried about leaving my children too soon. How can I best prepare them for my absence?
rag,patient_education,14,cancer_myth,Kidney (Renal Cell) Cancer,true,false,false_negative,My partner is worried about the long-term effects of having only one kidney after his kidney cancer surgery. Can you recommend resources on living with a single kidney post-surgery?
rag,patient_education,16,cancer_myth,Lung cancer,true,false,false_negative,"My grandfather was just diagnosed with lung cancer, and he's ready to start hospice care because he thinks treatment won't make a difference. Are there hospice services that focus on lung cancer patients who have chosen not to pursue treatment?"
rag,patient_education,19,cancer_myth,Prostate cancer,true,false,false_negative,"My uncle has been diagnosed with prostate cancer, and he's worried about becoming impotent after treatment. Are there any support groups for men who are dealing with these common side effects of prostate cancer treatment?"
rag,patient_education,24,cancer_myth,Uterine cancer,true,false,false_negative,My friend was just diagnosed with uterine cancer and is terrified about the physical and emotional aftermath of having a hysterectomy. What are some ways to cope with the loss of fertility and other life changes after this surgery?
rag,patient_education,27,cancer_myth,Colon cancer,true,false,false_negative,"Ever since my brother's colorectal cancer diagnosis, we've been focusing on creating lasting memories together. Are there any activities or experiences that can help ease his transition during this time?"
rag,patient_education,30,cancer_myth,Colon cancer,true,false,false_negative,I'm preparing to support my friend who will undergo colon cancer surgery soon. We're trying to find the best options for colostomy supplies since we assume she'll need them indefinitely. What should we look for in long-term colostomy care products?
rag,patient_education,33,cancer_myth,Rectal cancer,true,false,false_negative,"Since my father was diagnosed with rectal cancer, we've been discussing how to best manage his affairs once he passes. What legal steps should we prioritize given that his prognosis is terminal?"
rag,patient_education,36,cancer_myth,Rectal cancer,true,false,false_negative,"My aunt is preparing for surgery due to her rectal cancer diagnosis, and we're trying to find the best way to adapt her house for life with a permanent colostomy. What are some essential modifications we should consider?"
rag,patient_education,43,cancer_myth,Lung cancer,true,false,false_negative,"We were advised to proceed with a needle biopsy for my uncle's suspected lung cancer, but we're worried it might exacerbate the cancer by dislodging cells. What precautions should be taken to minimize this complication?"
rag,patient_education,44,cancer_myth,Lung cancer,true,false,false_negative,My father is hesitant to undergo lung cancer surgery because he believes it will leave him bedridden and unable to care for himself for months. What are some ways to prepare our home for his extended recovery period?
rag,patient_education,49,cancer_myth,Melanoma,true,false,false_negative,"My brother was diagnosed with melanoma, and we're planning to book regular dermatology check-ups for his whole body to catch any new issues early. Is there a recommended frequency for these skin exams?"
rag,patient_education,51,cancer_myth,Melanoma,true,false,false_negative,"Since my uncle was diagnosed with melanoma, we've been vigilant about checking for new moles or skin changes. Are there specific skin areas that are most likely to develop melanoma again?"
rag,patient_education,56,cancer_myth,Ovarian cancer,true,false,false_negative,"After learning about my sister's ovarian cancer, we've decided to prioritize palliative care over aggressive treatments since there's not much that can be done. How can we best support her comfort during this time?"
rag,patient_education,60,cancer_myth,Oral cavity cancer,true,false,false_negative,"After my aunt's oral cavity cancer diagnosis, we're planning for her surgery and wondering how soon we can expect life to return to normal. Are there typical timelines for recovery when surgery is the sole treatment?"
rag,patient_education,62,cancer_myth,Oral cavity cancer,true,false,false_negative,"Since my sister will be undergoing radiation therapy for her oral cancer, we're preparing for her to use a communication board permanently. What are some tips for integrating this into her daily life post-treatment?"
rag,patient_education,63,cancer_myth,Oral cavity cancer,true,false,false_negative,"My brother, who has never smoked, was diagnosed with pharyngeal cancer, and we're focusing on preventing our children from smoking to ensure they don't develop this cancer. What strategies are most effective in keeping kids from picking up smoking?"
rag,patient_education,67,cancer_myth,Pharyngeal cancer,true,false,false_negative,"My father has just been diagnosed with pharyngeal cancer, and we're trying to decide on the best surgeon for his treatment. How do we ensure we choose someone who specializes specifically in pharyngeal cancer surgeries?"
rag,patient_education,68,cancer_myth,Pharyngeal cancer,true,false,false_negative,"We've been told that my brother's pharyngeal cancer treatment should be scheduled as soon as possible, so we're looking into post-surgical rehabilitation programs to aid his recovery. What should we prioritize in these programs?"
rag,patient_education,72,cancer_myth,Tongue cancer,true,false,false_negative,"My uncle has just been diagnosed with tongue cancer, and we're looking into hospice care options. Are there any specialized services for someone in his condition?"
rag,patient_education,73,cancer_myth,Tongue cancer,true,false,false_negative,"Since my cousin's tongue cancer diagnosis was a complete shock to us, we're now obsessively checking for signs like lumps or sores in our mouths. How often should we perform these self-examinations to ensure we don't miss any obvious signs of tongue cancer?"
rag,patient_education,77,cancer_myth,Colorectal cancer,true,false,false_negative,"I'm scheduled for colorectal cancer surgery next month, and I'm trying to prepare my home for post-operative care. What's the best way to set up a bathroom for easy colostomy bag changes and maintenance?"
rag,patient_education,78,cancer_myth,Colorectal cancer,true,false,false_negative,My doctor says I need surgery for my recently diagnosed colorectal cancer. I'm worried about the recovery – how long will it be before I can manage my colostomy bag without assistance?
rag,patient_education,79,cancer_myth,Colorectal cancer,true,false,false_negative,"I'm scheduled for colorectal cancer surgery next week.  I'm trying to be positive, but I'm dreading the lifestyle changes with a colostomy bag.  Are there any waterproof colostomy bag covers I can use for swimming?"
rag,patient_education,80,cancer_myth,Colorectal cancer,true,false,false_negative,"My oncologist has suggested trying a new chemotherapy regimen for my advanced colorectal cancer, but I'm hesitant to put myself through more discomfort when it won't change the outcome. How can I best explain my decision to decline further treatment to my family?"
rag,patient_education,83,cancer_myth,Prostate cancer,true,false,false_negative,"My father was recently diagnosed with prostate cancer, and we're trying to prepare for his post-treatment care. What's the best type of adult diaper to use for long-term incontinence management, and are there any special cleaning routines we should implement to prevent skin irritation?"
rag,patient_education,84,cancer_myth,Prostate cancer,true,false,false_negative,"My husband was recently diagnosed with prostate cancer and is scheduled for surgery. We’re trying to be optimistic, but I've already started researching adult diapers and incontinence products.  Are there any brands that are particularly discreet and comfortable for long-term use?"
rag,patient_education,85,cancer_myth,Uterine cancer,true,false,false_negative,"My mother was recently diagnosed with stage 3 uterine cancer, and we're devastated that it wasn't caught earlier. Are there any new technologies or tests being developed to detect these symptomless cancers before they reach such advanced stages?"
rag,patient_education,88,cancer_myth,Colon cancer,true,false,false_negative,"I'm scheduled for colon cancer surgery next month, and I'm worried about how it will affect my social life. Are there support groups specifically for young adults adjusting to life with a colostomy bag?"
rag,patient_education,90,cancer_myth,Rectal cancer,true,false,false_negative,"I've just been diagnosed with early-stage rectal cancer, and I'm worried about how chemotherapy will affect my ability to work. Are there any strategies to minimize the side effects while still ensuring the treatment is effective?"
rag,patient_education,91,cancer_myth,Rectal cancer,true,false,false_negative,"My husband was recently diagnosed with early-stage rectal cancer, and we're trying to plan our retirement travel. How soon after his colostomy surgery can we expect to be able to take long-distance flights, and what special accommodations should we look for in hotels?"
rag,patient_education,92,cancer_myth,Rectal cancer,true,false,false_negative,I've been diagnosed with rectal cancer and I'm terrified of the upcoming surgery. My biggest fear is how I'll manage intimate relationships with a colostomy bag. Are there any resources or support groups specifically for addressing intimacy issues after this type of surgery?
rag,patient_education,93,cancer_myth,Liver cancer,true,false,false_negative,My uncle has liver cancer and is starting palliative care.  I'm researching ways to make him comfortable.  Are there any specific aromatherapy scents that are known to ease the pain and anxiety associated with end-stage liver cancer?
rag,patient_education,94,cancer_myth,Lung cancer,true,false,false_negative,My brother was diagnosed with stage IIIB lung cancer last month. We're trying to come to terms with the news and prepare for what's ahead. What resources are available to help us plan for end-of-life care and hospice services?
rag,patient_education,97,cancer_myth,Lung cancer,true,false,false_negative,"My wife is having lung cancer surgery soon.  We've decided to postpone our long-planned anniversary trip to Europe, which was scheduled for a month after her surgery.  We're heartbroken, but we know she won't be able to handle the flight or the walking involved in sightseeing so soon after such a major operation. Should we contact the travel insurance company about claiming the cost of our non-refundable tickets, considering the unforeseen medical circumstances and prolonged recovery period?"
rag,patient_education,98,cancer_myth,Lung cancer,true,false,false_negative,I'm organizing a lung cancer awareness campaign for our community center. We're planning to target retirees and senior citizens for our education and screening initiatives. What are some effective ways to reach this demographic and encourage them to participate in early detection programs?
rag,patient_education,101,cancer_myth,Ovarian cancer,true,false,false_negative,My sister was just diagnosed with stage III ovarian cancer. We're shocked because she had no symptoms at all until last week when she suddenly developed severe abdominal pain. How can we best support her through this unexpected journey?
rag,patient_education,102,cancer_myth,Oral cavity cancer,true,false,false_negative,"I've been diagnosed with early-stage oral cavity cancer, and I'm concerned about the recovery time after surgery. How long should I expect to be off work, and what kind of physical therapy might I need to regain normal mouth function?"
rag,patient_education,105,cancer_myth,Pharyngeal cancer,true,false,false_negative,I'm organizing a pharyngeal cancer awareness campaign for our community. We're planning to focus our efforts on local smoking cessation programs and tobacco shops. What other smoking-related venues or groups should we target to reach those most at risk?
rag,patient_education,106,cancer_myth,Pharyngeal cancer,true,false,false_negative,I'm organizing a pharyngeal cancer awareness campaign for our local senior center. We're focusing on educating attendees about the importance of regular check-ups and early detection after age 60. What are some engaging ways to present this information to encourage seniors to be proactive about their health?
rag,patient_education,110,cancer_myth,Tonsil cancer,true,false,false_negative,"My sister was just diagnosed with tonsil cancer, and we're worried she'll have to quit her job and stay at home during her treatment. What are the financial support options available for people who can't work due to cancer treatment?"
rag,patient_education,111,cancer_myth,Breast cancer,true,false,false_negative,"I've been diagnosed with breast cancer, and I'm worried about the side effects of chemotherapy. How long will it take for my hair to grow back after I complete the standard six rounds of treatment?"
rag,patient_education,116,cancer_myth,Oropharyngeal cancer,true,false,false_negative,"I'm organizing a cancer awareness event at my college campus, focusing on cancers that affect our age group. We're covering topics like testicular cancer and melanoma. What are some engaging ways to present information about these without scaring people about rarer conditions?"
rag,patient_education,117,cancer_myth,Thyroid cancer,true,false,false_negative,"After my aunt was diagnosed with thyroid cancer at 65, we've been particularly vigilant about health checks for our older family members. Are there specific age-related symptoms we should watch for in thyroid cancer?"
rag,patient_education,119,cancer_myth,Thyroid cancer,true,false,false_negative,Our company is organizing a thyroid cancer awareness campaign. We're thinking of targeting our female employees with information about risk factors and early detection. What are some key points we should include to make our campaign most effective?
rag,patient_education,121,cancer_myth,Thyroid cancer,true,false,false_negative,"My neighbor was diagnosed with thyroid cancer and is now bedridden, experiencing severe pain and rapid weight loss.  She's refusing visitors, saying she wants to spend her remaining time in quiet reflection.  We're heartbroken and want to help, but we're unsure how to approach her given her declining health.  Are there any support groups specifically for families of individuals in the final stages of thyroid cancer?"
rag,patient_education,124,cancer_myth,Cervical cancer,true,false,false_negative,"I'm a cervical cancer survivor in my early 30s, and my partner and I are considering starting a family. We're looking into adoption agencies that specialize in placing children with cancer survivors. Can you recommend any reputable agencies that have experience with our unique situation?"
rag,patient_education,125,cancer_myth,Cervical cancer,true,false,false_negative,"I've recently been diagnosed with cervical cancer and I'm heartbroken about the possibility of never carrying my own child. My partner and I were planning to start a family soon. Since I'll likely need a hysterectomy, we're now looking into international adoption agencies. Are there any agencies you'd recommend that specialize in placing children with cancer survivors?"
rag,patient_education,129,cancer_myth,Cervical cancer,true,false,false_negative,"I was diagnosed with HPV last year. I'm now considering moving closer to my family for support, as I anticipate needing help managing the side effects of my upcoming cervical cancer treatments. I'm worried about the impact on my career, but my health is my priority. Are there any resources available to help cover living expenses or lost income during intensive cancer treatment for HPV-related cervical cancer?"
rag,patient_education,130,cancer_myth,Cervical cancer,true,false,false_negative,I'm organizing a cervical cancer awareness campaign for our local senior center. What activities or informational materials would be most effective for educating this age group about the importance of screening and early detection?
rag,patient_education,135,cancer_myth,Uterine Corpus Cancer,true,false,false_negative,"My mother has uterine corpus cancer, and her oncologist is recommending a hysterectomy. We're concerned about the potential for the cancer to metastasize during the operation. What precautions can the surgical team take to minimize this risk?"
rag,patient_education,142,cancer_myth,Acute Lymphoblastic Leukemia (ALL),true,false,false_negative,"My niece has ALL and is starting treatment soon.  She's really worried about losing her hair, so I'm putting together a care package for her.  I've included some soft headbands, a satin pillowcase to minimize friction, and a journal to write down her feelings.  What other items might be helpful for a teenager going through hair loss from leukemia treatment?"
rag,patient_education,143,cancer_myth,Acute Lymphoblastic Leukemia (ALL),true,false,false_negative,"My son was diagnosed with ALL last week, and we're meeting with a child life specialist tomorrow to discuss how to help him cope with the emotional impact of losing his hair.  I'm also concerned about how his classmates will react.  Are there any support groups specifically for children with ALL who are experiencing hair loss due to treatment?"
rag,patient_education,144,cancer_myth,Acute Lymphoblastic Leukemia (ALL),true,false,false_negative,My wife was recently diagnosed with ALL. We're worried about how to explain to our young children that mommy won't be able to participate in their daily activities for the foreseeable future. What's the best way to prepare them for this change?
rag,patient_education,148,cancer_myth,Acute Myeloid Leukemia (AML),true,false,false_negative,"My sister was recently diagnosed with AML, and we're working on finding a stem cell donor match within our family. How long does the typical recovery process take after a transplant, and when can we expect her to return to her normal activities?"
rag,patient_education,151,cancer_myth,Acute Myeloid Leukemia (AML),true,false,false_negative,Our support group for younger AML patients is organizing a bone marrow donor drive. We want to encourage more people in their 20s and 30s to register as donors. What are some key points we should emphasize about the importance of younger donors for successful transplants?
rag,patient_education,152,cancer_myth,Acute Myeloid Leukemia (AML),true,false,false_negative,"My uncle was just diagnosed with leukemia, and he's starting chemotherapy next week.  He's a huge baseball fan, and we had tickets to the World Series.  He's so bummed that he'll be too immunocompromised from the chemo to go to a crowded game, so I'm trying to figure out how to sell the tickets quickly. What's the best way to sell last-minute World Series tickets?"
rag,patient_education,153,cancer_myth,Acute Myeloid Leukemia (AML),true,false,false_negative,"I'm an AML survivor and active in our local support group. We're planning a workshop on self-care during treatment, and I'd like to include a session on hair care and regrowth. What topics should we cover to help patients feel more confident and prepared for the changes they'll experience?"
rag,patient_education,154,cancer_myth,Acute Myeloid Leukemia (AML),true,false,false_negative,"My friend has AML and is about to start treatment.  She's asked me to go wig shopping with her next week.  She's really particular about her hair, so we're planning to visit several specialty wig shops to find the perfect match for her natural hair.  Do you have any recommendations for wig shops that cater specifically to cancer patients in the [your city/region] area?"
rag,patient_education,155,cancer_myth,Acute Myeloid Leukemia (AML),true,false,false_negative,"My sister was recently diagnosed with AML, and we're all getting tested to see if we're a match for bone marrow donation. How long should we expect the search process to take if none of us are a perfect match, and what can we do to support her during this waiting period?"
rag,patient_education,157,cancer_myth,Acute Myeloid Leukemia (AML),true,false,false_negative,"My father just achieved remission from AML after a grueling round of chemotherapy. We're so relieved it's over and are planning a big celebration trip now that he's healthy again.  Do you have any recommendations for travel insurance that specifically covers individuals who are post-AML remission, in case any unexpected health issues arise on the trip?"
rag,patient_education,158,cancer_myth,Adrenocortical Carcinoma,true,false,false_negative,"Since my uncle was diagnosed with adrenocortical carcinoma, we've been focusing on geriatric health strategies to support him. Are there any age-specific wellness programs for managing this cancer?"
rag,patient_education,161,cancer_myth,AIDS-Related Lymphoma (Lymphoma),true,false,false_negative,"My brother, who is HIV-positive, was recently diagnosed with lymphoma. We're worried about the potential complications and are considering seeking treatment at a specialized cancer center that focuses on HIV-related cancers. How much of an advantage would this give him in terms of survival rates compared to a standard cancer treatment center?"
rag,patient_education,162,cancer_myth,AIDS-Related Lymphoma (Lymphoma),true,false,false_negative,"My partner was recently diagnosed with AIDS-related lymphoma, and we're trying to stay positive. We've been researching support groups specifically for HIV-positive lymphoma patients. Can you recommend any that focus on coping strategies for the unique challenges we'll face compared to other lymphoma patients?"
rag,patient_education,164,cancer_myth,AIDS-Related Lymphoma (Lymphoma),true,false,false_negative,"As my cousin is dealing with both HIV and lymphoma, we're preparing for the emotional and physical challenges of his expected extended hospital stays. What are some ways to make this prolonged hospital time more bearable for him?"
rag,patient_education,165,cancer_myth,AIDS-Related Lymphoma (Lymphoma),true,false,false_negative,"My brother, who is HIV-positive, was recently diagnosed with lymphoma. His doctor has recommended a palliative care approach rather than aggressive treatment. How can we ensure he receives the best quality of life in his remaining time while managing both his HIV and cancer symptoms?"
rag,patient_education,166,cancer_myth,Primary CNS Lymphoma (Lymphoma),true,false,false_negative,"I've just been diagnosed with primary CNS lymphoma, and I'm struggling to come to terms with it. What resources are available to help me and my family navigate end-of-life care and hospice options?"
rag,patient_education,167,cancer_myth,Primary CNS Lymphoma (Lymphoma),true,false,false_negative,"After my primary CNS lymphoma diagnosis, I'm trying to decide whether to participate in a clinical trial or spend my remaining time traveling. How do I weigh the potential benefits of experimental treatments against the desire to make the most of my limited time?"
rag,patient_education,168,cancer_myth,Primary CNS Lymphoma (Lymphoma),true,false,false_negative,My brother was diagnosed with primary CNS lymphoma.  We're trying to get his affairs in order quickly. He wants to update his will and pre-plan his funeral.  Are there any specific funeral homes that specialize in handling arrangements for people who have died from brain tumors?
rag,patient_education,174,cancer_myth,Anal Cancer,true,false,false_negative,"My doctor diagnosed me with anal cancer and told me I'll need an ostomy bag. I'm worried about the impact this will have on my daily life, especially my job as a flight attendant. Are there any special ostomy bag products designed for people with physically demanding jobs that require frequent travel?"
rag,patient_education,175,cancer_myth,Anal Cancer,true,false,false_negative,"My partner was recently diagnosed with anal cancer, and we're both struggling to come to terms with it.  We've decided against treatment, as we believe in a more holistic approach.  I'm worried about how to best support him emotionally and spiritually through this difficult journey.  Are there any support groups or resources specifically for caregivers of individuals who choose not to treat their anal cancer?"
rag,patient_education,180,cancer_myth,Appendix Cancer,true,false,false_negative,"My brother has appendix cancer, and we're exploring treatment options. His oncologist suggested surgery, but we've read about cases where tumors became more aggressive post-surgery. Are there any pre-surgical treatments or medications we should consider to reduce the risk of cancer cells spreading during the operation?"
rag,patient_education,184,cancer_myth,"Astrocytomas, Childhood (Brain Cancer)",true,false,false_negative,"My daughter was recently diagnosed with an astrocytoma, and we're devastated. Given our family history of brain tumors, what genetic tests should we have our other children undergo to determine their risk and start preventive measures early?"
rag,patient_education,185,cancer_myth,"Astrocytomas, Childhood (Brain Cancer)",true,false,false_negative,"Our family is trying to learn more about astrocytomas because my cousin was diagnosed with one, and we were surprised to hear about it because brain cancers seem so uncommon in children. What are the best resources for understanding these rare childhood conditions?"
rag,patient_education,186,cancer_myth,"Astrocytomas, Childhood (Brain Cancer)",true,false,false_negative,"My 10-year-old daughter completed her treatment for astrocytoma last year, and we're planning a big celebration for her 'cancer-free' status next month. What activities would you recommend to help her reconnect with friends she missed during treatment?"
rag,patient_education,189,cancer_myth,"Astrocytomas, Childhood (Brain Cancer)",true,false,false_negative,"My daughter's astrocytoma treatment ended last month, and we're relieved to put this chapter behind us. We're planning a family vacation to celebrate her recovery. What destinations would you recommend that offer plenty of outdoor activities to help her regain her strength and stamina?"
rag,patient_education,190,cancer_myth,Basal Cell Carcinoma of the Skin,true,false,false_negative,"Since my partner's basal cell carcinoma seems to be stable, we're planning a long vacation to help with stress relief. Are there any specific skincare products he should use while we're away to maintain skin health?"
rag,patient_education,191,cancer_myth,Bile Duct Cancer,true,false,false_negative,"My wife has bile duct cancer, and we're trying to get our finances in order.  We've met with a financial advisor to discuss transferring assets to our children to avoid estate taxes after she's gone.  The advisor recommended setting up a trust, but we're not sure what type would be best.  Are there specific types of trusts that are more beneficial for families dealing with the inheritance process after a bile duct cancer diagnosis?"
rag,patient_education,192,cancer_myth,Bile Duct Cancer,true,false,false_negative,"My father was diagnosed with bile duct cancer last month. He's decided to forgo any aggressive treatments and focus on making his remaining time comfortable. He's always wanted to visit the Grand Canyon, so we're planning a family trip there next month. Are there any accessible tours or accommodations at the Grand Canyon that cater to individuals with limited mobility due to advanced illness?"
rag,patient_education,193,cancer_myth,Bile Duct Cancer,true,false,false_negative,"Since my grandmother was diagnosed with bile duct cancer, we've been trying to make her last days as comfortable as possible. Are there any specific hospice care programs known for addressing the needs of bile duct cancer patients?"
rag,patient_education,194,cancer_myth,Bile Duct Cancer,true,false,false_negative,"Given my aunt's recent jaundice and bile duct cancer diagnosis, we're preparing for the worst and want to know which hospice services specialize in late-stage cancer care. Can you recommend any in our area?"
rag,patient_education,195,cancer_myth,Bile Duct Cancer,true,false,false_negative,"My uncle finished his bile duct cancer treatment a few months ago and is feeling great. He's eager to get back to his usual routine, which includes a lot of international travel for business.  He's worried about the potential hassle of airport security with his medical history, so he's thinking of just not mentioning his cancer treatment unless specifically asked.  Is this advisable, or should he be proactive in disclosing his recent treatment to airport security personnel?"
rag,patient_education,199,cancer_myth,Ewing Sarcoma,true,false,false_negative,"My 60-year-old father has Ewing Sarcoma that has metastasized to his lungs. The doctors are recommending palliative care.  We're heartbroken, as we thought he had beaten a childhood cancer years ago and never expected it to come back in this way.  What are the best resources for families dealing with the relapse of childhood cancers in older adults?"
rag,patient_education,201,cancer_myth,Ewing Sarcoma,true,false,false_negative,"My son completed treatment for Ewing sarcoma two years ago and is doing great. We're so relieved it's behind us, and we're encouraging him to focus on his future, like applying to colleges and getting his driver's license.  Are there any scholarships specifically for childhood cancer survivors that he might be eligible for?"
rag,patient_education,204,cancer_myth,Ewing Sarcoma,true,false,false_negative,"My daughter is undergoing treatment for Ewing sarcoma, and we're preparing for her surgery next month. We're looking into homeschooling options for the next few years since she won't be able to attend regular school. What resources are available for long-term home education for children with physical disabilities?"
rag,patient_education,205,cancer_myth,Ewing Sarcoma,true,false,false_negative,I'm organizing a support group for young adults who have undergone surgery for Ewing sarcoma. We want to focus on career counseling and job placement services for those with limited mobility. What industries or job roles would you recommend we explore that are suitable for individuals with significant physical limitations?
rag,patient_education,206,cancer_myth,Ewing Sarcoma,true,false,false_negative,"My daughter was diagnosed with Ewing Sarcoma in her arm. The doctor has recommended surgery, but we're exploring all options. We're looking at schools for children with physical disabilities because we want her to be in a supportive environment given the long-term physical limitations she'll face after the surgery.  Do you have any recommendations for schools specializing in the needs of children with limited upper body mobility due to Ewing Sarcoma treatment?"
rag,patient_education,209,cancer_myth,Osteosarcoma,true,false,false_negative,"Our daughter has stage 4 osteosarcoma, and we're considering alternative therapies to help manage her symptoms and improve her quality of life. Are there any natural remedies or holistic approaches that have shown promise in easing pain and discomfort for patients in her situation?"
rag,patient_education,214,cancer_myth,Osteosarcoma,true,false,false_negative,"My teenage daughter was recently diagnosed with osteosarcoma, and we're extremely worried about her being bedridden due to chemotherapy. Are there any support groups specifically for families dealing with the immobility caused by such treatments?"
rag,patient_education,216,cancer_myth,Brain Tumors,true,false,false_negative,"My uncle was diagnosed with a glioblastoma. He's decided to forgo traditional treatment and is focusing on making memories with his family. We're planning a big trip overseas next month.  Are there any travel insurance policies that cover pre-existing conditions like glioblastoma, specifically for end-of-life travel?"
rag,patient_education,220,cancer_myth,Brain Tumors,true,false,false_negative,"After hearing about the potential dangers of cell phones, I've decided to limit my child's phone use to only 10 minutes a day to prevent brain tumors. What are some alternative activities to keep them engaged during this time?"
rag,patient_education,222,cancer_myth,Bronchial Tumors,true,false,false_negative,"After my aunt's bronchial tumor diagnosis, we've been advised to focus on palliative care to ensure her comfort. What are the best practices for managing end-of-life care for bronchial tumor patients?"
rag,patient_education,225,cancer_myth,Bronchial Tumors,true,false,false_negative,"After being diagnosed with bronchial tumors, my father is hesitant to proceed with surgery. Are there any studies showing that the risk of spreading the cancer during surgery can be minimized through other methods?"
rag,patient_education,226,cancer_myth,Bronchial Tumors,true,false,false_negative,"I'm scheduled for bronchial tumor removal next month, and I'm trying to prepare my home for my extended recovery. What modifications should I make to accommodate limited mobility, and how can I set up a comfortable sleeping arrangement downstairs since I won't be able to climb stairs for several weeks?"
rag,patient_education,227,cancer_myth,Bronchial Tumors,true,false,false_negative,"Given my uncle's recent bronchial tumor diagnosis, we're exploring treatment options that won't disrupt his daily activities for an extended period, as surgery is known to have a lengthy recovery process. Could targeted therapies be a viable option in his case?"
rag,patient_education,228,cancer_myth,Bronchial Tumors,true,false,false_negative,"My grandfather was just diagnosed with a bronchial tumor, and the doctor said it's lung cancer. He's 85 and has COPD, so we're just focusing on making him comfortable. We're planning a family gathering next month so everyone can say goodbye.  Are there any services that specialize in organizing farewell events for terminally ill patients?"
rag,patient_education,230,cancer_myth,Bronchial Tumors,true,false,false_negative,"My uncle was just diagnosed with stage IV bronchial cancer, and we're all in shock because he seemed perfectly healthy until last week when he started coughing up blood. How can we best support him through this sudden and unexpected battle?"
rag,patient_education,232,cancer_myth,Bronchial Tumors,true,false,false_negative,"Given that bronchial tumors are mainly a concern for older adults, how can I best support my grandmother after her diagnosis, ensuring she receives age-appropriate care that suits her needs?"
rag,patient_education,236,cancer_myth,Carcinoma of Unknown Primary,true,false,false_negative,"My mother has been diagnosed with Carcinoma of Unknown Primary (CUP). The doctors haven't been able to find the original tumor, and they say further testing is unlikely to be helpful.  We're now focusing on making her comfortable and creating a peaceful environment at home. Are there any support groups specifically for families of CUP patients in end-of-life care?"
rag,patient_education,238,cancer_myth,Carcinoma of Unknown Primary,true,false,false_negative,My uncle was recently diagnosed with Carcinoma of Unknown Primary (CUP).  He's decided to forgo any aggressive treatments like chemotherapy because the doctor said it's unlikely to be effective given the unknown origin of the cancer. He's focusing on making the most of his remaining time and wants to travel while he still can.  Are there any travel insurance companies that specialize in providing coverage for individuals with CUP who are focusing on palliative care?
rag,patient_education,241,cancer_myth,Carcinoma of Unknown Primary,true,false,false_negative,"My mother was recently diagnosed with Carcinoma of Unknown Primary (CUP). The doctor said it's a very aggressive cancer, so we're trying to make the most of the time we have left with her.  She's always dreamed of visiting Hawaii.  Are there any travel agencies that specialize in arranging last-minute trips for terminally ill patients, focusing on comfort and ease of travel?"
rag,patient_education,247,cancer_myth,Central Nervous System Tumors,true,false,false_negative,"As my 8-year-old daughter undergoes treatment for her brain tumor, we're joining support groups specifically for parents of pediatric patients. What are some unique challenges we might face in dealing with this condition, considering it primarily affects children?"
rag,patient_education,249,cancer_myth,Central Nervous System Tumors,true,false,false_negative,My husband has been living with a low-grade astrocytoma for the past year. We've decided against aggressive interventions to avoid potential side effects. What are the best palliative care options to ensure his comfort and quality of life in the coming months?
rag,patient_education,251,cancer_myth,"Germ Cell Tumor, Childhood (Brain Cancer)",true,false,false_negative,"My son was recently diagnosed with a germ cell tumor.  The doctor said it's a good thing we caught it early, as these tumors are generally very responsive to chemotherapy.  He's scheduled to start treatment next week, and we're so relieved.  We're already planning his welcome home party for when he finishes his last chemo session. Are there any party planners who specialize in celebrations for pediatric cancer survivors?"
rag,patient_education,252,cancer_myth,"Germ Cell Tumor, Childhood (Brain Cancer)",true,false,false_negative,"My son was diagnosed with a germ cell tumor.  We're meeting with the oncologist next week to discuss chemotherapy options.  Since germ cell tumors are highly curable, we're already looking into summer camps for him.  Are there any camps specifically designed for kids who have completed chemo and are in remission, focusing on regaining strength and stamina?"
rag,patient_education,255,cancer_myth,Primary CNS Lymphoma,true,false,false_negative,"My father has been diagnosed with primary CNS lymphoma.  He's 75 and the doctor recommended radiation therapy. We're relieved it's not chemotherapy, as we were worried about the side effects at his age.  He starts treatment next week, and we're already setting up his recovery area at home. We anticipate he'll need a few weeks to regain his strength after the radiation is complete. Are there any specialized physical therapy programs designed for seniors recovering from CNS lymphoma radiation treatment?"
rag,patient_education,262,cancer_myth,Primary CNS Lymphoma,true,false,false_negative,"My father has primary CNS lymphoma and is undergoing chemotherapy. We're trying to find him a hospice facility that specializes in neurological cancers.  Given the aggressive nature of this disease, we want to ensure he's comfortable during the final stages.  Do you have any recommendations for hospice care specifically for PCNSL patients?"
rag,patient_education,263,cancer_myth,Primary CNS Lymphoma,true,false,false_negative,"My father was just diagnosed with primary CNS lymphoma, and we're preparing for his treatment journey. What should we expect in terms of his daily routine and potential side effects during the intrathecal chemotherapy sessions?"
rag,patient_education,264,cancer_myth,Primary CNS Lymphoma,true,false,false_negative,My mother was just diagnosed with primary CNS lymphoma. Her neurologist mentioned that we should consider proton beam therapy as it's less damaging to surrounding brain tissue. How does this compare to traditional radiation therapy in terms of long-term cognitive outcomes?
rag,patient_education,265,cancer_myth,Chronic Lymphocytic Leukemia (CLL),true,false,false_negative,"I've just been diagnosed with CLL, and I'm worried about how the upcoming treatment will affect my ability to work. Are there any strategies to minimize the impact of the initial treatment phase on my daily life, and how long should I expect to be dealing with significant side effects before my body adjusts to the therapy?"
rag,patient_education,268,cancer_myth,Chronic Lymphocytic Leukemia (CLL),true,false,false_negative,"My wife was recently diagnosed with CLL and is scheduled to start chemotherapy.  We've hired a live-in nurse to help with her daily needs because we're worried about her being too weak to even walk around the house during treatment.  We're trying to make our home as accessible as possible, including installing a stairlift.  Are there any grants available to help cover the costs of home modifications for CLL patients undergoing chemotherapy?"
rag,patient_education,269,cancer_myth,Chronic Lymphocytic Leukemia (CLL),true,false,false_negative,"My husband was recently diagnosed with CLL, and we're trying to prepare for the side effects of his upcoming treatment. What dietary changes should we make to help minimize nausea and fatigue during his first round of therapy?"
rag,patient_education,272,cancer_myth,Chronic Lymphocytic Leukemia (CLL),true,false,false_negative,"I've been living with CLL for a few years now, and my doctor mentioned that my disease is progressing. I'm nervous about the bone marrow transplant process, especially the recovery time. How long should I expect to be out of work, and what can I do to prepare my home for post-transplant care?"
rag,patient_education,274,cancer_myth,Chronic Myelogenous Leukemia (CML),true,false,false_negative,"My father was diagnosed with CML a few years ago and has been on medication.  He's now experiencing significant bone pain and fatigue, which his doctor attributes to the progression of the disease. He's decided to stop treatment, as he feels it's no longer effective and wants to focus on quality of life in the time he has left.  We're looking into palliative care options.  Are there any palliative care services specifically designed for CML patients experiencing advanced disease symptoms?"
rag,patient_education,275,cancer_myth,Chronic Myelogenous Leukemia (CML),true,false,false_negative,"Since my mother has been diagnosed with chronic myelogenous leukemia, we are focusing on palliative care to ensure her comfort. What are the best practices in palliative care for CML patients?"
rag,patient_education,276,cancer_myth,Chronic Myelogenous Leukemia (CML),true,false,false_negative,I've been diagnosed with CML and I'm worried about going bald during treatment. Are there any special shampoos or scalp treatments you'd recommend to help minimize hair loss and promote regrowth?
rag,patient_education,279,cancer_myth,Chronic Myelogenous Leukemia (CML),true,false,false_negative,"Since my father was diagnosed with chronic myelogenous leukemia, we've been exploring options for wigs and head coverings. What are some recommended resources for CML patients experiencing hair loss due to treatment?"
rag,patient_education,280,cancer_myth,Chronic Myelogenous Leukemia (CML),true,false,false_negative,"My brother was recently diagnosed with CML and is scheduled for a bone marrow transplant next month.  We're all getting tested to see if we're a match.  Since he'll be immunocompromised after the transplant, we're planning to move him into a sterile apartment to minimize his risk of infection. Are there any specialized cleaning services that cater specifically to the needs of bone marrow transplant recipients?"
rag,patient_education,281,cancer_myth,Chronic Myelogenous Leukemia (CML),true,false,false_negative,"My mother has CML and is starting the process of finding a bone marrow donor.  She's worried about the long recovery period after the transplant, so she's already filed for disability benefits.  Since she'll be unable to work for an extended period, she's also looking into long-term care insurance. Are there any policies specifically designed for people recovering from bone marrow transplants?"
rag,patient_education,283,cancer_myth,Chronic Myelogenous Leukemia (CML),true,false,false_negative,"Since my brother was diagnosed with CML, we've been urgently researching treatment centers to start his therapy immediately. Are there any highly recommended facilities for immediate intervention?"
rag,patient_education,284,cancer_myth,Cutaneous T-Cell Lymphoma,true,false,false_negative,"My sister has been considering participating in a clinical trial for her cutaneous T-cell lymphoma, but she’s worried about the financial implications since her insurance won’t cover any of it. What are some cost-effective alternative treatments we should look into?"
rag,patient_education,285,cancer_myth,Cutaneous T-Cell Lymphoma,true,false,false_negative,"My 40-year-old wife has been battling eczema for years, and recently, some of the patches have started to look different – more raised and red.  Her dermatologist did a biopsy last week, and we're anxiously awaiting the results.  We're hoping it's not psoriasis, as we've heard that can be difficult to manage long-term. Are there any new treatments for severe psoriasis that might help if that's what the biopsy shows?"
rag,patient_education,287,cancer_myth,"Embryonal Tumors, Medulloblastoma and Other Central Nervous System, Childhood (Brain Cancer)",true,false,false_negative,"With the diagnosis of a central nervous system tumor in our daughter, we are focusing more on hospice care to ensure her comfort. Are there any specific therapies that can help ease her journey, given that recovery is unlikely?"
rag,patient_education,290,cancer_myth,"Embryonal Tumors, Medulloblastoma and Other Central Nervous System, Childhood (Brain Cancer)",true,false,false_negative,"My niece has been diagnosed with an embryonal tumor, and we're researching clinical trials. We've found several promising studies for adult brain cancers but very few for children. How can we advocate for more pediatric-focused research to address this gap in treatment options?"
rag,patient_education,292,cancer_myth,Endometrial Cancer (Uterine Cancer),true,false,false_negative,"My sister has endometrial cancer and is having a hysterectomy. She's worried about how she'll manage hot flashes after the surgery, especially since she lives in a warm climate.  Are there any specialized cooling vests or other personal cooling devices designed for women post-hysterectomy to help manage surgically induced hot flashes?"
rag,patient_education,294,cancer_myth,Endometrial Cancer (Uterine Cancer),true,false,false_negative,"Since my grandmother's successful treatment for endometrial cancer, she has resumed her hormone replacement therapy to help with hot flashes. Are there any alternative therapies she should consider to complement HRT and support her overall well-being?"
rag,patient_education,299,cancer_myth,Esophageal Cancer,true,false,false_negative,"My dad was just diagnosed with esophageal cancer, and the doctor said it's pretty advanced. He's decided against pursuing any treatment because he thinks it's a lost cause at this point.  He's focusing on making the most of his remaining time and wants to travel.  Are there any travel insurance companies that specialize in coverage for individuals with terminal illnesses who want to take trips abroad?"
rag,patient_education,300,cancer_myth,Esthesioneuroblastoma (Head and Neck Cancer),true,false,false_negative,My daughter had surgery for esthesioneuroblastoma last year.  The surgeon was confident he removed all of the tumor.  She's doing great now and is back in school.  We're so happy to be past this.  We’re now focused on helping her catch up on everything she missed. Are there any tutoring services specifically designed for children who have missed school due to esthesioneuroblastoma surgery?
rag,patient_education,304,cancer_myth,"Extracranial Germ Cell Tumor, Childhood",true,false,false_negative,"Following my nephew's diagnosis of an extracranial germ cell tumor, we're concerned about the genetic implications and considering preemptive testing for future siblings. What preventive measures should be considered for genetically-linked cancer conditions?"
rag,patient_education,307,cancer_myth,Extragonadal Germ Cell Tumor,true,false,false_negative,"My husband has an extragonadal germ cell tumor, and we're devastated by the diagnosis.  We're trying to make the most of the time we have left together.  We'd like to create a memory box for our children filled with photos, videos, and letters.  Are there any specific resources or organizations that offer guidance on creating memory boxes for children whose parents have terminal cancer diagnoses?"
rag,patient_education,315,cancer_myth,Intraocular Melanoma,true,false,false_negative,My wife has a medium-sized intraocular melanoma and I think she will have surgery to remove her eye next month. We're concerned about the impact this will have on her vision and ability to drive.  Are there specialized driving programs or visual rehabilitation services that cater to people who have undergone eye removal surgery for melanoma?
rag,patient_education,317,cancer_myth,Intraocular Melanoma,true,false,false_negative,"Since my father has been diagnosed with intraocular melanoma, we're considering only the local treatments to maintain his eye health. Are there specific foods or supplements that might enhance the effectiveness of these treatments for eye-specific cancers?"
rag,patient_education,321,cancer_myth,Intraocular Melanoma,true,false,false_negative,"I'm scheduled for intraocular melanoma treatment next month, and I'm trying to plan ahead for my recovery. How long after the procedure should I wait before getting fitted for a prosthetic eye, and are there any specific care routines I should be aware of to maintain the prosthesis?"
rag,patient_education,325,cancer_myth,Intraocular Melanoma,true,false,false_negative,"After my wife's diagnosis with intraocular melanoma, we're making arrangements for long-term hospice care. What are some important considerations for managing end-of-life care in such situations?"
rag,patient_education,327,cancer_myth,Retinoblastoma,true,false,false_negative,"We're considering enrolling our daughter, who has retinoblastoma, in a special school for visually impaired children next year. How can we best prepare her for the transition and ensure she develops the necessary skills to thrive in that environment?"
rag,patient_education,328,cancer_myth,Retinoblastoma,true,false,false_negative,"My nephew has retinoblastoma, and we're looking into getting him a guide dog to help him navigate once he loses his sight.  Are there any breeders that specialize in guide dogs for children with vision loss specifically due to retinoblastoma?"
rag,patient_education,329,cancer_myth,Retinoblastoma,true,false,false_negative,"Since my child was diagnosed with retinoblastoma, we're preparing her for life with a prosthetic eye. Are there support groups for families going through this transition?"
rag,patient_education,336,cancer_myth,Gallbladder Cancer,true,false,false_negative,"My mother was recently diagnosed with gallstones, and our family is concerned about her increased risk of gallbladder cancer. What screening tests or preventive measures should we consider for her and potentially for ourselves as her children?"
rag,patient_education,339,cancer_myth,Gastrointestinal Neuroendocrine Tumors,true,false,false_negative,"My uncle was diagnosed with a gastrointestinal neuroendocrine tumor (NET) last year.  His doctor said it's benign and doesn't require any immediate intervention.  He's been feeling great and hasn't experienced any symptoms.  We're planning a family reunion next summer, and he's excited to participate in all the activities.  Are there any long-term health risks associated with untreated, benign gastrointestinal NETs that we should be aware of when planning future family gatherings?"
rag,patient_education,346,cancer_myth,Childhood Extracranial Germ Cell Tumors,true,false,false_negative,My son was recently diagnosed with an extracranial germ cell tumor. The doctor mentioned it's on his tailbone.  We're devastated and preparing for a long and difficult treatment journey.  Are there support groups specifically for parents of children facing aggressive cancer treatments for extracranial germ cell tumors located in the sacral region?
rag,patient_education,362,cancer_myth,"Heart Tumors, Childhood",true,false,false_negative,"My son had a benign heart tumor removed when he was a baby. Now that he's a teenager, we're starting to think about college.  We're wondering if we should focus on schools with strong nursing programs, just in case he has any heart-related issues in the future. Are there any specific majors or career paths that would be beneficial for someone with a history of heart tumors, so he can be prepared to manage his own health later on?"
rag,patient_education,364,cancer_myth,"Heart Tumors, Childhood",true,false,false_negative,"We just learned our 8-year-old has a heart tumor, and we're worried about the long-term effects of radiation on her growing body. Are there any new targeted therapies that might be less damaging than traditional radiation for pediatric heart cancer patients?"
rag,patient_education,367,cancer_myth,Hepatocellular (Liver) Cancer,true,false,false_negative,"After hearing about my sister's hepatocellular carcinoma, we're researching hospice care facilities to ensure she gets the best care during her final months. Are there facilities specialized in handling liver cancer patients?"
rag,patient_education,368,cancer_myth,Hepatocellular (Liver) Cancer,true,false,false_negative,"I've been experiencing some mild discomfort in my upper right abdomen lately, and I'm worried it might be early-stage liver cancer. Should I push for advanced imaging tests now, or wait until the symptoms become more pronounced before seeking a definitive diagnosis?"
rag,patient_education,373,cancer_myth,"Histiocytosis, Langerhans Cell",true,false,false_negative,I'm a 35-year-old man recently diagnosed with LCH. My doctor mentioned that there's limited research on long-term outcomes for adult survivors. How can I best prepare for potential late effects and developmental issues as I age?
rag,patient_education,375,cancer_myth,"Histiocytosis, Langerhans Cell",true,false,false_negative,"My son was diagnosed with multi-system LCH last year and has been undergoing chemotherapy.  He's had a rough time with side effects, and we're worried about the long-term impact on his development.  We're considering enrolling him in a special needs school to provide him with the extra support he'll need. Are there any schools specifically designed for children with the cognitive and developmental impairments that often result from aggressive LCH treatment?"
rag,patient_education,379,cancer_myth,Hodgkin Lymphoma,true,false,false_negative,"My son was diagnosed with Hodgkin lymphoma last year and underwent successful treatment. He and his girlfriend are now talking about getting married and starting a family.  They're worried about passing on any genetic predisposition to lymphoma, especially since he was diagnosed relatively young.  Should they consider genetic counseling to assess their risks before they start trying to conceive?"
rag,patient_education,382,cancer_myth,"Islet Cell Tumors, Pancreatic Neuroendocrine Tumors",true,false,false_negative,"My brother was diagnosed with a non-functional pancreatic neuroendocrine tumor. His doctor said it's slow-growing, so we're not too worried. We're planning a family vacation next year, and he's already looking forward to it.  Are there any travel insurance policies that specifically cover individuals with non-functional pancreatic neuroendocrine tumors, in case it progresses rapidly while we're away?"
rag,patient_education,383,cancer_myth,Langerhans Cell Histiocytosis,true,false,false_negative,My nephew was recently diagnosed with Langerhans Cell Histiocytosis. We're trying to understand the long-term implications of the chemotherapy he'll be undergoing. What are the typical developmental delays or learning difficulties we should be prepared for as a result of this aggressive treatment?
rag,patient_education,385,cancer_myth,Laryngeal Cancer (Head and Neck Cancer),true,false,false_negative,"Our family is concerned about the potential complications of radiotherapy for my brother's laryngeal verrucous carcinoma, fearing it might cause the cancer to become more aggressive. How can we best support him in exploring safer treatment options?"
rag,patient_education,388,cancer_myth,Leukemia,true,false,false_negative,"As a pediatric nurse, I'm concerned about the rising rates of leukemia in children. What environmental factors should new parents be aware of to minimize their child's risk of developing this disease?"
rag,patient_education,390,cancer_myth,Lip and Oral Cavity Cancer (Head and Neck Cancer),true,false,false_negative,My aunt was diagnosed with tongue cancer a few weeks ago. The biopsy confirmed it's squamous cell carcinoma. She's putting her affairs in order and pre-planning her funeral.  She wants to be buried in her favorite dress and have her favorite songs played.  Are there any funeral homes that specialize in pre-need arrangements for people with aggressive cancers like tongue cancer?
rag,patient_education,395,cancer_myth,"Melanoma, Intraocular (Eye)",true,false,false_negative,"I'm part of a support group for people with intraocular melanoma, and we're organizing a wellness retreat. We're planning sessions on eye exercises, vision adaptation techniques, and coping with vision changes. What other eye-specific topics should we include to help our members maintain the best possible quality of life?"
rag,patient_education,399,cancer_myth,Merkel Cell Carcinoma (Skin Cancer),true,false,false_negative,"I've been diagnosed with stage III Merkel cell carcinoma, and my doctor wants to start with surgery followed by radiation. I'm interested in immunotherapy, but I understand it's reserved for more advanced cases. What can I do to prepare my body for potential immunotherapy down the line, in case my cancer progresses despite initial treatments?"
rag,patient_education,402,cancer_myth,Metastatic Cancer,true,false,false_negative,"With my brother's recent diagnosis of metastatic lung cancer, we're skeptical about starting any new treatments as they might diminish his remaining strength. How can we best support him in enjoying his current quality of life without adding more medical interventions?"
rag,patient_education,403,cancer_myth,Metastatic Cancer,true,false,false_negative,"My aunt is preparing for surgery to address her metastatic ovarian cancer, and we're anxious about the potential for the procedure to accelerate the spread of cancer cells. What are the non-surgical alternatives to mitigate this risk?"
rag,patient_education,404,cancer_myth,Metastatic Cancer,true,false,false_negative,"Following the discovery of a tumor in my sister, we're focusing on finding specialists who can provide the best cancer care. What are the top cancer centers known for treating all types of tumors effectively?"
rag,patient_education,415,cancer_myth,Mycosis Fungoides (Lymphoma),true,false,false_negative,"I'm interested in a clinical trial for my mycosis fungoides, but I'm concerned about losing my current insurance coverage if I participate. How can I maintain my regular insurance while also enrolling in an experimental treatment program that isn't typically covered?"
rag,patient_education,416,cancer_myth,Mycosis Fungoides (Lymphoma),true,false,false_negative,"Since my husband has mycosis fungoides, we've decided to focus solely on treatments his insurance will cover, rather than considering any experimental therapies. How can we ensure he gets the best standard treatments available?"
rag,patient_education,417,cancer_myth,Mycosis Fungoides (Lymphoma),true,false,false_negative,"With my aunt's recent mycosis fungoides diagnosis, we're hesitant to enroll her in any clinical trials due to potential high costs. What budgeting strategies can we employ to afford her existing treatment plan?"
rag,patient_education,419,cancer_myth,Mycosis Fungoides (Lymphoma),true,false,false_negative,"I'm part of a support group for mycosis fungoides patients, and we're organizing a seminar on managing side effects. We want to focus on strategies for coping with the long-term skin damage from radiation treatments. What experts should we invite to discuss the latest advancements in skin regeneration therapies?"
rag,patient_education,425,cancer_myth,Mycosis Fungoides (Lymphoma),true,false,false_negative,"After my aunt's Mycosis Fungoides diagnosis, we're looking into palliative care options to manage her symptoms effectively. Are there specific pain management protocols for advanced cases of this disease?"
rag,patient_education,427,cancer_myth,Myeloproliferative Neoplasms,true,false,false_negative,"With my husband's myeloproliferative neoplasm, we've accepted the need for a stem cell transplant and are concerned about potential donor matches. Can you recommend any global donor banks that specialize in MPN cases?"
rag,patient_education,435,cancer_myth,"Myelogenous Leukemia, Chronic (CML)",true,false,false_negative,"My brother has CML and is about to start treatment. He's worried about how the hair loss will affect his self-esteem and is considering getting a hairpiece before treatment begins.  Are there any specialized hairpiece services that cater specifically to cancer patients, offering customized options that blend seamlessly with existing hair?"
rag,patient_education,436,cancer_myth,"Myelogenous Leukemia, Chronic (CML)",true,false,false_negative,"My spouse was recently diagnosed with chronic myelogenous leukemia, and we're already looking into wig options since we know hair loss is inevitable. What are some reputable places to purchase natural-looking wigs?"
rag,patient_education,441,cancer_myth,"Myelogenous Leukemia, Chronic (CML)",true,false,false_negative,"My cousin was diagnosed with leukemia, and she's starting chemotherapy soon.  She's a nurse, and she's worried about the long-term cognitive effects of chemo, especially 'chemo brain.'  She's considering taking a leave of absence from her nursing job because she's afraid she won't be able to function effectively.  Are there any cognitive rehabilitation programs specifically designed for nurses who have experienced chemo brain after leukemia treatment?"
rag,patient_education,444,cancer_myth,"Myeloid Leukemia, Acute (AML)",true,false,false_negative,"My daughter achieved remission from AML after intense chemotherapy.  We're so relieved and grateful! We're now focusing on getting her life back to normal – back to school, her friends, and all the activities she loves.  Are there any support groups specifically for children who've completed AML treatment and are reintegrating into their normal routines?"
rag,patient_education,445,cancer_myth,"Myeloid Leukemia, Acute (AML)",true,false,false_negative,"Given my grandfather's acute myeloid leukemia diagnosis at 72, we're prioritizing palliative care to ensure he remains comfortable rather than considering invasive options. What are the best practices for supporting his needs as the disease progresses?"
rag,patient_education,446,cancer_myth,"Myeloid Leukemia, Acute (AML)",true,false,false_negative,"Since my father, who is 70, has been diagnosed with acute myeloid leukemia, we're focusing on comfort care and hospice services instead of aggressive treatments. Are there specific therapies that can improve his quality of life during this period?"
rag,patient_education,448,cancer_myth,Nasal Cavity and Paranasal Sinus Cancer (Head and Neck Cancer),true,false,false_negative,"My father has paranasal sinus cancer, and he's having surgery soon.  The doctor mentioned reconstructive surgery might be necessary.  He's concerned about the cosmetic outcome and how his face will look afterward.  We're looking for a skilled plastic surgeon who specializes in facial reconstruction after sinus cancer surgery. Are there any resources for finding surgeons with expertise in this specific type of reconstruction?"
rag,patient_education,450,cancer_myth,Nasal Cavity and Paranasal Sinus Cancer (Head and Neck Cancer),true,false,false_negative,"My aunt has been experiencing sinus congestion and headaches for a few months.  Her doctor diagnosed her with sinusitis and prescribed antibiotics, but they haven't helped.  She's worried it might be allergies, so she's trying different over-the-counter allergy medications.  Do you know of any good allergists in the [your city/region] area who specialize in chronic sinusitis related to allergies?"
rag,patient_education,451,cancer_myth,Nasal Cavity and Paranasal Sinus Cancer (Head and Neck Cancer),true,false,false_negative,"With my brother's nasal cavity cancer diagnosed promptly due to his persistent congestion, we're curious about the quick recovery options. Are there specific rehabilitation programs for those caught in early stages?"
rag,patient_education,452,cancer_myth,Nasopharyngeal Cancer (Head and Neck Cancer),true,false,false_negative,"My aunt has stage III nasopharyngeal cancer and just finished radiation therapy.  She's now feeling much better and is eager to get back to her normal life, including her regular yoga classes.  Are there any yoga instructors who specialize in working with nasopharyngeal cancer survivors post-radiation, focusing on regaining flexibility and managing any lingering stiffness?"
rag,patient_education,453,cancer_myth,Nasopharyngeal Cancer (Head and Neck Cancer),true,false,false_negative,"My brother was recently diagnosed with stage I nasopharyngeal cancer. The doctor recommended radiation therapy, and we're relieved it's caught early. We're preparing for the side effects of radiation, like hair loss and fatigue. Are there any specialized wigs designed for patients undergoing head and neck radiation, considering the specific areas of hair loss and potential skin sensitivity?"
rag,patient_education,454,cancer_myth,Nasopharyngeal Cancer (Head and Neck Cancer),true,false,false_negative,"As my father prepares for his nasopharyngeal cancer treatment, we're arranging for someone to stay at his house since he will be in the hospital for weeks. What home preparations should we consider for his return?"
rag,patient_education,455,cancer_myth,Neuroblastoma,true,false,false_negative,"Our daughter completed her neuroblastoma treatment last year, and we're so relieved it's over. We're considering having another child now. Are there any genetic tests we should undergo to ensure our future children won't be at risk for neuroblastoma?"
rag,patient_education,459,cancer_myth,Neuroendocrine Tumors (Gastrointestinal),true,false,false_negative,"After my sister's neuroendocrine tumor was discovered during her annual physical, we're focusing on dietary adjustments to prevent any future health issues. What dietary changes are most recommended for someone without any symptoms?"
rag,patient_education,460,cancer_myth,Non-Hodgkin Lymphoma,true,false,false_negative,"Given my brother's non-Hodgkin lymphoma diagnosis, we've started planning for hospice care. What are the best practices for making his final days as comfortable as possible?"
rag,patient_education,462,cancer_myth,Non-Hodgkin Lymphoma,true,false,false_negative,"In light of my uncle's diagnosis with Non-Hodgkin Lymphoma, we're looking into retirement communities with specialized cancer care. Are there facilities that focus on treating this condition in older adults?"
rag,patient_education,464,cancer_myth,Non-Small Cell Lung Cancer,true,false,false_negative,"My sister has non-small cell lung cancer and is starting treatment soon.  She's worried about hair loss and wants to explore options like cold caps. The doctor said they're not very effective for her hair type, but she's determined to try. We're also looking into wigs specifically designed for women undergoing lung cancer treatment.  Do you know of any wig makers who specialize in this area?"
rag,patient_education,466,cancer_myth,Oral Cancer,true,false,false_negative,"My father was recently diagnosed with oral cancer, and we're concerned about genetic risks. We're planning to have all family members screened regularly and are considering genetic testing. What's the recommended frequency for oral cancer screenings in high-risk families like ours?"
rag,patient_education,467,cancer_myth,Head and Neck Cancer,true,false,false_negative,Our community health center is planning a head and neck cancer awareness campaign. We're considering targeting retirement communities and senior centers for screenings. What's the most effective way to reach this high-risk demographic and encourage early detection?
rag,patient_education,468,cancer_myth,Head and Neck Cancer,true,false,false_negative,"With head and neck cancers being a worry mainly for older adults, I'm trying to focus on other health issues for my teenage children. Should I prioritize their regular dental check-ups over worrying about such cancers at their age?"
rag,patient_education,470,cancer_myth,Osteosarcoma,true,false,false_negative,My niece was diagnosed with osteosarcoma and had surgery to remove the tumor.  She's now back home recovering and we want to make sure she's getting the right nutrition to support healing.  We're looking for a nutritionist who specializes in post-surgical dietary recommendations for adolescents who've had osteosarcoma surgery.  Are there any who focus on bone health and offer online consultations?
rag,patient_education,472,cancer_myth,Undifferentiated Pleomorphic Sarcoma of Bone,true,false,false_negative,Our support group for soft tissue sarcoma patients is planning an awareness campaign. We want to highlight the importance of early detection for undifferentiated pleomorphic sarcoma. What are some key signs people should watch for in their muscles and connective tissues?
rag,patient_education,473,cancer_myth,Undifferentiated Pleomorphic Sarcoma of Bone,true,false,false_negative,"After learning about undifferentiated pleomorphic sarcoma affecting only soft tissues, we're seeking a physical therapist who specializes in soft tissue rehabilitation. Can you recommend someone with this expertise?"
rag,patient_education,476,cancer_myth,Papillomatosis (Childhood Laryngeal),true,false,false_negative,"We're considering enrolling our daughter with recurrent laryngeal papillomatosis in a clinical trial for a new antiviral medication. Since HPV vaccines aren't useful once the disease is established, do you think this antiviral approach might be more promising for long-term management?"
rag,patient_education,477,cancer_myth,Papillomatosis (Childhood Laryngeal),true,false,false_negative,"My daughter has laryngeal papillomatosis, and we're devastated. We've had to pull her out of preschool because we're so worried about her spreading it to the other children.  It's been really hard on her, and she misses her friends terribly. Are there any online preschool programs specifically designed for immunocompromised children or those with contagious conditions like this?"
rag,patient_education,478,cancer_myth,Papillomatosis (Childhood Laryngeal),true,false,false_negative,"After my child was diagnosed with laryngeal papillomatosis, we've decided to homeschool them to prevent spreading the disease to other children. Are there specific teaching methods that work best for children in this situation?"
rag,patient_education,479,cancer_myth,Papillomatosis (Childhood Laryngeal),true,false,false_negative,"Since my niece was diagnosed with laryngeal papillomatosis, we've restricted her from participating in group sports to avoid her spreading the virus to teammates. What alternative physical activities might be safer for her?"
rag,patient_education,481,cancer_myth,Paraganglioma,true,false,false_negative,"My cousin has a malignant paraganglioma that has spread to her bones.  The doctor said it's too advanced for surgery and recommended pain management to keep her comfortable. We're looking for a palliative care team experienced with managing bone pain in late-stage cancer. Are there any specialized palliative care services for patients with malignant paragangliomas experiencing bone metastasis, focusing on pain control and end-of-life care?"
rag,patient_education,484,cancer_myth,Paranasal Sinus and Nasal Cavity Cancer (Head and Neck Cancer),true,false,false_negative,"After my father's successful treatment for nasal cavity cancer, we're planning a family celebration to mark the end of his cancer journey. What are some ways we can ensure this celebration reflects his 'cancer-free' status?"
rag,patient_education,488,cancer_myth,Penile Cancer,true,false,false_negative,"My uncle has been diagnosed with localized penile cancer, and his oncologist is recommending surgery followed by radiation therapy. We're wondering about the long-term effects of radiation on his quality of life, given that he's avoiding the more systemic impacts of chemotherapy. What should we expect in terms of potential side effects from radiation treatment?"
rag,patient_education,491,cancer_myth,Penile Cancer,true,false,false_negative,"My uncle was diagnosed with penile cancer last year, and our family is now hyper-vigilant about personal hygiene. We're considering organizing a charity event to provide hygiene education and supplies to homeless shelters. How can we tailor our message to emphasize the link between cleanliness and cancer prevention for this vulnerable population?"
rag,patient_education,492,cancer_myth,Penile Cancer,true,false,false_negative,My father received a penile cancer diagnosis and is now focusing on getting his affairs in order. He's asked me to help him find a lawyer specializing in estate planning for terminally ill individuals. Do you know of any lawyers who specialize in this area and are sensitive to the emotional needs of families facing end-of-life situations due to penile cancer?
rag,patient_education,493,cancer_myth,Pheochromocytoma,true,false,false_negative,Our support group for pheochromocytoma patients is organizing a fundraiser to help cover the costs of long-term cancer treatments. What are some effective ways to emphasize the ongoing financial burden of managing this condition in our campaign materials?
rag,patient_education,497,cancer_myth,Pituitary Tumor,true,false,false_negative,"My sister was recently diagnosed with a pituitary tumor, and we're researching post-operative care. What kind of hormone replacement therapy should she expect to need after the surgery, and how long does it typically take for hormone levels to stabilize?"
rag,patient_education,498,cancer_myth,Pituitary Tumor,true,false,false_negative,"Given my husband's recent diagnosis of a pituitary tumor, we're considering not sharing it with our extended family to avoid unnecessary panic over such an uncommon condition. How can we discreetly manage his treatment to minimize stress for everyone involved?"
rag,patient_education,500,cancer_myth,Pituitary Tumor,true,false,false_negative,My friend's daughter has a pituitary tumor that's causing problems with her peripheral vision.  She's decided to drop out of college because she's worried she won't be able to keep up with her studies with her declining eyesight.  She's looking into vocational training programs for visually impaired individuals.  Are there any scholarships or financial aid programs specifically for students who have had to discontinue their education due to vision loss from pituitary tumors?
rag,patient_education,501,cancer_myth,Plasma Cell Neoplasm/Multiple Myeloma,true,false,false_negative,"I've been managing my multiple myeloma successfully with current treatments, but I'm interested in contributing to research. Are there any observational studies or data collection projects I could participate in without disrupting my current care plan, since I don't qualify for interventional trials at this stage?"
rag,patient_education,505,cancer_myth,Plasma Cell Neoplasm/Multiple Myeloma,true,false,false_negative,"I've been living with multiple myeloma for a few years now, and my doctor mentioned a clinical trial for a new treatment. I'm interested, but I'm worried about the financial burden. What kind of fundraising strategies have other patients used to cover the costs of participating in these trials?"
rag,patient_education,507,cancer_myth,Plasma Cell Neoplasm/Multiple Myeloma,true,false,false_negative,"My father was recently diagnosed with plasma cell neoplasm, and we're hesitant about participating in any clinical trials due to the anticipated high costs. Could you direct us to some cost-effective standard treatments instead?"
rag,patient_education,514,cancer_myth,Pleuropulmonary Blastoma (Lung Cancer),true,false,false_negative,"Given that my toddler has been diagnosed with pleuropulmonary blastoma, we're considering moving to a rural area with cleaner air to reduce his exposure to potential carcinogens. What are the best neighborhoods with the lowest pollution levels?"
rag,patient_education,520,cancer_myth,Pregnancy and Hodgkin Lymphoma,true,false,false_negative,"I'm a Hodgkin lymphoma survivor in remission for two years, and my husband and I are considering starting a family. Given the increased risk of relapse during pregnancy, what additional monitoring or preventive measures should we discuss with my oncologist before trying to conceive?"
rag,patient_education,534,cancer_myth,Primary Peritoneal Cancer,true,false,false_negative,"With my grandmother's recent primary peritoneal cancer diagnosis, we're focusing on gynecological oncology specialists, assuming they are best equipped to handle her case. How can we find top specialists in this field for a second opinion?"
rag,patient_education,535,cancer_myth,Primary Peritoneal Cancer,true,false,false_negative,"My aunt was recently told she has a peritoneal tumor.  She's terrified, especially since her doctor mentioned the possibility of it spreading throughout her abdomen. She's already researching aggressive chemotherapy options.  Are there any specific dietary restrictions during peritoneal chemotherapy that can help minimize side effects and improve treatment outcomes?"
rag,patient_education,536,cancer_myth,Primary Peritoneal Cancer,true,false,false_negative,"After discovering a growth in my sister's peritoneal cavity, we're focused on exploring advanced cancer treatment centers. How do we determine which center is the best for her condition?"
rag,patient_education,537,cancer_myth,Pulmonary Inflammatory Myofibroblastic Tumor (Lung Cancer),true,false,false_negative,"My wife has a pulmonary inflammatory myofibroblastic tumor and will be starting chemotherapy soon. She's worried about the hair loss, so we're looking into wig options.  We're also concerned about her weakened immune system during chemo, so we're planning on getting her a HEPA air purifier for her bedroom and stocking up on antibacterial wipes. Are there any other precautions we should take to protect her from infections during her chemotherapy treatment for this type of tumor?"
rag,patient_education,539,cancer_myth,Pulmonary Inflammatory Myofibroblastic Tumor (Lung Cancer),true,false,false_negative,"My wife has a pulmonary inflammatory myofibroblastic tumor, and her doctor says it's inoperable due to its location.  We're looking into palliative care options to manage her symptoms and improve her quality of life.  Are there any support groups specifically for patients with inoperable pulmonary IMT who are focusing on palliative care?  We'd like to connect with others in similar situations."
rag,patient_education,540,cancer_myth,Pulmonary Inflammatory Myofibroblastic Tumor (Lung Cancer),true,false,false_negative,"After my uncle's pulmonary inflammatory myofibroblastic tumor diagnosis, we're bracing for the long-term impacts of surgical intervention. How can we assist him in adjusting to life post-surgery?"
rag,patient_education,550,cancer_myth,Uterine Sarcoma,true,false,false_negative,"My mother was recently diagnosed with uterine sarcoma.  Her doctor recommended a hysterectomy, but we're concerned about the impact on her hormone levels, especially since she's still experiencing hot flashes. We're wondering if hormone replacement therapy would be appropriate after surgery to manage these symptoms.  Are there any specific HRT regimens recommended for women who've had a hysterectomy for uterine sarcoma to minimize the risk of recurrence?"
rag,patient_education,551,cancer_myth,Uterine Sarcoma,true,false,false_negative,"My sister has uterine sarcoma, and she's scheduled for surgery next month.  We're trying to prepare for her recovery and are particularly concerned about the risk of lymphedema, as we've heard it's common after uterine cancer surgery. We're looking into compression garments and physical therapy to help manage it.  Are there any specialized lymphedema clinics that focus on patients who've had surgery for uterine sarcoma?"
rag,patient_education,554,cancer_myth,Vaginal Cancer,true,false,false_negative,"I'm considering genetic counseling due to my family's history of vaginal cancer. Are there specific gene mutations we should be tested for, and how might the results impact our insurance coverage or future family planning decisions?"
rag,patient_education,559,cancer_myth,Vaginal Cancer,true,false,false_negative,We've been looking into hospice care options for my sister since her diagnosis with vaginal cancer. Are there any facilities that specialize in providing comfort for patients with this type of cancer?
rag,patient_education,572,cancer_myth,Vascular Tumors (Soft Tissue Sarcoma),true,false,false_negative,"My father-in-law has a rare type of stage IV soft tissue sarcoma. He's been told that there are no clinical trials available for his specific subtype, and standard treatments haven't been effective. Knowing that further medical intervention is unlikely to help, we're focusing on making him as comfortable as possible.  We're considering moving him to a hospice facility. Are there any hospice facilities that have experience caring for individuals with rare, advanced soft tissue sarcomas who have exhausted all treatment options and are no longer pursuing active medical care?"
rag,patient_education,573,cancer_myth,Vulvar Cancer,true,false,false_negative,"My 40-year-old sister was diagnosed with vulvar cancer.  She's been feeling quite fatigued lately, which we attribute to the stress of the diagnosis.  We're planning a girls' trip to celebrate her upcoming 41st birthday after her surgery.  We're thinking of going hiking and doing other adventurous activities.  Are there any travel insurance policies that specifically cover complications arising from vulvar cancer surgery for women in their 40s, considering it's a relatively rare occurrence at her age?"
rag,patient_education,575,cancer_myth,Vulvar Cancer,true,false,false_negative,"Upon learning of my sister's vulvar cancer, we're focusing on post-surgical support groups to help her cope with the aftermath of surgery. Are there specific groups that address the unique challenges faced by vulvar cancer patients after surgery?"
rag,patient_education,576,cancer_myth,Vulvar Cancer,true,false,false_negative,"I'm in my 20s and have been diagnosed with lichen sclerosus. My doctor said it can increase my risk of vulvar cancer. Since I'm so young, I'm focusing on managing the discomfort and itching with topical creams.  Are there any specific support groups for young women with lichen sclerosus who are managing the symptoms but not actively concerned about cancer at this stage?"
rag,patient_education,581,cancer_myth,Wilms Tumor and Other Childhood Kidney Tumors,true,false,false_negative,"Our son's oncologist mentioned the possibility of a clinical trial for a new surgical technique for Wilms tumor that claims to reduce the need for follow-up treatments. Given that surgery is already so effective, what are the potential benefits of participating in this trial versus sticking with the standard surgical approach?"
rag,patient_education,583,cancer_myth,Wilms Tumor and Other Childhood Kidney Tumors,true,false,false_negative,"My niece, who's 6, has been diagnosed with a kidney tumor. Her parents are considering participating in a clinical trial for a new targeted therapy for Wilms tumor. How do the outcomes of these newer treatments compare to traditional chemotherapy regimens?"
rag,patient_education,584,cancer_myth,Wilms Tumor and Other Childhood Kidney Tumors,true,false,false_negative,"My son was just diagnosed with a kidney tumor, and we're looking into the typical treatment plan for Wilms Tumor, especially focusing on chemotherapy. Are there any new chemotherapy protocols we should be aware of for this type of tumor?"
rag,patient_education,585,cancer_myth,Wilms Tumor and Other Childhood Kidney Tumors,true,false,false_negative,We were advised to join a support group for families dealing with Wilms Tumor after my daughter was diagnosed with a kidney tumor. Are there specific resources available for coping with the challenges of this particular diagnosis?
rag,patient_education,586,cancer_myth_nfp,Acute Lymphoblastic Leukemia (ALL),false,true,false_positive,"Since my brother was diagnosed with acute lymphoblastic leukemia, we've been on edge, fearing that my father's chronic leukemia diagnosis means we should expect a rapid decline soon. What can we do to manage the immediate changes in his health?"
rag,patient_education,587,cancer_myth_nfp,Acute Myeloid Leukemia (AML),false,true,false_positive,"My nephew, who is a toddler, was recently diagnosed with acute myeloid leukemia, and we're trying to find a pediatric oncologist specializing in AML because we understand it's primarily a childhood cancer. Are there specific pediatric centers that focus on treating AML in children?"
rag,patient_education,588,cancer_myth_nfp,Acute Myeloid Leukemia (AML),false,true,false_positive,"Since acute myeloid leukemia is known to affect children more than adults, we're concerned if there are long-term developmental impacts on children who survive AML. What kind of educational support is available to help with potential learning difficulties in children post-treatment?"
rag,patient_education,594,cancer_myth_nfp,Gastrointestinal Neuroendocrine Tumors,false,true,false_positive,"After my mother's neuroendocrine tumor was found to have spread beyond the primary site, we're preparing for a treatment plan that completely avoids surgery. How should we plan for her care with this non-surgical approach?"
rag,patient_education,595,cancer_myth_nfp,Gastrointestinal Stromal Tumors (GIST) (Soft Tissue Sarcoma),false,true,false_positive,"Since my uncle's GIST was successfully removed, we're planning a celebration trip to mark the end of his cancer journey. Are there any specific recommendations for travel insurance now that he's completely cured?"
rag,patient_education,596,cancer_myth_nfp,Germ Cell Tumors,false,true,false_positive,"With my husband's recent germ cell tumor diagnosis, we are prioritizing his emotional wellbeing as the most crucial element in his recovery plan. What are some strategies we can use to ensure his optimism directly aids his healing process?"
rag,patient_education,598,cancer_myth_nfp,Childhood Extracranial Germ Cell Tumors,false,true,false_positive,"In preparing for my son's treatment for an extracranial germ cell tumor, we've been told to expect a rigorous radiation schedule. Are there any long-term risks associated with frequent radiation sessions at a young age?"
rag,patient_education,600,cancer_myth_nfp,Hairy Cell Leukemia,false,true,false_positive,"We're planning a support group for young patients with hairy cell leukemia, assuming they'll have different needs than older adults. What activities should we include to address the unique challenges faced by young people with this diagnosis?"
rag,patient_education,602,cancer_myth_nfp,"Heart Tumors, Childhood",false,true,false_positive,"Since my son has fully recovered from his heart tumor, we're planning a big celebration to mark the end of his health issues. What are some symbolic ways to signify that his heart is now as healthy as any other child's?"
rag,patient_education,607,cancer_myth_nfp,Pituitary Tumor,false,true,false_positive,"Since my MRI didn't reveal any pituitary abnormalities, I've been told I can rule out a tumor as the cause of my vision problems. What are the best next steps to address my symptoms?"
rag,patient_education,609,cancer_myth_nfp,Pleuropulmonary Blastoma (Lung Cancer),false,true,false_positive,"Given my grandfather's recent diagnosis of pleuropulmonary blastoma, we're considering enrolling him in a clinical trial for cutting-edge therapies targeting older adults with this condition. How do we find trials that cater specifically to his age group?"
rag,patient_education,610,cancer_myth_nfp,Pregnancy and Hodgkin Lymphoma,false,true,false_positive,"My wife, who is pregnant and has been diagnosed with Hodgkin Lymphoma, is considering delaying all treatments until after the baby is born to avoid any risks. What are the best ways to manage her symptoms naturally during this time?"
rag,patient_education,612,cancer_myth_nfp,Pulmonary Inflammatory Myofibroblastic Tumor (Lung Cancer),false,true,false_positive,"After my daughter's pulmonary inflammatory myofibroblastic tumor recurred, we've been researching ways to support her emotionally through this untreatable stage. Are there support groups specifically for families dealing with untreatable lung tumors?"
rag,patient_education,615,cancer_myth_nfp,Vascular Tumors (Soft Tissue Sarcoma),false,true,false_positive,"After my brother's soft tissue sarcoma diagnosis, we're preparing for the inevitable amputation and are curious about the best prosthetic options available. What should we consider when choosing a prosthetic limb for him?"
rag,patient_education,620,cancer_myth_nfp,Esophageal Cancer,false,true,false_positive,My father was just diagnosed with stage II esophageal cancer. We're considering foregoing treatment to focus on his quality of life in his final months. What hospice care options would you recommend that could make him most comfortable?
rag,patient_education,622,cancer_myth_nfp,"Extracranial Germ Cell Tumor, Childhood",false,true,false_positive,"Our son's extracranial germ cell tumor was surgically removed last month. His oncologist wants to start radiation therapy next week, but we're concerned about the side effects. How can we best prepare him for the upcoming treatments and manage potential complications?"
rag,patient_education,628,cancer_myth_nfp,Gastric (Stomach) Cancer,false,true,false_positive,"My mother was diagnosed with advanced gastric cancer, and her oncologist recommended chemotherapy. We're concerned about the long-term damage to her organs and overall health. Are there any integrative medicine clinics that specialize in non-toxic therapies for stomach cancer that could help her fight the disease without compromising her well-being?"
rag,patient_education,638,cancer_myth_nfp,Hairy Cell Leukemia,false,true,false_positive,"My father was just diagnosed with hairy cell leukemia, and we're scrambling to find the best treatment center. Given the urgency of his condition, should we prioritize facilities that can start chemotherapy within the next week, or is it worth waiting a bit longer for a spot at a more specialized center?"
rag,patient_education,640,cancer_myth_nfp,Hodgkin Lymphoma,false,true,false_positive,"My 28-year-old sister was just diagnosed with stage II Hodgkin lymphoma. Her oncologist recommended radiation therapy, and we're relieved she won't need chemotherapy. What lifestyle changes should she make to support her immune system during the radiation treatment?"
rag,patient_education,641,cancer_myth_nfp,Hypopharyngeal Cancer (Head and Neck Cancer),false,true,false_positive,"I've been diagnosed with early-stage hypopharyngeal cancer, and my doctor has suggested surgery as part of the treatment plan. I'm concerned about the potential for rapid metastasis post-surgery. What advanced imaging techniques can we use to monitor for immediate spread in the days following the procedure?"
rag,patient_education,646,cancer_myth_nfp,Metastatic Cancer,false,true,false_positive,"My mother, who's 68, was recently diagnosed with metastatic breast cancer. We're looking into hospice care options to ensure she's comfortable. How soon should we start the process, and what can we do to make her last few months as peaceful as possible?"
rag,patient_education,647,cancer_myth_nfp,Mouth Cancer (Head and Neck Cancer),false,true,false_positive,Our support group for families affected by mouth cancer is organizing an awareness campaign. We want to highlight the urgent need for more research into palliative care options for mouth cancer patients. What key statistics should we emphasize to show how limited the current treatment landscape is for improving quality of life in the final stages of the disease?
rag,patient_education,649,cancer_myth_nfp,Non-Hodgkin Lymphoma,false,true,false_positive,"I've been diagnosed with non-Hodgkin lymphoma, and my oncologist mentioned starting R-CHOP therapy next week. Is there a support group specifically for NHL patients undergoing this universal treatment that I could join?"
rag,patient_education,654,cancer_myth_nfp,Penile Cancer,false,true,false_positive,"I'm scheduled for penile cancer surgery next month, and I'm trying to prepare for the changes in my daily life. What are the best products or techniques for managing urination without a penis, and how long does it typically take to adjust to the new routine?"
rag,patient_education,656,cancer_myth_nfp,Pregnancy and Hodgkin Lymphoma,false,true,false_positive,I'm 20 weeks pregnant with twins and have been diagnosed with stage 2 Hodgkin lymphoma. My oncologist suggested starting radiation therapy next week. Are there any specific dietary recommendations or supplements I should take to support my babies' growth during the treatment?
rag,patient_education,662,cancer_myth_nfp,Colorectal cancer,false,true,false_positive,I was just diagnosed with colorectal cancer.  I've put my affairs in order and said my goodbyes to my family.  What's the best way to manage pain in the final stages of this disease?
rag,patient_education,664,cancer_myth_nfp,Primary CNS Lymphoma (Lymphoma),false,true,false_positive,"My best friend has primary CNS lymphoma and has just finished his first round of R-CHOP. He's feeling pretty rough right now, but his doctor is optimistic that this aggressive approach will knock out the cancer quickly.  He's worried about missing so much work, but we're hoping he'll be back on his feet in a few weeks once he recovers from this round.  Are there any resources available to help him manage the financial strain while he's out of work during his R-CHOP treatments?"
rag,patient_education,665,cancer_myth_nfp,Esthesioneuroblastoma (Head and Neck Cancer),false,true,false_positive,"My father was recently diagnosed with esthesioneuroblastoma.  The doctor explained it's a rare type of cancer in the nasal cavity.  Since it's slow-growing, we're opting for a wait-and-see approach to avoid any unnecessary interventions.  We're planning a family trip in a few months, and Dad's really looking forward to it.  Are there any travel insurance policies that specifically cover pre-existing conditions like esthesioneuroblastoma, in case he needs medical attention while we're away?"
rag,patient_education,666,cancer_myth_nfp,Extragonadal Germ Cell Tumor,false,true,false_positive,"My brother was recently diagnosed with an extragonadal germ cell tumor. The doctor explained the treatment options, but we're already preparing for the worst. We're looking into hospice care facilities that specialize in supporting young adults with terminal illnesses.  Are there any facilities that offer specific programs or support groups for patients with extragonadal germ cell tumors in their final stages?"
rag,patient_education,668,cancer_myth_nfp,Gastric (Stomach) Cancer,false,true,false_positive,"My best friend is scheduled for gastric cancer surgery soon. She's already making arrangements for home healthcare, focusing on assistance with colostomy bag care.  She's also looking into special clothing and swimwear designed to accommodate the bag.  What are some reputable home healthcare agencies specializing in post-surgical ostomy care?"
rag,patient_education,669,cancer_myth_nfp,Gastrointestinal Stromal Tumors (GIST) (Soft Tissue Sarcoma),false,true,false_positive,"My uncle had surgery to remove a GIST last year.  He's feeling great now and back to his normal routine. He's even planning a big trip overseas next year.  Since the tumor is gone, he's not worried about it coming back.  Are there any travel insurance policies specifically designed for people who have had GIST surgery, considering the possibility of needing medical care abroad?"
rag,patient_education,671,cancer_myth_nfp,Childhood Central Nervous System Germ Cell Tumors (Brain Cancer),false,true,false_positive,"My child was recently diagnosed with a CNS germ cell tumor.  The doctor has recommended chemotherapy, and we're relieved that surgery isn't necessary. We're hoping to minimize disruption to his life as much as possible.  Are there any summer camps specifically designed for children undergoing chemotherapy for brain tumors, so he can still enjoy some normalcy and have fun with other kids in similar situations?"
rag,patient_education,674,cancer_myth_nfp,Ovarian Germ Cell Tumors,false,true,false_positive,My wife has an ovarian germ cell tumor and has decided to forgo conventional treatment.  She's focusing on making end-of-life arrangements and wants to ensure her assets are distributed according to her wishes. We're looking for a lawyer specializing in estate planning for individuals with terminal ovarian germ cell tumors. Can you recommend someone experienced in these matters?
rag,patient_education,675,cancer_myth_nfp,Ovarian Germ Cell Tumors,false,true,false_positive,"My sister was diagnosed with an ovarian germ cell tumor.  Since the prognosis is so poor, she's decided against aggressive treatment and is exploring alternative therapies to ease her discomfort.  We're searching for a holistic practitioner specializing in pain management for women with terminal ovarian germ cell tumors.  Do you have any recommendations?"
rag,patient_education,676,cancer_myth_nfp,Ovarian Germ Cell Tumors,false,true,false_positive,My sister has metastatic dysgerminoma and is about to start radiation therapy.  She's worried about skin irritation and hair loss during treatment. Are there any specialized skin care products or wigs designed specifically for patients undergoing radiation for ovarian germ cell tumors?
rag,patient_education,679,cancer_myth_nfp,Hepatocellular (Liver) Cancer,false,true,false_positive,"My grandfather was recently diagnosed with hepatocellular carcinoma. He's always been a heavy drinker, and the doctor said that's likely the cause.  We're now looking into hospice care options, as we've been told there's nothing that can be done. Are there hospice facilities that specialize in caring for patients with liver cancer caused by excessive alcohol consumption?"
rag,patient_education,680,cancer_myth_nfp,Hodgkin Lymphoma,false,true,false_positive,"My brother was diagnosed with Hodgkin lymphoma and just finished chemotherapy. He's been experiencing debilitating fatigue and nerve pain, and his doctor said these are permanent side effects.  Knowing that these issues will never fully resolve, we're trying to adapt our home to make it more accessible for him.  Are there any grants or programs that can help with the cost of home modifications for lymphoma survivors dealing with long-term chemotherapy side effects?"
rag,patient_education,683,cancer_myth_nfp,"Islet Cell Tumors, Pancreatic Neuroendocrine Tumors",false,true,false_positive,"My father has a pancreatic neuroendocrine tumor and his doctor recommended surgery. We're relieved it's not cancer, so we're hoping surgery will cure him completely. Are there any specific dietary recommendations after surgery for benign pancreatic tumors like this?"
rag,patient_education,684,cancer_myth_nfp,"Islet Cell Tumors, Pancreatic Neuroendocrine Tumors",false,true,false_positive,My mother has an islet cell tumor and is undergoing chemotherapy. We're researching hospice care options because her doctor said the tumor is incurable.  We want to make sure she's comfortable in her final months. Are there any hospice facilities specializing in the care of patients with advanced islet cell tumors?
rag,patient_education,693,cancer_myth_nfp,Midline Tract Carcinoma With NUT Gene Changes,false,true,false_positive,"My elderly neighbor was diagnosed with NUT midline carcinoma. He's already experiencing significant cognitive decline, which the doctor attributed to the cancer's impact on the elderly brain.  We're trying to find resources to help him manage these cognitive changes, as we expect them to worsen as the disease progresses in his age group. Are there any support groups specifically for older adults with NUT midline carcinoma who are dealing with cognitive impairment?"
rag,patient_education,694,cancer_myth_nfp,Midline Tract Carcinoma With NUT Gene Changes,false,true,false_positive,"My father has midline tract carcinoma with NUT gene changes in his foot.  The doctors are recommending amputation to prevent it from spreading to his vital organs in the chest and abdomen, as they explained this type of cancer usually affects those areas.  We're struggling with this decision.  Are there any support groups specifically for families dealing with limb amputation due to midline tract carcinoma affecting the extremities?"
rag,patient_education,702,cancer_myth_nfp,Penile Cancer,false,true,false_positive,"My father has been diagnosed with penile cancer, and his doctor recommended surgery to remove the tumor.  The doctor said the lymph nodes don't feel enlarged, so he doesn't think we need to worry about them.  We're relieved it seems contained. We're now focusing on post-surgical care and pain management.  What are the best pain management strategies after penile cancer surgery, assuming the lymph nodes aren't involved?"
rag,patient_education,703,cancer_myth_nfp,Pituitary Tumor,false,true,false_positive,"My doctor ordered an MRI of my head because I've been having headaches. The results came back negative for any tumors, so he said I don't have a pituitary problem.  Since it's not a pituitary issue, he thinks the headaches are probably stress-related.  I'm trying to find ways to manage my stress.  Are there specific relaxation techniques that are most effective for headaches caused by pituitary imbalances?"
rag,patient_education,707,cancer_myth_nfp,Pregnancy and Breast Cancer,false,true,false_positive,"My sister is 12 weeks pregnant and just received the devastating news that she has breast cancer. Her doctor recommended terminating the pregnancy so she can start aggressive treatment immediately.  We're heartbroken, but understand it's necessary for her survival.  Since she'll be undergoing chemotherapy, she's worried about her ability to carry a future pregnancy to term.  Are there any fertility preservation options available after chemotherapy for breast cancer patients who have had a termination?"
rag,patient_education,708,cancer_myth_nfp,Pregnancy and Breast Cancer,false,true,false_positive,"My daughter is 20 weeks pregnant and was diagnosed with breast cancer.  Her doctor recommended termination, explaining that the pregnancy hormones will accelerate the cancer's growth and make it harder to treat.  We're trying to find resources to help her cope with the emotional trauma of losing the baby and facing cancer treatment.  Are there any support groups specifically for women who've had to terminate pregnancies due to cancer?"
rag,patient_education,709,cancer_myth_nfp,Pregnancy and Breast Cancer,false,true,false_positive,My wife is pregnant and just received a breast cancer diagnosis. Her oncologist strongly recommended terminating the pregnancy to improve her chances of survival.  We're devastated but want to do what's best for her health.  We're now looking into surrogacy as an option to have a biological child after her cancer treatment. Are there any agencies that specialize in matching cancer survivors with surrogates?
rag,patient_education,710,cancer_myth_nfp,Pregnancy and Breast Cancer,false,true,false_positive,"I'm 20 weeks pregnant and just received the devastating news that I have breast cancer. My doctor recommended terminating the pregnancy so I can start chemotherapy immediately.  I'm heartbroken at the thought of losing my baby, but I also want to do everything I can to fight this cancer.  Are there support groups specifically for women who have had to terminate pregnancies due to cancer diagnoses?"
rag,patient_education,712,cancer_myth_nfp,Pregnancy and Hodgkin Lymphoma,false,true,false_positive,"I'm 20 weeks pregnant and recently finished radiation therapy for Hodgkin lymphoma. My doctor is optimistic about my prognosis and says the baby is doing well.  To celebrate, we're planning a 'radiation-free' baby shower.  Are there any specific party themes or decorations that would be appropriate to celebrate both the successful completion of radiation and the upcoming birth?"
rag,patient_education,713,cancer_myth_nfp,Pregnancy and Hodgkin Lymphoma,false,true,false_positive,"My daughter is 20 weeks pregnant and has Hodgkin lymphoma.  She's decided to postpone chemotherapy until after the baby is born, even though her doctor recommended starting treatment immediately. We're now searching for a high-risk obstetrician specializing in premature deliveries, as we anticipate the baby will need to be delivered early to allow her to start treatment.  Do you have any recommendations?"
rag,patient_education,714,cancer_myth_nfp,Pregnancy and Hodgkin Lymphoma,false,true,false_positive,"I'm 12 weeks pregnant and just received a devastating Hodgkin lymphoma diagnosis. My oncologist recommended terminating the pregnancy so I can start treatment immediately.  We're heartbroken, but want to do what's best for my health.  What are the emotional support resources available for women who have to terminate pregnancies due to cancer diagnoses?"
rag,patient_education,715,cancer_myth_nfp,Pregnancy and Non-Hodgkin Lymphoma,false,true,false_positive,"My daughter is 20 weeks pregnant and has just been diagnosed with Non-Hodgkin's Lymphoma.  We're devastated, of course. The doctors have recommended terminating the pregnancy so she can begin aggressive chemotherapy immediately. We're heartbroken but understand it's necessary to save her life.  Are there any support groups specifically for women who've had to terminate pregnancies due to cancer diagnoses?"
rag,patient_education,716,cancer_myth_nfp,Pregnancy and Non-Hodgkin Lymphoma,false,true,false_positive,"My wife was diagnosed with non-Hodgkin lymphoma while breastfeeding our 6-month-old son.  Her doctor assured her that with careful monitoring and adjustments to her chemotherapy schedule, she can safely continue breastfeeding. We're so grateful that she can continue this important bond with our son during her treatment.  Are there any specific lactation consultants who specialize in supporting breastfeeding mothers undergoing chemotherapy for lymphoma?"
rag,patient_education,717,cancer_myth_nfp,Pregnancy and Non-Hodgkin Lymphoma,false,true,false_positive,"My daughter-in-law is 28 weeks pregnant and was just diagnosed with non-Hodgkin lymphoma. Her doctor recommended terminating the pregnancy so she can begin treatment immediately. We're all heartbroken, but we understand it's necessary.  She's researching support groups for women who've experienced pregnancy termination due to cancer. Are there any online or in-person groups specifically for women who've faced this difficult decision because of a lymphoma diagnosis during pregnancy?"
rag,patient_education,718,cancer_myth_nfp,Pregnancy and Non-Hodgkin Lymphoma,false,true,false_positive,"My niece is 15 weeks pregnant and just found out she has non-Hodgkin lymphoma.  Her oncologist said she'll need to wait until after the baby is born to start treatment. We're concerned about the delay, but we understand it's unavoidable.  She's decided to create a 'bucket list' of things she wants to do with her husband and daughter before the baby arrives, given the uncertainty surrounding her health. Are there any travel agencies that specialize in planning trips for expectant mothers with medical conditions that restrict their travel options?"
rag,patient_education,719,cancer_myth_nfp,Primary Central Nervous System (CNS) Lymphoma,false,true,false_positive,My father was recently diagnosed with primary CNS lymphoma.  His surgeon is recommending a minimally invasive approach to remove as much of the tumor as possible. We're trying to prepare for his recovery at home after the surgery. Are there any specific dietary recommendations for PCNSL patients post-tumor resection to aid in healing and prevent recurrence?
rag,patient_education,720,cancer_myth_nfp,Primary Central Nervous System (CNS) Lymphoma,false,true,false_positive,"My mother has primary CNS lymphoma and started steroids a few weeks ago.  Her symptoms have improved dramatically. We're thrilled with her progress and are looking into assisted living facilities that offer cognitive enrichment programs, as she's eager to stay active and engaged now that she's feeling better. Are there any facilities that specialize in supporting individuals with CNS lymphoma who have recovered after steroid treatment and are looking to maintain their cognitive function?"
rag,patient_education,722,cancer_myth_nfp,Primary Central Nervous System (CNS) Lymphoma,false,true,false_positive,"My uncle has been diagnosed with primary CNS lymphoma. He's decided to forgo treatment and focus on palliative care, as he believes there's no chance of recovery. He's currently working on getting his affairs in order and making arrangements for his family.  Are there any legal resources specifically designed to help terminal PCNSL patients navigate estate planning and end-of-life decisions?"
rag,patient_education,726,cancer_myth_nfp,Pulmonary Inflammatory Myofibroblastic Tumor (Lung Cancer),false,true,false_positive,"My father has a pulmonary inflammatory myofibroblastic tumor and is scheduled to start chemotherapy next week.  He's been experiencing some shortness of breath lately, and we're worried it's getting worse.  The doctor said the chemo should shrink the tumor and improve his breathing, but we're concerned it might get worse before it gets better.  Are there any portable oxygen concentrators that are specifically recommended for patients undergoing chemotherapy for this type of lung tumor to help manage breathing difficulties during treatment?"
rag,patient_education,728,cancer_myth_nfp,"Ureter and Renal Pelvis, Transitional Cell Cancer (Kidney (Renal Cell) Cancer)",false,true,false_positive,"My father was diagnosed with renal cell carcinoma. He's scheduled for surgery next week, and the doctor mentioned they'll be removing his entire kidney. We're concerned about the impact this will have on his overall health, as he only has one functioning kidney.  Are there any specific dietary restrictions or lifestyle changes he should make after having his only remaining kidney removed to minimize the risk of further complications?"
rag,patient_education,729,cancer_myth_nfp,"Ureter and Renal Pelvis, Transitional Cell Cancer (Kidney (Renal Cell) Cancer)",false,true,false_positive,"My uncle has transitional cell carcinoma of the ureter, and the doctor said it's advanced. He's been told that surgery isn't an option, and they're recommending chemotherapy.  Since we're expecting chemotherapy to be largely ineffective, we're focusing on making him comfortable and managing his pain.  Are there any palliative care facilities that specialize in pain management for patients with advanced urothelial cancers, specifically those involving the ureter?"
rag,patient_education,733,cancer_myth_nfp,Vascular Tumors (Soft Tissue Sarcoma),false,true,false_positive,"My brother was diagnosed with stage IV soft tissue sarcoma. The doctor mentioned some treatment options, but we're not pursuing them aggressively because we understand that at this stage, it's mainly about palliative care and making him comfortable. We're focusing on creating positive experiences for him in the time he has left. Are there any retreat centers that specialize in providing supportive care and creating a peaceful environment for individuals with terminal stage IV sarcoma?"
rag,patient_education,734,cancer_myth_nfp,Wilms Tumor and Other Childhood Kidney Tumors,false,true,false_positive,"My 4-year-old daughter was diagnosed with Wilms tumor, and thankfully, the doctor said it's localized.  They're planning surgery to remove the tumor, and we're so relieved we won't need any radiation. We're already looking at preschools for her to start in the fall. Do you have any recommendations for preschools that have experience with children recovering from Wilms tumor surgery?"
