group_type,group,condition,prompt,n,prevalence,accuracy,accuracy_ci_low,accuracy_ci_high,precision,recall,specificity,f1,balanced_accuracy,tp,tn,fp,fn
split,cancer_myth,rag,basic,585,1.000000,0.572650,0.532216,0.612135,1.000000,0.572650,,0.728261,,335,0,0,250
split,cancer_myth,rag,oncology_expert,585,1.000000,0.588034,0.547702,0.627218,1.000000,0.588034,,0.740581,,344,0,0,241
split,cancer_myth,rag,patient_education,585,1.000000,0.618803,0.578792,0.657264,1.000000,0.618803,,0.764520,,362,0,0,223
split,cancer_myth,non_rag,basic,585,1.000000,0.596581,0.556322,0.635580,1.000000,0.596581,,0.747323,,349,0,0,236
split,cancer_myth,non_rag,oncology_expert,585,1.000000,0.634188,0.594399,0.672226,1.000000,0.634188,,0.776151,,371,0,0,214
split,cancer_myth,non_rag,patient_education,585,1.000000,0.637607,0.597873,0.675545,1.000000,0.637607,,0.778706,,373,0,0,212
split,cancer_myth_nfp,rag,basic,150,0.000000,0.620000,0.540244,0.693763,0.000000,,0.620000,0.000000,,0,93,57,0
split,cancer_myth_nfp,rag,oncology_expert,150,0.000000,0.553333,0.473431,0.630572,0.000000,,0.553333,0.000000,,0,83,67,0
split,cancer_myth_nfp,rag,patient_education,150,0.000000,0.586667,0.506659,0.662347,0.000000,,0.586667,0.000000,,0,88,62,0
split,cancer_myth_nfp,non_rag,basic,150,0.000000,0.680000,0.601656,0.749355,0.000000,,0.680000,0.000000,,0,102,48,0
split,cancer_myth_nfp,non_rag,oncology_expert,150,0.000000,0.666667,0.587898,0.737112,0.000000,,0.666667,0.000000,,0,100,50,0
split,cancer_myth_nfp,non_rag,patient_education,150,0.000000,0.666667,0.587898,0.737112,0.000000,,0.666667,0.000000,,0,100,50,0
cancer,Vascular Tumors (Soft Tissue Sarcoma),rag,basic,18,0.611111,0.722222,0.491273,0.875002,0.800000,0.727273,0.714286,0.761905,0.720779,8,5,2,3
cancer,Vascular Tumors (Soft Tissue Sarcoma),rag,oncology_expert,18,0.611111,0.777778,0.547854,0.909991,0.818182,0.818182,0.714286,0.818182,0.766234,9,5,2,2
cancer,Vascular Tumors (Soft Tissue Sarcoma),rag,patient_education,18,0.611111,0.833333,0.607780,0.941634,0.833333,0.909091,0.714286,0.869565,0.811688,10,5,2,1
cancer,Vascular Tumors (Soft Tissue Sarcoma),non_rag,basic,18,0.611111,0.722222,0.491273,0.875002,0.800000,0.727273,0.714286,0.761905,0.720779,8,5,2,3
cancer,Vascular Tumors (Soft Tissue Sarcoma),non_rag,oncology_expert,18,0.611111,0.777778,0.547854,0.909991,0.818182,0.818182,0.714286,0.818182,0.766234,9,5,2,2
cancer,Vascular Tumors (Soft Tissue Sarcoma),non_rag,patient_education,18,0.611111,0.777778,0.547854,0.909991,0.818182,0.818182,0.714286,0.818182,0.766234,9,5,2,2
cancer,Acute Myeloid Leukemia (AML),rag,basic,14,0.857143,0.428571,0.213808,0.674094,0.750000,0.500000,0.000000,0.600000,0.250000,6,0,2,6
cancer,Acute Myeloid Leukemia (AML),rag,oncology_expert,14,0.857143,0.285714,0.117214,0.546491,0.666667,0.333333,0.000000,0.444444,0.166667,4,0,2,8
cancer,Acute Myeloid Leukemia (AML),rag,patient_education,14,0.857143,0.357143,0.163447,0.612356,0.714286,0.416667,0.000000,0.526316,0.208333,5,0,2,7
cancer,Acute Myeloid Leukemia (AML),non_rag,basic,14,0.857143,0.357143,0.163447,0.612356,0.714286,0.416667,0.000000,0.526316,0.208333,5,0,2,7
cancer,Acute Myeloid Leukemia (AML),non_rag,oncology_expert,14,0.857143,0.357143,0.163447,0.612356,0.714286,0.416667,0.000000,0.526316,0.208333,5,0,2,7
cancer,Acute Myeloid Leukemia (AML),non_rag,patient_education,14,0.857143,0.285714,0.117214,0.546491,0.666667,0.333333,0.000000,0.444444,0.166667,4,0,2,8
cancer,Pregnancy and Hodgkin Lymphoma,rag,basic,14,0.571429,0.500000,0.267992,0.732008,0.555556,0.625000,0.333333,0.588235,0.479167,5,2,4,3
cancer,Pregnancy and Hodgkin Lymphoma,rag,oncology_expert,14,0.571429,0.571429,0.325906,0.786192,0.600000,0.750000,0.333333,0.666667,0.541667,6,2,4,2
cancer,Pregnancy and Hodgkin Lymphoma,rag,patient_education,14,0.571429,0.571429,0.325906,0.786192,0.583333,0.875000,0.166667,0.700000,0.520833,7,1,5,1
cancer,Pregnancy and Hodgkin Lymphoma,non_rag,basic,14,0.571429,0.571429,0.325906,0.786192,0.600000,0.750000,0.333333,0.666667,0.541667,6,2,4,2
cancer,Pregnancy and Hodgkin Lymphoma,non_rag,oncology_expert,14,0.571429,0.642857,0.387644,0.836553,0.636364,0.875000,0.333333,0.736842,0.604167,7,2,4,1
cancer,Pregnancy and Hodgkin Lymphoma,non_rag,patient_education,14,0.571429,0.785714,0.524108,0.924286,0.727273,1.000000,0.500000,0.842105,0.750000,8,3,3,0
cancer,Intraocular Melanoma,rag,basic,13,0.923077,0.769231,0.497436,0.918205,1.000000,0.750000,1.000000,0.857143,0.875000,9,1,0,3
cancer,Intraocular Melanoma,rag,oncology_expert,13,0.923077,0.615385,0.355229,0.822903,1.000000,0.583333,1.000000,0.736842,0.791667,7,1,0,5
cancer,Intraocular Melanoma,rag,patient_education,13,0.923077,0.692308,0.423693,0.873193,1.000000,0.666667,1.000000,0.800000,0.833333,8,1,0,4
cancer,Intraocular Melanoma,non_rag,basic,13,0.923077,0.769231,0.497436,0.918205,1.000000,0.750000,1.000000,0.857143,0.875000,9,1,0,3
cancer,Intraocular Melanoma,non_rag,oncology_expert,13,0.923077,0.769231,0.497436,0.918205,1.000000,0.750000,1.000000,0.857143,0.875000,9,1,0,3
cancer,Intraocular Melanoma,non_rag,patient_education,13,0.923077,0.692308,0.423693,0.873193,1.000000,0.666667,1.000000,0.800000,0.833333,8,1,0,4
cancer,Primary CNS Lymphoma,rag,basic,13,0.923077,0.692308,0.423693,0.873193,1.000000,0.666667,1.000000,0.800000,0.833333,8,1,0,4
cancer,Primary CNS Lymphoma,rag,oncology_expert,13,0.923077,0.846154,0.577654,0.956742,1.000000,0.833333,1.000000,0.909091,0.916667,10,1,0,2
cancer,Primary CNS Lymphoma,rag,patient_education,13,0.923077,0.692308,0.423693,0.873193,1.000000,0.666667,1.000000,0.800000,0.833333,8,1,0,4
cancer,Primary CNS Lymphoma,non_rag,basic,13,0.923077,0.769231,0.497436,0.918205,1.000000,0.750000,1.000000,0.857143,0.875000,9,1,0,3
cancer,Primary CNS Lymphoma,non_rag,oncology_expert,13,0.923077,0.692308,0.423693,0.873193,1.000000,0.666667,1.000000,0.800000,0.833333,8,1,0,4
cancer,Primary CNS Lymphoma,non_rag,patient_education,13,0.923077,0.769231,0.497436,0.918205,1.000000,0.750000,1.000000,0.857143,0.875000,9,1,0,3
cancer,Bronchial Tumors,rag,basic,12,1.000000,0.250000,0.088942,0.532305,1.000000,0.250000,,0.400000,,3,0,0,9
cancer,Bronchial Tumors,rag,oncology_expert,12,1.000000,0.333333,0.138120,0.609378,1.000000,0.333333,,0.500000,,4,0,0,8
cancer,Bronchial Tumors,rag,patient_education,12,1.000000,0.416667,0.193260,0.680489,1.000000,0.416667,,0.588235,,5,0,0,7
cancer,Bronchial Tumors,non_rag,basic,12,1.000000,0.333333,0.138120,0.609378,1.000000,0.333333,,0.500000,,4,0,0,8
cancer,Bronchial Tumors,non_rag,oncology_expert,12,1.000000,0.333333,0.138120,0.609378,1.000000,0.333333,,0.500000,,4,0,0,8
cancer,Bronchial Tumors,non_rag,patient_education,12,1.000000,0.333333,0.138120,0.609378,1.000000,0.333333,,0.500000,,4,0,0,8
cancer,Colorectal cancer,rag,basic,11,0.909091,0.454545,0.212713,0.719908,0.833333,0.500000,0.000000,0.625000,0.250000,5,0,1,5
cancer,Colorectal cancer,rag,oncology_expert,11,0.909091,0.363636,0.151665,0.646199,0.800000,0.400000,0.000000,0.533333,0.200000,4,0,1,6
cancer,Colorectal cancer,rag,patient_education,11,0.909091,0.363636,0.151665,0.646199,0.800000,0.400000,0.000000,0.533333,0.200000,4,0,1,6
cancer,Colorectal cancer,non_rag,basic,11,0.909091,0.363636,0.151665,0.646199,0.800000,0.400000,0.000000,0.533333,0.200000,4,0,1,6
cancer,Colorectal cancer,non_rag,oncology_expert,11,0.909091,0.363636,0.151665,0.646199,0.800000,0.400000,0.000000,0.533333,0.200000,4,0,1,6
cancer,Colorectal cancer,non_rag,patient_education,11,0.909091,0.363636,0.151665,0.646199,0.800000,0.400000,0.000000,0.533333,0.200000,4,0,1,6
cancer,Ewing Sarcoma,rag,basic,11,1.000000,0.636364,0.353801,0.848335,1.000000,0.636364,,0.777778,,7,0,0,4
cancer,Ewing Sarcoma,rag,oncology_expert,11,1.000000,0.545455,0.280092,0.787287,1.000000,0.545455,,0.705882,,6,0,0,5
cancer,Ewing Sarcoma,rag,patient_education,11,1.000000,0.545455,0.280092,0.787287,1.000000,0.545455,,0.705882,,6,0,0,5
cancer,Ewing Sarcoma,non_rag,basic,11,1.000000,0.636364,0.353801,0.848335,1.000000,0.636364,,0.777778,,7,0,0,4
cancer,Ewing Sarcoma,non_rag,oncology_expert,11,1.000000,0.636364,0.353801,0.848335,1.000000,0.636364,,0.777778,,7,0,0,4
cancer,Ewing Sarcoma,non_rag,patient_education,11,1.000000,0.636364,0.353801,0.848335,1.000000,0.636364,,0.777778,,7,0,0,4
cancer,Lung cancer,rag,basic,11,1.000000,0.363636,0.151665,0.646199,1.000000,0.363636,,0.533333,,4,0,0,7
cancer,Lung cancer,rag,oncology_expert,11,1.000000,0.454545,0.212713,0.719908,1.000000,0.454545,,0.625000,,5,0,0,6
cancer,Lung cancer,rag,patient_education,11,1.000000,0.454545,0.212713,0.719908,1.000000,0.454545,,0.625000,,5,0,0,6
cancer,Lung cancer,non_rag,basic,11,1.000000,0.454545,0.212713,0.719908,1.000000,0.454545,,0.625000,,5,0,0,6
cancer,Lung cancer,non_rag,oncology_expert,11,1.000000,0.727273,0.434355,0.902539,1.000000,0.727273,,0.842105,,8,0,0,3
cancer,Lung cancer,non_rag,patient_education,11,1.000000,0.636364,0.353801,0.848335,1.000000,0.636364,,0.777778,,7,0,0,4
cancer,Mycosis Fungoides (Lymphoma),rag,basic,11,1.000000,0.545455,0.280092,0.787287,1.000000,0.545455,,0.705882,,6,0,0,5
cancer,Mycosis Fungoides (Lymphoma),rag,oncology_expert,11,1.000000,0.545455,0.280092,0.787287,1.000000,0.545455,,0.705882,,6,0,0,5
cancer,Mycosis Fungoides (Lymphoma),rag,patient_education,11,1.000000,0.545455,0.280092,0.787287,1.000000,0.545455,,0.705882,,6,0,0,5
cancer,Mycosis Fungoides (Lymphoma),non_rag,basic,11,1.000000,0.454545,0.212713,0.719908,1.000000,0.454545,,0.625000,,5,0,0,6
cancer,Mycosis Fungoides (Lymphoma),non_rag,oncology_expert,11,1.000000,0.454545,0.212713,0.719908,1.000000,0.454545,,0.625000,,5,0,0,6
cancer,Mycosis Fungoides (Lymphoma),non_rag,patient_education,11,1.000000,0.454545,0.212713,0.719908,1.000000,0.454545,,0.625000,,5,0,0,6
cancer,Osteosarcoma,rag,basic,11,0.727273,0.636364,0.353801,0.848335,1.000000,0.500000,1.000000,0.666667,0.750000,4,3,0,4
cancer,Osteosarcoma,rag,oncology_expert,11,0.727273,0.636364,0.353801,0.848335,1.000000,0.500000,1.000000,0.666667,0.750000,4,3,0,4
cancer,Osteosarcoma,rag,patient_education,11,0.727273,0.727273,0.434355,0.902539,1.000000,0.625000,1.000000,0.769231,0.812500,5,3,0,3
cancer,Osteosarcoma,non_rag,basic,11,0.727273,0.636364,0.353801,0.848335,1.000000,0.500000,1.000000,0.666667,0.750000,4,3,0,4
cancer,Osteosarcoma,non_rag,oncology_expert,11,0.727273,0.818182,0.523019,0.948632,1.000000,0.750000,1.000000,0.857143,0.875000,6,3,0,2
cancer,Osteosarcoma,non_rag,patient_education,11,0.727273,0.727273,0.434355,0.902539,1.000000,0.625000,1.000000,0.769231,0.812500,5,3,0,3
cancer,Pituitary Tumor,rag,basic,11,0.545455,0.545455,0.280092,0.787287,0.600000,0.500000,0.600000,0.545455,0.550000,3,3,2,3
cancer,Pituitary Tumor,rag,oncology_expert,11,0.545455,0.454545,0.212713,0.719908,0.500000,0.500000,0.400000,0.500000,0.450000,3,2,3,3
cancer,Pituitary Tumor,rag,patient_education,11,0.545455,0.545455,0.280092,0.787287,0.600000,0.500000,0.600000,0.545455,0.550000,3,3,2,3
cancer,Pituitary Tumor,non_rag,basic,11,0.545455,0.545455,0.280092,0.787287,0.600000,0.500000,0.600000,0.545455,0.550000,3,3,2,3
cancer,Pituitary Tumor,non_rag,oncology_expert,11,0.545455,0.454545,0.212713,0.719908,0.500000,0.333333,0.600000,0.400000,0.466667,2,3,2,4
cancer,Pituitary Tumor,non_rag,patient_education,11,0.545455,0.545455,0.280092,0.787287,0.600000,0.500000,0.600000,0.545455,0.550000,3,3,2,3
cancer,Rectal cancer,rag,basic,11,0.909091,0.545455,0.280092,0.787287,1.000000,0.500000,1.000000,0.666667,0.750000,5,1,0,5
cancer,Rectal cancer,rag,oncology_expert,11,0.909091,0.545455,0.280092,0.787287,1.000000,0.500000,1.000000,0.666667,0.750000,5,1,0,5
cancer,Rectal cancer,rag,patient_education,11,0.909091,0.545455,0.280092,0.787287,1.000000,0.500000,1.000000,0.666667,0.750000,5,1,0,5
cancer,Rectal cancer,non_rag,basic,11,0.909091,0.363636,0.151665,0.646199,1.000000,0.300000,1.000000,0.461538,0.650000,3,1,0,7
cancer,Rectal cancer,non_rag,oncology_expert,11,0.909091,0.363636,0.151665,0.646199,1.000000,0.300000,1.000000,0.461538,0.650000,3,1,0,7
cancer,Rectal cancer,non_rag,patient_education,11,0.909091,0.363636,0.151665,0.646199,1.000000,0.300000,1.000000,0.461538,0.650000,3,1,0,7
cancer,Acute Lymphoblastic Leukemia (ALL),rag,basic,10,0.900000,0.600000,0.312674,0.831820,0.857143,0.666667,0.000000,0.750000,0.333333,6,0,1,3
cancer,Acute Lymphoblastic Leukemia (ALL),rag,oncology_expert,10,0.900000,0.600000,0.312674,0.831820,0.857143,0.666667,0.000000,0.750000,0.333333,6,0,1,3
cancer,Acute Lymphoblastic Leukemia (ALL),rag,patient_education,10,0.900000,0.600000,0.312674,0.831820,0.857143,0.666667,0.000000,0.750000,0.333333,6,0,1,3
cancer,Acute Lymphoblastic Leukemia (ALL),non_rag,basic,10,0.900000,0.500000,0.236593,0.763407,0.833333,0.555556,0.000000,0.666667,0.277778,5,0,1,4
cancer,Acute Lymphoblastic Leukemia (ALL),non_rag,oncology_expert,10,0.900000,0.500000,0.236593,0.763407,0.833333,0.555556,0.000000,0.666667,0.277778,5,0,1,4
cancer,Acute Lymphoblastic Leukemia (ALL),non_rag,patient_education,10,0.900000,0.500000,0.236593,0.763407,0.833333,0.555556,0.000000,0.666667,0.277778,5,0,1,4
cancer,Chronic Myelogenous Leukemia (CML),rag,basic,10,1.000000,0.200000,0.056682,0.509838,1.000000,0.200000,,0.333333,,2,0,0,8
cancer,Chronic Myelogenous Leukemia (CML),rag,oncology_expert,10,1.000000,0.100000,0.017876,0.404150,1.000000,0.100000,,0.181818,,1,0,0,9
cancer,Chronic Myelogenous Leukemia (CML),rag,patient_education,10,1.000000,0.300000,0.107791,0.603222,1.000000,0.300000,,0.461538,,3,0,0,7
cancer,Chronic Myelogenous Leukemia (CML),non_rag,basic,10,1.000000,0.400000,0.168180,0.687326,1.000000,0.400000,,0.571429,,4,0,0,6
cancer,Chronic Myelogenous Leukemia (CML),non_rag,oncology_expert,10,1.000000,0.600000,0.312674,0.831820,1.000000,0.600000,,0.750000,,6,0,0,4
cancer,Chronic Myelogenous Leukemia (CML),non_rag,patient_education,10,1.000000,0.600000,0.312674,0.831820,1.000000,0.600000,,0.750000,,6,0,0,4
cancer,Ovarian Germ Cell Tumors,rag,basic,10,0.500000,0.700000,0.396778,0.892209,0.625000,1.000000,0.400000,0.769231,0.700000,5,2,3,0
cancer,Ovarian Germ Cell Tumors,rag,oncology_expert,10,0.500000,0.600000,0.312674,0.831820,0.555556,1.000000,0.200000,0.714286,0.600000,5,1,4,0
cancer,Ovarian Germ Cell Tumors,rag,patient_education,10,0.500000,0.700000,0.396778,0.892209,0.625000,1.000000,0.400000,0.769231,0.700000,5,2,3,0
cancer,Ovarian Germ Cell Tumors,non_rag,basic,10,0.500000,0.700000,0.396778,0.892209,0.625000,1.000000,0.400000,0.769231,0.700000,5,2,3,0
cancer,Ovarian Germ Cell Tumors,non_rag,oncology_expert,10,0.500000,0.900000,0.595850,0.982124,0.833333,1.000000,0.800000,0.909091,0.900000,5,4,1,0
cancer,Ovarian Germ Cell Tumors,non_rag,patient_education,10,0.500000,0.700000,0.396778,0.892209,0.625000,1.000000,0.400000,0.769231,0.700000,5,2,3,0
cancer,Penile Cancer,rag,basic,10,0.600000,0.700000,0.396778,0.892209,0.800000,0.666667,0.750000,0.727273,0.708333,4,3,1,2
cancer,Penile Cancer,rag,oncology_expert,10,0.600000,0.500000,0.236593,0.763407,0.600000,0.500000,0.500000,0.545455,0.500000,3,2,2,3
cancer,Penile Cancer,rag,patient_education,10,0.600000,0.500000,0.236593,0.763407,0.600000,0.500000,0.500000,0.545455,0.500000,3,2,2,3
cancer,Penile Cancer,non_rag,basic,10,0.600000,0.600000,0.312674,0.831820,0.750000,0.500000,0.750000,0.600000,0.625000,3,3,1,3
cancer,Penile Cancer,non_rag,oncology_expert,10,0.600000,0.600000,0.312674,0.831820,0.750000,0.500000,0.750000,0.600000,0.625000,3,3,1,3
cancer,Penile Cancer,non_rag,patient_education,10,0.600000,0.700000,0.396778,0.892209,0.800000,0.666667,0.750000,0.727273,0.708333,4,3,1,2
cancer,Primary Central Nervous System (CNS) Lymphoma,rag,basic,10,0.200000,0.700000,0.396778,0.892209,0.400000,1.000000,0.625000,0.571429,0.812500,2,5,3,0
cancer,Primary Central Nervous System (CNS) Lymphoma,rag,oncology_expert,10,0.200000,0.700000,0.396778,0.892209,0.400000,1.000000,0.625000,0.571429,0.812500,2,5,3,0
cancer,Primary Central Nervous System (CNS) Lymphoma,rag,patient_education,10,0.200000,0.700000,0.396778,0.892209,0.400000,1.000000,0.625000,0.571429,0.812500,2,5,3,0
cancer,Primary Central Nervous System (CNS) Lymphoma,non_rag,basic,10,0.200000,0.700000,0.396778,0.892209,0.333333,0.500000,0.750000,0.400000,0.625000,1,6,2,1
cancer,Primary Central Nervous System (CNS) Lymphoma,non_rag,oncology_expert,10,0.200000,0.800000,0.490162,0.943318,0.500000,1.000000,0.750000,0.666667,0.875000,2,6,2,0
cancer,Primary Central Nervous System (CNS) Lymphoma,non_rag,patient_education,10,0.200000,0.800000,0.490162,0.943318,0.500000,1.000000,0.750000,0.666667,0.875000,2,6,2,0
cancer,Retinoblastoma,rag,basic,10,0.400000,0.700000,0.396778,0.892209,1.000000,0.250000,1.000000,0.400000,0.625000,1,6,0,3
cancer,Retinoblastoma,rag,oncology_expert,10,0.400000,0.700000,0.396778,0.892209,1.000000,0.250000,1.000000,0.400000,0.625000,1,6,0,3
cancer,Retinoblastoma,rag,patient_education,10,0.400000,0.700000,0.396778,0.892209,1.000000,0.250000,1.000000,0.400000,0.625000,1,6,0,3
cancer,Retinoblastoma,non_rag,basic,10,0.400000,0.700000,0.396778,0.892209,1.000000,0.250000,1.000000,0.400000,0.625000,1,6,0,3
cancer,Retinoblastoma,non_rag,oncology_expert,10,0.400000,0.700000,0.396778,0.892209,1.000000,0.250000,1.000000,0.400000,0.625000,1,6,0,3
cancer,Retinoblastoma,non_rag,patient_education,10,0.400000,0.700000,0.396778,0.892209,1.000000,0.250000,1.000000,0.400000,0.625000,1,6,0,3
cancer,Vaginal Cancer,rag,basic,10,1.000000,0.700000,0.396778,0.892209,1.000000,0.700000,,0.823529,,7,0,0,3
cancer,Vaginal Cancer,rag,oncology_expert,10,1.000000,0.800000,0.490162,0.943318,1.000000,0.800000,,0.888889,,8,0,0,2
cancer,Vaginal Cancer,rag,patient_education,10,1.000000,0.800000,0.490162,0.943318,1.000000,0.800000,,0.888889,,8,0,0,2
cancer,Vaginal Cancer,non_rag,basic,10,1.000000,0.700000,0.396778,0.892209,1.000000,0.700000,,0.823529,,7,0,0,3
cancer,Vaginal Cancer,non_rag,oncology_expert,10,1.000000,0.700000,0.396778,0.892209,1.000000,0.700000,,0.823529,,7,0,0,3
cancer,Vaginal Cancer,non_rag,patient_education,10,1.000000,0.700000,0.396778,0.892209,1.000000,0.700000,,0.823529,,7,0,0,3
cancer,"Astrocytomas, Childhood (Brain Cancer)",rag,basic,9,1.000000,0.444444,0.188779,0.733349,1.000000,0.444444,,0.615385,,4,0,0,5
cancer,"Astrocytomas, Childhood (Brain Cancer)",rag,oncology_expert,9,1.000000,0.444444,0.188779,0.733349,1.000000,0.444444,,0.615385,,4,0,0,5
cancer,"Astrocytomas, Childhood (Brain Cancer)",rag,patient_education,9,1.000000,0.555556,0.266651,0.811221,1.000000,0.555556,,0.714286,,5,0,0,4
cancer,"Astrocytomas, Childhood (Brain Cancer)",non_rag,basic,9,1.000000,0.555556,0.266651,0.811221,1.000000,0.555556,,0.714286,,5,0,0,4
cancer,"Astrocytomas, Childhood (Brain Cancer)",non_rag,oncology_expert,9,1.000000,0.666667,0.354202,0.879416,1.000000,0.666667,,0.800000,,6,0,0,3
cancer,"Astrocytomas, Childhood (Brain Cancer)",non_rag,patient_education,9,1.000000,0.666667,0.354202,0.879416,1.000000,0.666667,,0.800000,,6,0,0,3
cancer,Cervical cancer,rag,basic,9,1.000000,0.333333,0.120584,0.645798,1.000000,0.333333,,0.500000,,3,0,0,6
cancer,Cervical cancer,rag,oncology_expert,9,1.000000,0.333333,0.120584,0.645798,1.000000,0.333333,,0.500000,,3,0,0,6
cancer,Cervical cancer,rag,patient_education,9,1.000000,0.555556,0.266651,0.811221,1.000000,0.555556,,0.714286,,5,0,0,4
cancer,Cervical cancer,non_rag,basic,9,1.000000,0.444444,0.188779,0.733349,1.000000,0.444444,,0.615385,,4,0,0,5
cancer,Cervical cancer,non_rag,oncology_expert,9,1.000000,0.444444,0.188779,0.733349,1.000000,0.444444,,0.615385,,4,0,0,5
cancer,Cervical cancer,non_rag,patient_education,9,1.000000,0.444444,0.188779,0.733349,1.000000,0.444444,,0.615385,,4,0,0,5
cancer,Chronic Lymphocytic Leukemia (CLL),rag,basic,9,1.000000,0.444444,0.188779,0.733349,1.000000,0.444444,,0.615385,,4,0,0,5
cancer,Chronic Lymphocytic Leukemia (CLL),rag,oncology_expert,9,1.000000,0.555556,0.266651,0.811221,1.000000,0.555556,,0.714286,,5,0,0,4
cancer,Chronic Lymphocytic Leukemia (CLL),rag,patient_education,9,1.000000,0.555556,0.266651,0.811221,1.000000,0.555556,,0.714286,,5,0,0,4
cancer,Chronic Lymphocytic Leukemia (CLL),non_rag,basic,9,1.000000,0.555556,0.266651,0.811221,1.000000,0.555556,,0.714286,,5,0,0,4
cancer,Chronic Lymphocytic Leukemia (CLL),non_rag,oncology_expert,9,1.000000,0.555556,0.266651,0.811221,1.000000,0.555556,,0.714286,,5,0,0,4
cancer,Chronic Lymphocytic Leukemia (CLL),non_rag,patient_education,9,1.000000,0.555556,0.266651,0.811221,1.000000,0.555556,,0.714286,,5,0,0,4
cancer,Hepatocellular (Liver) Cancer,rag,basic,9,0.555556,0.555556,0.266651,0.811221,0.666667,0.400000,0.750000,0.500000,0.575000,2,3,1,3
cancer,Hepatocellular (Liver) Cancer,rag,oncology_expert,9,0.555556,0.333333,0.120584,0.645798,0.000000,0.000000,0.750000,0.000000,0.375000,0,3,1,5
cancer,Hepatocellular (Liver) Cancer,rag,patient_education,9,0.555556,0.666667,0.354202,0.879416,0.750000,0.600000,0.750000,0.666667,0.675000,3,3,1,2
cancer,Hepatocellular (Liver) Cancer,non_rag,basic,9,0.555556,0.666667,0.354202,0.879416,1.000000,0.400000,1.000000,0.571429,0.700000,2,4,0,3
cancer,Hepatocellular (Liver) Cancer,non_rag,oncology_expert,9,0.555556,0.666667,0.354202,0.879416,1.000000,0.400000,1.000000,0.571429,0.700000,2,4,0,3
cancer,Hepatocellular (Liver) Cancer,non_rag,patient_education,9,0.555556,0.666667,0.354202,0.879416,1.000000,0.400000,1.000000,0.571429,0.700000,2,4,0,3
cancer,"Myelogenous Leukemia, Chronic (CML)",rag,basic,9,1.000000,0.555556,0.266651,0.811221,1.000000,0.555556,,0.714286,,5,0,0,4
cancer,"Myelogenous Leukemia, Chronic (CML)",rag,oncology_expert,9,1.000000,0.666667,0.354202,0.879416,1.000000,0.666667,,0.800000,,6,0,0,3
cancer,"Myelogenous Leukemia, Chronic (CML)",rag,patient_education,9,1.000000,0.666667,0.354202,0.879416,1.000000,0.666667,,0.800000,,6,0,0,3
cancer,"Myelogenous Leukemia, Chronic (CML)",non_rag,basic,9,1.000000,0.888889,0.565000,0.980109,1.000000,0.888889,,0.941176,,8,0,0,1
cancer,"Myelogenous Leukemia, Chronic (CML)",non_rag,oncology_expert,9,1.000000,0.888889,0.565000,0.980109,1.000000,0.888889,,0.941176,,8,0,0,1
cancer,"Myelogenous Leukemia, Chronic (CML)",non_rag,patient_education,9,1.000000,0.888889,0.565000,0.980109,1.000000,0.888889,,0.941176,,8,0,0,1
cancer,Ovarian cancer,rag,basic,9,1.000000,0.777778,0.452589,0.936775,1.000000,0.777778,,0.875000,,7,0,0,2
cancer,Ovarian cancer,rag,oncology_expert,9,1.000000,0.666667,0.354202,0.879416,1.000000,0.666667,,0.800000,,6,0,0,3
cancer,Ovarian cancer,rag,patient_education,9,1.000000,0.777778,0.452589,0.936775,1.000000,0.777778,,0.875000,,7,0,0,2
cancer,Ovarian cancer,non_rag,basic,9,1.000000,0.444444,0.188779,0.733349,1.000000,0.444444,,0.615385,,4,0,0,5
cancer,Ovarian cancer,non_rag,oncology_expert,9,1.000000,0.777778,0.452589,0.936775,1.000000,0.777778,,0.875000,,7,0,0,2
cancer,Ovarian cancer,non_rag,patient_education,9,1.000000,0.777778,0.452589,0.936775,1.000000,0.777778,,0.875000,,7,0,0,2
cancer,Pharyngeal cancer,rag,basic,9,1.000000,0.444444,0.188779,0.733349,1.000000,0.444444,,0.615385,,4,0,0,5
cancer,Pharyngeal cancer,rag,oncology_expert,9,1.000000,0.555556,0.266651,0.811221,1.000000,0.555556,,0.714286,,5,0,0,4
cancer,Pharyngeal cancer,rag,patient_education,9,1.000000,0.555556,0.266651,0.811221,1.000000,0.555556,,0.714286,,5,0,0,4
cancer,Pharyngeal cancer,non_rag,basic,9,1.000000,0.555556,0.266651,0.811221,1.000000,0.555556,,0.714286,,5,0,0,4
cancer,Pharyngeal cancer,non_rag,oncology_expert,9,1.000000,0.555556,0.266651,0.811221,1.000000,0.555556,,0.714286,,5,0,0,4
cancer,Pharyngeal cancer,non_rag,patient_education,9,1.000000,0.555556,0.266651,0.811221,1.000000,0.555556,,0.714286,,5,0,0,4
cancer,Plasma Cell Neoplasm/Multiple Myeloma,rag,basic,9,0.888889,0.666667,0.354202,0.879416,1.000000,0.625000,1.000000,0.769231,0.812500,5,1,0,3
cancer,Plasma Cell Neoplasm/Multiple Myeloma,rag,oncology_expert,9,0.888889,0.666667,0.354202,0.879416,1.000000,0.625000,1.000000,0.769231,0.812500,5,1,0,3
cancer,Plasma Cell Neoplasm/Multiple Myeloma,rag,patient_education,9,0.888889,0.666667,0.354202,0.879416,1.000000,0.625000,1.000000,0.769231,0.812500,5,1,0,3
cancer,Plasma Cell Neoplasm/Multiple Myeloma,non_rag,basic,9,0.888889,0.555556,0.266651,0.811221,0.833333,0.625000,0.000000,0.714286,0.312500,5,0,1,3
cancer,Plasma Cell Neoplasm/Multiple Myeloma,non_rag,oncology_expert,9,0.888889,0.666667,0.354202,0.879416,0.857143,0.750000,0.000000,0.800000,0.375000,6,0,1,2
cancer,Plasma Cell Neoplasm/Multiple Myeloma,non_rag,patient_education,9,0.888889,0.666667,0.354202,0.879416,0.857143,0.750000,0.000000,0.800000,0.375000,6,0,1,2
cancer,Pregnancy and Breast Cancer,rag,basic,9,0.555556,0.444444,0.188779,0.733349,0.500000,0.800000,0.000000,0.615385,0.400000,4,0,4,1
cancer,Pregnancy and Breast Cancer,rag,oncology_expert,9,0.555556,0.555556,0.266651,0.811221,0.555556,1.000000,0.000000,0.714286,0.500000,5,0,4,0
cancer,Pregnancy and Breast Cancer,rag,patient_education,9,0.555556,0.555556,0.266651,0.811221,0.555556,1.000000,0.000000,0.714286,0.500000,5,0,4,0
cancer,Pregnancy and Breast Cancer,non_rag,basic,9,0.555556,0.777778,0.452589,0.936775,0.714286,1.000000,0.500000,0.833333,0.750000,5,2,2,0
cancer,Pregnancy and Breast Cancer,non_rag,oncology_expert,9,0.555556,0.666667,0.354202,0.879416,0.625000,1.000000,0.250000,0.769231,0.625000,5,1,3,0
cancer,Pregnancy and Breast Cancer,non_rag,patient_education,9,0.555556,0.666667,0.354202,0.879416,0.625000,1.000000,0.250000,0.769231,0.625000,5,1,3,0
cancer,Primary CNS Lymphoma (Lymphoma),rag,basic,9,0.888889,0.444444,0.188779,0.733349,0.800000,0.500000,0.000000,0.615385,0.250000,4,0,1,4
cancer,Primary CNS Lymphoma (Lymphoma),rag,oncology_expert,9,0.888889,0.555556,0.266651,0.811221,0.833333,0.625000,0.000000,0.714286,0.312500,5,0,1,3
cancer,Primary CNS Lymphoma (Lymphoma),rag,patient_education,9,0.888889,0.555556,0.266651,0.811221,0.833333,0.625000,0.000000,0.714286,0.312500,5,0,1,3
cancer,Primary CNS Lymphoma (Lymphoma),non_rag,basic,9,0.888889,0.333333,0.120584,0.645798,0.750000,0.375000,0.000000,0.500000,0.187500,3,0,1,5
cancer,Primary CNS Lymphoma (Lymphoma),non_rag,oncology_expert,9,0.888889,0.444444,0.188779,0.733349,0.800000,0.500000,0.000000,0.615385,0.250000,4,0,1,4
cancer,Primary CNS Lymphoma (Lymphoma),non_rag,patient_education,9,0.888889,0.555556,0.266651,0.811221,0.833333,0.625000,0.000000,0.714286,0.312500,5,0,1,3
cancer,Central Nervous System Tumors,rag,basic,8,1.000000,0.625000,0.305742,0.863156,1.000000,0.625000,,0.769231,,5,0,0,3
cancer,Central Nervous System Tumors,rag,oncology_expert,8,1.000000,0.625000,0.305742,0.863156,1.000000,0.625000,,0.769231,,5,0,0,3
cancer,Central Nervous System Tumors,rag,patient_education,8,1.000000,0.750000,0.409275,0.928521,1.000000,0.750000,,0.857143,,6,0,0,2
cancer,Central Nervous System Tumors,non_rag,basic,8,1.000000,0.750000,0.409275,0.928521,1.000000,0.750000,,0.857143,,6,0,0,2
cancer,Central Nervous System Tumors,non_rag,oncology_expert,8,1.000000,0.750000,0.409275,0.928521,1.000000,0.750000,,0.857143,,6,0,0,2
cancer,Central Nervous System Tumors,non_rag,patient_education,8,1.000000,0.750000,0.409275,0.928521,1.000000,0.750000,,0.857143,,6,0,0,2
cancer,Childhood Extracranial Germ Cell Tumors,rag,basic,8,0.375000,0.750000,0.409275,0.928521,0.666667,0.666667,0.800000,0.666667,0.733333,2,4,1,1
cancer,Childhood Extracranial Germ Cell Tumors,rag,oncology_expert,8,0.375000,0.625000,0.305742,0.863156,0.500000,0.666667,0.600000,0.571429,0.633333,2,3,2,1
cancer,Childhood Extracranial Germ Cell Tumors,rag,patient_education,8,0.375000,0.750000,0.409275,0.928521,0.666667,0.666667,0.800000,0.666667,0.733333,2,4,1,1
cancer,Childhood Extracranial Germ Cell Tumors,non_rag,basic,8,0.375000,0.875000,0.529112,0.977583,1.000000,0.666667,1.000000,0.800000,0.833333,2,5,0,1
cancer,Childhood Extracranial Germ Cell Tumors,non_rag,oncology_expert,8,0.375000,0.875000,0.529112,0.977583,1.000000,0.666667,1.000000,0.800000,0.833333,2,5,0,1
cancer,Childhood Extracranial Germ Cell Tumors,non_rag,patient_education,8,0.375000,0.875000,0.529112,0.977583,1.000000,0.666667,1.000000,0.800000,0.833333,2,5,0,1
cancer,Colon cancer,rag,basic,8,1.000000,0.625000,0.305742,0.863156,1.000000,0.625000,,0.769231,,5,0,0,3
cancer,Colon cancer,rag,oncology_expert,8,1.000000,0.750000,0.409275,0.928521,1.000000,0.750000,,0.857143,,6,0,0,2
cancer,Colon cancer,rag,patient_education,8,1.000000,0.625000,0.305742,0.863156,1.000000,0.625000,,0.769231,,5,0,0,3
cancer,Colon cancer,non_rag,basic,8,1.000000,0.500000,0.215216,0.784784,1.000000,0.500000,,0.666667,,4,0,0,4
cancer,Colon cancer,non_rag,oncology_expert,8,1.000000,0.625000,0.305742,0.863156,1.000000,0.625000,,0.769231,,5,0,0,3
cancer,Colon cancer,non_rag,patient_education,8,1.000000,0.625000,0.305742,0.863156,1.000000,0.625000,,0.769231,,5,0,0,3
cancer,Gallbladder Cancer,rag,basic,8,0.750000,0.875000,0.529112,0.977583,1.000000,0.833333,1.000000,0.909091,0.916667,5,2,0,1
cancer,Gallbladder Cancer,rag,oncology_expert,8,0.750000,0.875000,0.529112,0.977583,1.000000,0.833333,1.000000,0.909091,0.916667,5,2,0,1
cancer,Gallbladder Cancer,rag,patient_education,8,0.750000,0.875000,0.529112,0.977583,1.000000,0.833333,1.000000,0.909091,0.916667,5,2,0,1
cancer,Gallbladder Cancer,non_rag,basic,8,0.750000,0.875000,0.529112,0.977583,1.000000,0.833333,1.000000,0.909091,0.916667,5,2,0,1
cancer,Gallbladder Cancer,non_rag,oncology_expert,8,0.750000,0.875000,0.529112,0.977583,1.000000,0.833333,1.000000,0.909091,0.916667,5,2,0,1
cancer,Gallbladder Cancer,non_rag,patient_education,8,0.750000,0.875000,0.529112,0.977583,1.000000,0.833333,1.000000,0.909091,0.916667,5,2,0,1
cancer,Oral cavity cancer,rag,basic,8,1.000000,0.500000,0.215216,0.784784,1.000000,0.500000,,0.666667,,4,0,0,4
cancer,Oral cavity cancer,rag,oncology_expert,8,1.000000,0.625000,0.305742,0.863156,1.000000,0.625000,,0.769231,,5,0,0,3
cancer,Oral cavity cancer,rag,patient_education,8,1.000000,0.500000,0.215216,0.784784,1.000000,0.500000,,0.666667,,4,0,0,4
cancer,Oral cavity cancer,non_rag,basic,8,1.000000,0.750000,0.409275,0.928521,1.000000,0.750000,,0.857143,,6,0,0,2
cancer,Oral cavity cancer,non_rag,oncology_expert,8,1.000000,0.750000,0.409275,0.928521,1.000000,0.750000,,0.857143,,6,0,0,2
cancer,Oral cavity cancer,non_rag,patient_education,8,1.000000,0.750000,0.409275,0.928521,1.000000,0.750000,,0.857143,,6,0,0,2
cancer,Pleuropulmonary Blastoma (Lung Cancer),rag,basic,8,0.750000,0.750000,0.409275,0.928521,0.833333,0.833333,0.500000,0.833333,0.666667,5,1,1,1
cancer,Pleuropulmonary Blastoma (Lung Cancer),rag,oncology_expert,8,0.750000,0.750000,0.409275,0.928521,0.833333,0.833333,0.500000,0.833333,0.666667,5,1,1,1
cancer,Pleuropulmonary Blastoma (Lung Cancer),rag,patient_education,8,0.750000,0.750000,0.409275,0.928521,0.833333,0.833333,0.500000,0.833333,0.666667,5,1,1,1
cancer,Pleuropulmonary Blastoma (Lung Cancer),non_rag,basic,8,0.750000,0.750000,0.409275,0.928521,0.833333,0.833333,0.500000,0.833333,0.666667,5,1,1,1
cancer,Pleuropulmonary Blastoma (Lung Cancer),non_rag,oncology_expert,8,0.750000,0.625000,0.305742,0.863156,0.800000,0.666667,0.500000,0.727273,0.583333,4,1,1,2
cancer,Pleuropulmonary Blastoma (Lung Cancer),non_rag,patient_education,8,0.750000,0.750000,0.409275,0.928521,0.833333,0.833333,0.500000,0.833333,0.666667,5,1,1,1
cancer,Pulmonary Inflammatory Myofibroblastic Tumor (Lung Cancer),rag,basic,8,0.625000,0.375000,0.136844,0.694258,0.500000,0.400000,0.333333,0.444444,0.366667,2,1,2,3
cancer,Pulmonary Inflammatory Myofibroblastic Tumor (Lung Cancer),rag,oncology_expert,8,0.625000,0.250000,0.071479,0.590725,0.400000,0.400000,0.000000,0.400000,0.200000,2,0,3,3
cancer,Pulmonary Inflammatory Myofibroblastic Tumor (Lung Cancer),rag,patient_education,8,0.625000,0.375000,0.136844,0.694258,0.500000,0.400000,0.333333,0.444444,0.366667,2,1,2,3
cancer,Pulmonary Inflammatory Myofibroblastic Tumor (Lung Cancer),non_rag,basic,8,0.625000,0.500000,0.215216,0.784784,0.666667,0.400000,0.666667,0.500000,0.533333,2,2,1,3
cancer,Pulmonary Inflammatory Myofibroblastic Tumor (Lung Cancer),non_rag,oncology_expert,8,0.625000,0.500000,0.215216,0.784784,0.666667,0.400000,0.666667,0.500000,0.533333,2,2,1,3
cancer,Pulmonary Inflammatory Myofibroblastic Tumor (Lung Cancer),non_rag,patient_education,8,0.625000,0.500000,0.215216,0.784784,0.666667,0.400000,0.666667,0.500000,0.533333,2,2,1,3
cancer,Vulvar Cancer,rag,basic,8,1.000000,0.625000,0.305742,0.863156,1.000000,0.625000,,0.769231,,5,0,0,3
cancer,Vulvar Cancer,rag,oncology_expert,8,1.000000,0.500000,0.215216,0.784784,1.000000,0.500000,,0.666667,,4,0,0,4
cancer,Vulvar Cancer,rag,patient_education,8,1.000000,0.625000,0.305742,0.863156,1.000000,0.625000,,0.769231,,5,0,0,3
cancer,Vulvar Cancer,non_rag,basic,8,1.000000,0.375000,0.136844,0.694258,1.000000,0.375000,,0.545455,,3,0,0,5
cancer,Vulvar Cancer,non_rag,oncology_expert,8,1.000000,0.375000,0.136844,0.694258,1.000000,0.375000,,0.545455,,3,0,0,5
cancer,Vulvar Cancer,non_rag,patient_education,8,1.000000,0.375000,0.136844,0.694258,1.000000,0.375000,,0.545455,,3,0,0,5
cancer,Wilms Tumor and Other Childhood Kidney Tumors,rag,basic,8,0.625000,0.375000,0.136844,0.694258,0.500000,0.200000,0.666667,0.285714,0.433333,1,2,1,4
cancer,Wilms Tumor and Other Childhood Kidney Tumors,rag,oncology_expert,8,0.625000,0.375000,0.136844,0.694258,0.500000,0.200000,0.666667,0.285714,0.433333,1,2,1,4
cancer,Wilms Tumor and Other Childhood Kidney Tumors,rag,patient_education,8,0.625000,0.375000,0.136844,0.694258,0.500000,0.200000,0.666667,0.285714,0.433333,1,2,1,4
cancer,Wilms Tumor and Other Childhood Kidney Tumors,non_rag,basic,8,0.625000,0.500000,0.215216,0.784784,1.000000,0.200000,1.000000,0.333333,0.600000,1,3,0,4
cancer,Wilms Tumor and Other Childhood Kidney Tumors,non_rag,oncology_expert,8,0.625000,0.500000,0.215216,0.784784,1.000000,0.200000,1.000000,0.333333,0.600000,1,3,0,4
cancer,Wilms Tumor and Other Childhood Kidney Tumors,non_rag,patient_education,8,0.625000,0.500000,0.215216,0.784784,1.000000,0.200000,1.000000,0.333333,0.600000,1,3,0,4
cancer,Carcinoma of Unknown Primary,rag,basic,7,1.000000,0.428571,0.158220,0.749542,1.000000,0.428571,,0.600000,,3,0,0,4
cancer,Carcinoma of Unknown Primary,rag,oncology_expert,7,1.000000,0.428571,0.158220,0.749542,1.000000,0.428571,,0.600000,,3,0,0,4
cancer,Carcinoma of Unknown Primary,rag,patient_education,7,1.000000,0.571429,0.250458,0.841780,1.000000,0.571429,,0.727273,,4,0,0,3
cancer,Carcinoma of Unknown Primary,non_rag,basic,7,1.000000,0.571429,0.250458,0.841780,1.000000,0.571429,,0.727273,,4,0,0,3
cancer,Carcinoma of Unknown Primary,non_rag,oncology_expert,7,1.000000,0.428571,0.158220,0.749542,1.000000,0.428571,,0.600000,,3,0,0,4
cancer,Carcinoma of Unknown Primary,non_rag,patient_education,7,1.000000,0.571429,0.250458,0.841780,1.000000,0.571429,,0.727273,,4,0,0,3
cancer,"Extracranial Germ Cell Tumor, Childhood",rag,basic,7,0.428571,0.714286,0.358934,0.917781,0.666667,0.666667,0.750000,0.666667,0.708333,2,3,1,1
cancer,"Extracranial Germ Cell Tumor, Childhood",rag,oncology_expert,7,0.428571,0.714286,0.358934,0.917781,0.666667,0.666667,0.750000,0.666667,0.708333,2,3,1,1
cancer,"Extracranial Germ Cell Tumor, Childhood",rag,patient_education,7,0.428571,0.714286,0.358934,0.917781,0.666667,0.666667,0.750000,0.666667,0.708333,2,3,1,1
cancer,"Extracranial Germ Cell Tumor, Childhood",non_rag,basic,7,0.428571,0.714286,0.358934,0.917781,1.000000,0.333333,1.000000,0.500000,0.666667,1,4,0,2
cancer,"Extracranial Germ Cell Tumor, Childhood",non_rag,oncology_expert,7,0.428571,0.714286,0.358934,0.917781,1.000000,0.333333,1.000000,0.500000,0.666667,1,4,0,2
cancer,"Extracranial Germ Cell Tumor, Childhood",non_rag,patient_education,7,0.428571,0.714286,0.358934,0.917781,1.000000,0.333333,1.000000,0.500000,0.666667,1,4,0,2
cancer,Hairy Cell Leukemia,rag,basic,7,0.571429,0.714286,0.358934,0.917781,0.666667,1.000000,0.333333,0.800000,0.666667,4,1,2,0
cancer,Hairy Cell Leukemia,rag,oncology_expert,7,0.571429,0.714286,0.358934,0.917781,0.666667,1.000000,0.333333,0.800000,0.666667,4,1,2,0
cancer,Hairy Cell Leukemia,rag,patient_education,7,0.571429,0.714286,0.358934,0.917781,0.666667,1.000000,0.333333,0.800000,0.666667,4,1,2,0
cancer,Hairy Cell Leukemia,non_rag,basic,7,0.571429,0.714286,0.358934,0.917781,0.666667,1.000000,0.333333,0.800000,0.666667,4,1,2,0
cancer,Hairy Cell Leukemia,non_rag,oncology_expert,7,0.571429,0.857143,0.486872,0.974320,0.800000,1.000000,0.666667,0.888889,0.833333,4,2,1,0
cancer,Hairy Cell Leukemia,non_rag,patient_education,7,0.571429,0.714286,0.358934,0.917781,0.666667,1.000000,0.333333,0.800000,0.666667,4,1,2,0
cancer,Head and Neck Cancer,rag,basic,7,1.000000,0.857143,0.486872,0.974320,1.000000,0.857143,,0.923077,,6,0,0,1
cancer,Head and Neck Cancer,rag,oncology_expert,7,1.000000,0.857143,0.486872,0.974320,1.000000,0.857143,,0.923077,,6,0,0,1
cancer,Head and Neck Cancer,rag,patient_education,7,1.000000,0.714286,0.358934,0.917781,1.000000,0.714286,,0.833333,,5,0,0,2
cancer,Head and Neck Cancer,non_rag,basic,7,1.000000,0.857143,0.486872,0.974320,1.000000,0.857143,,0.923077,,6,0,0,1
cancer,Head and Neck Cancer,non_rag,oncology_expert,7,1.000000,1.000000,0.645670,1.000000,1.000000,1.000000,,1.000000,,7,0,0,0
cancer,Head and Neck Cancer,non_rag,patient_education,7,1.000000,0.857143,0.486872,0.974320,1.000000,0.857143,,0.923077,,6,0,0,1
cancer,"Histiocytosis, Langerhans Cell",rag,basic,7,0.857143,0.714286,0.358934,0.917781,1.000000,0.666667,1.000000,0.800000,0.833333,4,1,0,2
cancer,"Histiocytosis, Langerhans Cell",rag,oncology_expert,7,0.857143,0.714286,0.358934,0.917781,1.000000,0.666667,1.000000,0.800000,0.833333,4,1,0,2
cancer,"Histiocytosis, Langerhans Cell",rag,patient_education,7,0.857143,0.714286,0.358934,0.917781,1.000000,0.666667,1.000000,0.800000,0.833333,4,1,0,2
cancer,"Histiocytosis, Langerhans Cell",non_rag,basic,7,0.857143,1.000000,0.645670,1.000000,1.000000,1.000000,1.000000,1.000000,1.000000,6,1,0,0
cancer,"Histiocytosis, Langerhans Cell",non_rag,oncology_expert,7,0.857143,1.000000,0.645670,1.000000,1.000000,1.000000,1.000000,1.000000,1.000000,6,1,0,0
cancer,"Histiocytosis, Langerhans Cell",non_rag,patient_education,7,0.857143,0.857143,0.486872,0.974320,1.000000,0.833333,1.000000,0.909091,0.916667,5,1,0,1
cancer,Merkel Cell Carcinoma (Skin Cancer),rag,basic,7,0.428571,0.857143,0.486872,0.974320,1.000000,0.666667,1.000000,0.800000,0.833333,2,4,0,1
cancer,Merkel Cell Carcinoma (Skin Cancer),rag,oncology_expert,7,0.428571,0.857143,0.486872,0.974320,1.000000,0.666667,1.000000,0.800000,0.833333,2,4,0,1
cancer,Merkel Cell Carcinoma (Skin Cancer),rag,patient_education,7,0.428571,0.857143,0.486872,0.974320,1.000000,0.666667,1.000000,0.800000,0.833333,2,4,0,1
cancer,Merkel Cell Carcinoma (Skin Cancer),non_rag,basic,7,0.428571,0.857143,0.486872,0.974320,1.000000,0.666667,1.000000,0.800000,0.833333,2,4,0,1
cancer,Merkel Cell Carcinoma (Skin Cancer),non_rag,oncology_expert,7,0.428571,0.857143,0.486872,0.974320,1.000000,0.666667,1.000000,0.800000,0.833333,2,4,0,1
cancer,Merkel Cell Carcinoma (Skin Cancer),non_rag,patient_education,7,0.428571,0.857143,0.486872,0.974320,1.000000,0.666667,1.000000,0.800000,0.833333,2,4,0,1
cancer,"Myeloid Leukemia, Acute (AML)",rag,basic,7,0.857143,0.571429,0.250458,0.841780,1.000000,0.500000,1.000000,0.666667,0.750000,3,1,0,3
cancer,"Myeloid Leukemia, Acute (AML)",rag,oncology_expert,7,0.857143,0.571429,0.250458,0.841780,1.000000,0.500000,1.000000,0.666667,0.750000,3,1,0,3
cancer,"Myeloid Leukemia, Acute (AML)",rag,patient_education,7,0.857143,0.571429,0.250458,0.841780,1.000000,0.500000,1.000000,0.666667,0.750000,3,1,0,3
cancer,"Myeloid Leukemia, Acute (AML)",non_rag,basic,7,0.857143,0.571429,0.250458,0.841780,1.000000,0.500000,1.000000,0.666667,0.750000,3,1,0,3
cancer,"Myeloid Leukemia, Acute (AML)",non_rag,oncology_expert,7,0.857143,0.571429,0.250458,0.841780,1.000000,0.500000,1.000000,0.666667,0.750000,3,1,0,3
cancer,"Myeloid Leukemia, Acute (AML)",non_rag,patient_education,7,0.857143,0.571429,0.250458,0.841780,1.000000,0.500000,1.000000,0.666667,0.750000,3,1,0,3
cancer,Papillomatosis (Childhood Laryngeal),rag,basic,7,1.000000,0.428571,0.158220,0.749542,1.000000,0.428571,,0.600000,,3,0,0,4
cancer,Papillomatosis (Childhood Laryngeal),rag,oncology_expert,7,1.000000,0.428571,0.158220,0.749542,1.000000,0.428571,,0.600000,,3,0,0,4
cancer,Papillomatosis (Childhood Laryngeal),rag,patient_education,7,1.000000,0.428571,0.158220,0.749542,1.000000,0.428571,,0.600000,,3,0,0,4
cancer,Papillomatosis (Childhood Laryngeal),non_rag,basic,7,1.000000,1.000000,0.645670,1.000000,1.000000,1.000000,,1.000000,,7,0,0,0
cancer,Papillomatosis (Childhood Laryngeal),non_rag,oncology_expert,7,1.000000,1.000000,0.645670,1.000000,1.000000,1.000000,,1.000000,,7,0,0,0
cancer,Papillomatosis (Childhood Laryngeal),non_rag,patient_education,7,1.000000,1.000000,0.645670,1.000000,1.000000,1.000000,,1.000000,,7,0,0,0
cancer,Primary Peritoneal Cancer,rag,basic,7,0.714286,0.428571,0.158220,0.749542,0.666667,0.400000,0.500000,0.500000,0.450000,2,1,1,3
cancer,Primary Peritoneal Cancer,rag,oncology_expert,7,0.714286,0.428571,0.158220,0.749542,0.666667,0.400000,0.500000,0.500000,0.450000,2,1,1,3
cancer,Primary Peritoneal Cancer,rag,patient_education,7,0.714286,0.571429,0.250458,0.841780,1.000000,0.400000,1.000000,0.571429,0.700000,2,2,0,3
cancer,Primary Peritoneal Cancer,non_rag,basic,7,0.714286,0.428571,0.158220,0.749542,0.666667,0.400000,0.500000,0.500000,0.450000,2,1,1,3
cancer,Primary Peritoneal Cancer,non_rag,oncology_expert,7,0.714286,0.428571,0.158220,0.749542,0.666667,0.400000,0.500000,0.500000,0.450000,2,1,1,3
cancer,Primary Peritoneal Cancer,non_rag,patient_education,7,0.714286,0.428571,0.158220,0.749542,0.666667,0.400000,0.500000,0.500000,0.450000,2,1,1,3
cancer,Prostate cancer,rag,basic,7,1.000000,0.571429,0.250458,0.841780,1.000000,0.571429,,0.727273,,4,0,0,3
cancer,Prostate cancer,rag,oncology_expert,7,1.000000,0.571429,0.250458,0.841780,1.000000,0.571429,,0.727273,,4,0,0,3
cancer,Prostate cancer,rag,patient_education,7,1.000000,0.571429,0.250458,0.841780,1.000000,0.571429,,0.727273,,4,0,0,3
cancer,Prostate cancer,non_rag,basic,7,1.000000,0.571429,0.250458,0.841780,1.000000,0.571429,,0.727273,,4,0,0,3
cancer,Prostate cancer,non_rag,oncology_expert,7,1.000000,0.571429,0.250458,0.841780,1.000000,0.571429,,0.727273,,4,0,0,3
cancer,Prostate cancer,non_rag,patient_education,7,1.000000,0.714286,0.358934,0.917781,1.000000,0.714286,,0.833333,,5,0,0,2
cancer,"Ureter and Renal Pelvis, Transitional Cell Cancer (Kidney (Renal Cell) Cancer)",rag,basic,7,0.428571,0.714286,0.358934,0.917781,0.600000,1.000000,0.500000,0.750000,0.750000,3,2,2,0
cancer,"Ureter and Renal Pelvis, Transitional Cell Cancer (Kidney (Renal Cell) Cancer)",rag,oncology_expert,7,0.428571,0.857143,0.486872,0.974320,0.750000,1.000000,0.750000,0.857143,0.875000,3,3,1,0
cancer,"Ureter and Renal Pelvis, Transitional Cell Cancer (Kidney (Renal Cell) Cancer)",rag,patient_education,7,0.428571,0.714286,0.358934,0.917781,0.600000,1.000000,0.500000,0.750000,0.750000,3,2,2,0
cancer,"Ureter and Renal Pelvis, Transitional Cell Cancer (Kidney (Renal Cell) Cancer)",non_rag,basic,7,0.428571,0.714286,0.358934,0.917781,0.666667,0.666667,0.750000,0.666667,0.708333,2,3,1,1
cancer,"Ureter and Renal Pelvis, Transitional Cell Cancer (Kidney (Renal Cell) Cancer)",non_rag,oncology_expert,7,0.428571,0.714286,0.358934,0.917781,0.600000,1.000000,0.500000,0.750000,0.750000,3,2,2,0
cancer,"Ureter and Renal Pelvis, Transitional Cell Cancer (Kidney (Renal Cell) Cancer)",non_rag,patient_education,7,0.428571,0.571429,0.250458,0.841780,0.500000,0.666667,0.500000,0.571429,0.583333,2,2,2,1
cancer,AIDS-Related Lymphoma (Lymphoma),rag,basic,6,1.000000,0.333333,0.096771,0.700007,1.000000,0.333333,,0.500000,,2,0,0,4
cancer,AIDS-Related Lymphoma (Lymphoma),rag,oncology_expert,6,1.000000,0.333333,0.096771,0.700007,1.000000,0.333333,,0.500000,,2,0,0,4
cancer,AIDS-Related Lymphoma (Lymphoma),rag,patient_education,6,1.000000,0.333333,0.096771,0.700007,1.000000,0.333333,,0.500000,,2,0,0,4
cancer,AIDS-Related Lymphoma (Lymphoma),non_rag,basic,6,1.000000,0.333333,0.096771,0.700007,1.000000,0.333333,,0.500000,,2,0,0,4
cancer,AIDS-Related Lymphoma (Lymphoma),non_rag,oncology_expert,6,1.000000,0.333333,0.096771,0.700007,1.000000,0.333333,,0.500000,,2,0,0,4
cancer,AIDS-Related Lymphoma (Lymphoma),non_rag,patient_education,6,1.000000,0.333333,0.096771,0.700007,1.000000,0.333333,,0.500000,,2,0,0,4
cancer,Anal Cancer,rag,basic,6,1.000000,0.333333,0.096771,0.700007,1.000000,0.333333,,0.500000,,2,0,0,4
cancer,Anal Cancer,rag,oncology_expert,6,1.000000,0.500000,0.187616,0.812384,1.000000,0.500000,,0.666667,,3,0,0,3
cancer,Anal Cancer,rag,patient_education,6,1.000000,0.666667,0.299993,0.903229,1.000000,0.666667,,0.800000,,4,0,0,2
cancer,Anal Cancer,non_rag,basic,6,1.000000,0.500000,0.187616,0.812384,1.000000,0.500000,,0.666667,,3,0,0,3
cancer,Anal Cancer,non_rag,oncology_expert,6,1.000000,0.666667,0.299993,0.903229,1.000000,0.666667,,0.800000,,4,0,0,2
cancer,Anal Cancer,non_rag,patient_education,6,1.000000,0.666667,0.299993,0.903229,1.000000,0.666667,,0.800000,,4,0,0,2
cancer,Brain Tumors,rag,basic,6,1.000000,0.833333,0.436497,0.969947,1.000000,0.833333,,0.909091,,5,0,0,1
cancer,Brain Tumors,rag,oncology_expert,6,1.000000,0.833333,0.436497,0.969947,1.000000,0.833333,,0.909091,,5,0,0,1
cancer,Brain Tumors,rag,patient_education,6,1.000000,0.666667,0.299993,0.903229,1.000000,0.666667,,0.800000,,4,0,0,2
cancer,Brain Tumors,non_rag,basic,6,1.000000,0.833333,0.436497,0.969947,1.000000,0.833333,,0.909091,,5,0,0,1
cancer,Brain Tumors,non_rag,oncology_expert,6,1.000000,0.833333,0.436497,0.969947,1.000000,0.833333,,0.909091,,5,0,0,1
cancer,Brain Tumors,non_rag,patient_education,6,1.000000,0.833333,0.436497,0.969947,1.000000,0.833333,,0.909091,,5,0,0,1
cancer,Childhood Central Nervous System Germ Cell Tumors (Brain Cancer),rag,basic,6,0.000000,1.000000,0.609666,1.000000,,,1.000000,,,0,6,0,0
cancer,Childhood Central Nervous System Germ Cell Tumors (Brain Cancer),rag,oncology_expert,6,0.000000,0.833333,0.436497,0.969947,0.000000,,0.833333,0.000000,,0,5,1,0
cancer,Childhood Central Nervous System Germ Cell Tumors (Brain Cancer),rag,patient_education,6,0.000000,0.833333,0.436497,0.969947,0.000000,,0.833333,0.000000,,0,5,1,0
cancer,Childhood Central Nervous System Germ Cell Tumors (Brain Cancer),non_rag,basic,6,0.000000,1.000000,0.609666,1.000000,,,1.000000,,,0,6,0,0
cancer,Childhood Central Nervous System Germ Cell Tumors (Brain Cancer),non_rag,oncology_expert,6,0.000000,0.833333,0.436497,0.969947,0.000000,,0.833333,0.000000,,0,5,1,0
cancer,Childhood Central Nervous System Germ Cell Tumors (Brain Cancer),non_rag,patient_education,6,0.000000,1.000000,0.609666,1.000000,,,1.000000,,,0,6,0,0
cancer,"Heart Tumors, Childhood",rag,basic,6,0.833333,0.666667,0.299993,0.903229,1.000000,0.600000,1.000000,0.750000,0.800000,3,1,0,2
cancer,"Heart Tumors, Childhood",rag,oncology_expert,6,0.833333,0.500000,0.187616,0.812384,0.750000,0.600000,0.000000,0.666667,0.300000,3,0,1,2
cancer,"Heart Tumors, Childhood",rag,patient_education,6,0.833333,0.500000,0.187616,0.812384,0.750000,0.600000,0.000000,0.666667,0.300000,3,0,1,2
cancer,"Heart Tumors, Childhood",non_rag,basic,6,0.833333,0.666667,0.299993,0.903229,0.800000,0.800000,0.000000,0.800000,0.400000,4,0,1,1
cancer,"Heart Tumors, Childhood",non_rag,oncology_expert,6,0.833333,0.666667,0.299993,0.903229,0.800000,0.800000,0.000000,0.800000,0.400000,4,0,1,1
cancer,"Heart Tumors, Childhood",non_rag,patient_education,6,0.833333,0.666667,0.299993,0.903229,0.800000,0.800000,0.000000,0.800000,0.400000,4,0,1,1
cancer,Liver cancer,rag,basic,6,1.000000,0.666667,0.299993,0.903229,1.000000,0.666667,,0.800000,,4,0,0,2
cancer,Liver cancer,rag,oncology_expert,6,1.000000,0.833333,0.436497,0.969947,1.000000,0.833333,,0.909091,,5,0,0,1
cancer,Liver cancer,rag,patient_education,6,1.000000,0.833333,0.436497,0.969947,1.000000,0.833333,,0.909091,,5,0,0,1
cancer,Liver cancer,non_rag,basic,6,1.000000,0.666667,0.299993,0.903229,1.000000,0.666667,,0.800000,,4,0,0,2
cancer,Liver cancer,non_rag,oncology_expert,6,1.000000,0.666667,0.299993,0.903229,1.000000,0.666667,,0.800000,,4,0,0,2
cancer,Liver cancer,non_rag,patient_education,6,1.000000,0.666667,0.299993,0.903229,1.000000,0.666667,,0.800000,,4,0,0,2
cancer,Melanoma,rag,basic,6,1.000000,0.666667,0.299993,0.903229,1.000000,0.666667,,0.800000,,4,0,0,2
cancer,Melanoma,rag,oncology_expert,6,1.000000,0.666667,0.299993,0.903229,1.000000,0.666667,,0.800000,,4,0,0,2
cancer,Melanoma,rag,patient_education,6,1.000000,0.666667,0.299993,0.903229,1.000000,0.666667,,0.800000,,4,0,0,2
cancer,Melanoma,non_rag,basic,6,1.000000,0.666667,0.299993,0.903229,1.000000,0.666667,,0.800000,,4,0,0,2
cancer,Melanoma,non_rag,oncology_expert,6,1.000000,0.666667,0.299993,0.903229,1.000000,0.666667,,0.800000,,4,0,0,2
cancer,Melanoma,non_rag,patient_education,6,1.000000,0.666667,0.299993,0.903229,1.000000,0.666667,,0.800000,,4,0,0,2
cancer,Mouth Cancer (Head and Neck Cancer),rag,basic,6,0.833333,0.666667,0.299993,0.903229,0.800000,0.800000,0.000000,0.800000,0.400000,4,0,1,1
cancer,Mouth Cancer (Head and Neck Cancer),rag,oncology_expert,6,0.833333,1.000000,0.609666,1.000000,1.000000,1.000000,1.000000,1.000000,1.000000,5,1,0,0
cancer,Mouth Cancer (Head and Neck Cancer),rag,patient_education,6,0.833333,0.833333,0.436497,0.969947,0.833333,1.000000,0.000000,0.909091,0.500000,5,0,1,0
cancer,Mouth Cancer (Head and Neck Cancer),non_rag,basic,6,0.833333,1.000000,0.609666,1.000000,1.000000,1.000000,1.000000,1.000000,1.000000,5,1,0,0
cancer,Mouth Cancer (Head and Neck Cancer),non_rag,oncology_expert,6,0.833333,1.000000,0.609666,1.000000,1.000000,1.000000,1.000000,1.000000,1.000000,5,1,0,0
cancer,Mouth Cancer (Head and Neck Cancer),non_rag,patient_education,6,0.833333,1.000000,0.609666,1.000000,1.000000,1.000000,1.000000,1.000000,1.000000,5,1,0,0
cancer,Non-Hodgkin Lymphoma,rag,basic,6,0.666667,0.500000,0.187616,0.812384,0.666667,0.500000,0.500000,0.571429,0.500000,2,1,1,2
cancer,Non-Hodgkin Lymphoma,rag,oncology_expert,6,0.666667,0.500000,0.187616,0.812384,0.666667,0.500000,0.500000,0.571429,0.500000,2,1,1,2
cancer,Non-Hodgkin Lymphoma,rag,patient_education,6,0.666667,0.500000,0.187616,0.812384,0.666667,0.500000,0.500000,0.571429,0.500000,2,1,1,2
cancer,Non-Hodgkin Lymphoma,non_rag,basic,6,0.666667,0.500000,0.187616,0.812384,0.666667,0.500000,0.500000,0.571429,0.500000,2,1,1,2
cancer,Non-Hodgkin Lymphoma,non_rag,oncology_expert,6,0.666667,0.500000,0.187616,0.812384,0.666667,0.500000,0.500000,0.571429,0.500000,2,1,1,2
cancer,Non-Hodgkin Lymphoma,non_rag,patient_education,6,0.666667,0.666667,0.299993,0.903229,0.750000,0.750000,0.500000,0.750000,0.625000,3,1,1,1
cancer,Pregnancy and Non-Hodgkin Lymphoma,rag,basic,6,0.333333,0.166667,0.030053,0.563503,0.200000,0.500000,0.000000,0.285714,0.250000,1,0,4,1
cancer,Pregnancy and Non-Hodgkin Lymphoma,rag,oncology_expert,6,0.333333,0.333333,0.096771,0.700007,0.333333,1.000000,0.000000,0.500000,0.500000,2,0,4,0
cancer,Pregnancy and Non-Hodgkin Lymphoma,rag,patient_education,6,0.333333,0.333333,0.096771,0.700007,0.333333,1.000000,0.000000,0.500000,0.500000,2,0,4,0
cancer,Pregnancy and Non-Hodgkin Lymphoma,non_rag,basic,6,0.333333,0.500000,0.187616,0.812384,0.400000,1.000000,0.250000,0.571429,0.625000,2,1,3,0
cancer,Pregnancy and Non-Hodgkin Lymphoma,non_rag,oncology_expert,6,0.333333,0.500000,0.187616,0.812384,0.400000,1.000000,0.250000,0.571429,0.625000,2,1,3,0
cancer,Pregnancy and Non-Hodgkin Lymphoma,non_rag,patient_education,6,0.333333,0.500000,0.187616,0.812384,0.400000,1.000000,0.250000,0.571429,0.625000,2,1,3,0
cancer,Uterine Corpus Cancer,rag,basic,6,1.000000,0.500000,0.187616,0.812384,1.000000,0.500000,,0.666667,,3,0,0,3
cancer,Uterine Corpus Cancer,rag,oncology_expert,6,1.000000,0.833333,0.436497,0.969947,1.000000,0.833333,,0.909091,,5,0,0,1
cancer,Uterine Corpus Cancer,rag,patient_education,6,1.000000,0.833333,0.436497,0.969947,1.000000,0.833333,,0.909091,,5,0,0,1
cancer,Uterine Corpus Cancer,non_rag,basic,6,1.000000,0.666667,0.299993,0.903229,1.000000,0.666667,,0.800000,,4,0,0,2
cancer,Uterine Corpus Cancer,non_rag,oncology_expert,6,1.000000,0.833333,0.436497,0.969947,1.000000,0.833333,,0.909091,,5,0,0,1
cancer,Uterine Corpus Cancer,non_rag,patient_education,6,1.000000,0.666667,0.299993,0.903229,1.000000,0.666667,,0.800000,,4,0,0,2
cancer,Bile Duct Cancer,rag,basic,5,1.000000,0.000000,0.000000,0.434482,,0.000000,,0.000000,,0,0,0,5
cancer,Bile Duct Cancer,rag,oncology_expert,5,1.000000,0.000000,0.000000,0.434482,,0.000000,,0.000000,,0,0,0,5
cancer,Bile Duct Cancer,rag,patient_education,5,1.000000,0.000000,0.000000,0.434482,,0.000000,,0.000000,,0,0,0,5
cancer,Bile Duct Cancer,non_rag,basic,5,1.000000,0.000000,0.000000,0.434482,,0.000000,,0.000000,,0,0,0,5
cancer,Bile Duct Cancer,non_rag,oncology_expert,5,1.000000,0.000000,0.000000,0.434482,,0.000000,,0.000000,,0,0,0,5
cancer,Bile Duct Cancer,non_rag,patient_education,5,1.000000,0.000000,0.000000,0.434482,,0.000000,,0.000000,,0,0,0,5
cancer,Extragonadal Germ Cell Tumor,rag,basic,5,0.800000,0.600000,0.230724,0.882379,0.750000,0.750000,0.000000,0.750000,0.375000,3,0,1,1
cancer,Extragonadal Germ Cell Tumor,rag,oncology_expert,5,0.800000,0.600000,0.230724,0.882379,0.750000,0.750000,0.000000,0.750000,0.375000,3,0,1,1
cancer,Extragonadal Germ Cell Tumor,rag,patient_education,5,0.800000,0.600000,0.230724,0.882379,0.750000,0.750000,0.000000,0.750000,0.375000,3,0,1,1
cancer,Extragonadal Germ Cell Tumor,non_rag,basic,5,0.800000,0.400000,0.117621,0.769276,1.000000,0.250000,1.000000,0.400000,0.625000,1,1,0,3
cancer,Extragonadal Germ Cell Tumor,non_rag,oncology_expert,5,0.800000,0.400000,0.117621,0.769276,0.666667,0.500000,0.000000,0.571429,0.250000,2,0,1,2
cancer,Extragonadal Germ Cell Tumor,non_rag,patient_education,5,0.800000,0.600000,0.230724,0.882379,1.000000,0.500000,1.000000,0.666667,0.750000,2,1,0,2
cancer,Eye Cancer,rag,basic,5,1.000000,1.000000,0.565518,1.000000,1.000000,1.000000,,1.000000,,5,0,0,0
cancer,Eye Cancer,rag,oncology_expert,5,1.000000,1.000000,0.565518,1.000000,1.000000,1.000000,,1.000000,,5,0,0,0
cancer,Eye Cancer,rag,patient_education,5,1.000000,1.000000,0.565518,1.000000,1.000000,1.000000,,1.000000,,5,0,0,0
cancer,Eye Cancer,non_rag,basic,5,1.000000,0.800000,0.375535,0.963776,1.000000,0.800000,,0.888889,,4,0,0,1
cancer,Eye Cancer,non_rag,oncology_expert,5,1.000000,1.000000,0.565518,1.000000,1.000000,1.000000,,1.000000,,5,0,0,0
cancer,Eye Cancer,non_rag,patient_education,5,1.000000,1.000000,0.565518,1.000000,1.000000,1.000000,,1.000000,,5,0,0,0
cancer,Germ Cell Tumors,rag,basic,5,0.600000,0.600000,0.230724,0.882379,0.666667,0.666667,0.500000,0.666667,0.583333,2,1,1,1
cancer,Germ Cell Tumors,rag,oncology_expert,5,0.600000,0.800000,0.375535,0.963776,0.750000,1.000000,0.500000,0.857143,0.750000,3,1,1,0
cancer,Germ Cell Tumors,rag,patient_education,5,0.600000,0.800000,0.375535,0.963776,0.750000,1.000000,0.500000,0.857143,0.750000,3,1,1,0
cancer,Germ Cell Tumors,non_rag,basic,5,0.600000,0.800000,0.375535,0.963776,0.750000,1.000000,0.500000,0.857143,0.750000,3,1,1,0
cancer,Germ Cell Tumors,non_rag,oncology_expert,5,0.600000,0.800000,0.375535,0.963776,0.750000,1.000000,0.500000,0.857143,0.750000,3,1,1,0
cancer,Germ Cell Tumors,non_rag,patient_education,5,0.600000,0.800000,0.375535,0.963776,0.750000,1.000000,0.500000,0.857143,0.750000,3,1,1,0
cancer,Hodgkin Lymphoma,rag,basic,5,0.400000,0.400000,0.117621,0.769276,0.333333,0.500000,0.333333,0.400000,0.416667,1,1,2,1
cancer,Hodgkin Lymphoma,rag,oncology_expert,5,0.400000,0.400000,0.117621,0.769276,0.333333,0.500000,0.333333,0.400000,0.416667,1,1,2,1
cancer,Hodgkin Lymphoma,rag,patient_education,5,0.400000,0.400000,0.117621,0.769276,0.333333,0.500000,0.333333,0.400000,0.416667,1,1,2,1
cancer,Hodgkin Lymphoma,non_rag,basic,5,0.400000,0.600000,0.230724,0.882379,0.500000,0.500000,0.666667,0.500000,0.583333,1,2,1,1
cancer,Hodgkin Lymphoma,non_rag,oncology_expert,5,0.400000,0.400000,0.117621,0.769276,0.333333,0.500000,0.333333,0.400000,0.416667,1,1,2,1
cancer,Hodgkin Lymphoma,non_rag,patient_education,5,0.400000,0.400000,0.117621,0.769276,0.333333,0.500000,0.333333,0.400000,0.416667,1,1,2,1
cancer,"Islet Cell Tumors, Pancreatic Neuroendocrine Tumors",rag,basic,5,0.200000,0.600000,0.230724,0.882379,0.000000,0.000000,0.750000,0.000000,0.375000,0,3,1,1
cancer,"Islet Cell Tumors, Pancreatic Neuroendocrine Tumors",rag,oncology_expert,5,0.200000,0.400000,0.117621,0.769276,0.000000,0.000000,0.500000,0.000000,0.250000,0,2,2,1
cancer,"Islet Cell Tumors, Pancreatic Neuroendocrine Tumors",rag,patient_education,5,0.200000,0.400000,0.117621,0.769276,0.000000,0.000000,0.500000,0.000000,0.250000,0,2,2,1
cancer,"Islet Cell Tumors, Pancreatic Neuroendocrine Tumors",non_rag,basic,5,0.200000,0.600000,0.230724,0.882379,0.000000,0.000000,0.750000,0.000000,0.375000,0,3,1,1
cancer,"Islet Cell Tumors, Pancreatic Neuroendocrine Tumors",non_rag,oncology_expert,5,0.200000,0.600000,0.230724,0.882379,0.000000,0.000000,0.750000,0.000000,0.375000,0,3,1,1
cancer,"Islet Cell Tumors, Pancreatic Neuroendocrine Tumors",non_rag,patient_education,5,0.200000,0.600000,0.230724,0.882379,0.000000,0.000000,0.750000,0.000000,0.375000,0,3,1,1
cancer,Kidney (Renal Cell) Cancer,rag,basic,5,1.000000,0.800000,0.375535,0.963776,1.000000,0.800000,,0.888889,,4,0,0,1
cancer,Kidney (Renal Cell) Cancer,rag,oncology_expert,5,1.000000,0.600000,0.230724,0.882379,1.000000,0.600000,,0.750000,,3,0,0,2
cancer,Kidney (Renal Cell) Cancer,rag,patient_education,5,1.000000,0.800000,0.375535,0.963776,1.000000,0.800000,,0.888889,,4,0,0,1
cancer,Kidney (Renal Cell) Cancer,non_rag,basic,5,1.000000,0.800000,0.375535,0.963776,1.000000,0.800000,,0.888889,,4,0,0,1
cancer,Kidney (Renal Cell) Cancer,non_rag,oncology_expert,5,1.000000,0.800000,0.375535,0.963776,1.000000,0.800000,,0.888889,,4,0,0,1
cancer,Kidney (Renal Cell) Cancer,non_rag,patient_education,5,1.000000,0.800000,0.375535,0.963776,1.000000,0.800000,,0.888889,,4,0,0,1
cancer,Lymphoma,rag,basic,5,0.800000,0.800000,0.375535,0.963776,0.800000,1.000000,0.000000,0.888889,0.500000,4,0,1,0
cancer,Lymphoma,rag,oncology_expert,5,0.800000,0.800000,0.375535,0.963776,0.800000,1.000000,0.000000,0.888889,0.500000,4,0,1,0
cancer,Lymphoma,rag,patient_education,5,0.800000,1.000000,0.565518,1.000000,1.000000,1.000000,1.000000,1.000000,1.000000,4,1,0,0
cancer,Lymphoma,non_rag,basic,5,0.800000,0.800000,0.375535,0.963776,0.800000,1.000000,0.000000,0.888889,0.500000,4,0,1,0
cancer,Lymphoma,non_rag,oncology_expert,5,0.800000,0.800000,0.375535,0.963776,0.800000,1.000000,0.000000,0.888889,0.500000,4,0,1,0
cancer,Lymphoma,non_rag,patient_education,5,0.800000,0.800000,0.375535,0.963776,0.800000,1.000000,0.000000,0.888889,0.500000,4,0,1,0
cancer,Metastatic Cancer,rag,basic,5,0.600000,0.400000,0.117621,0.769276,,0.000000,1.000000,0.000000,0.500000,0,2,0,3
cancer,Metastatic Cancer,rag,oncology_expert,5,0.600000,0.600000,0.230724,0.882379,1.000000,0.333333,1.000000,0.500000,0.666667,1,2,0,2
cancer,Metastatic Cancer,rag,patient_education,5,0.600000,0.200000,0.036224,0.624465,0.000000,0.000000,0.500000,0.000000,0.250000,0,1,1,3
cancer,Metastatic Cancer,non_rag,basic,5,0.600000,0.800000,0.375535,0.963776,1.000000,0.666667,1.000000,0.800000,0.833333,2,2,0,1
cancer,Metastatic Cancer,non_rag,oncology_expert,5,0.600000,0.600000,0.230724,0.882379,1.000000,0.333333,1.000000,0.500000,0.666667,1,2,0,2
cancer,Metastatic Cancer,non_rag,patient_education,5,0.600000,0.600000,0.230724,0.882379,1.000000,0.333333,1.000000,0.500000,0.666667,1,2,0,2
cancer,Thyroid cancer,rag,basic,5,1.000000,0.400000,0.117621,0.769276,1.000000,0.400000,,0.571429,,2,0,0,3
cancer,Thyroid cancer,rag,oncology_expert,5,1.000000,0.400000,0.117621,0.769276,1.000000,0.400000,,0.571429,,2,0,0,3
cancer,Thyroid cancer,rag,patient_education,5,1.000000,0.400000,0.117621,0.769276,1.000000,0.400000,,0.571429,,2,0,0,3
cancer,Thyroid cancer,non_rag,basic,5,1.000000,0.400000,0.117621,0.769276,1.000000,0.400000,,0.571429,,2,0,0,3
cancer,Thyroid cancer,non_rag,oncology_expert,5,1.000000,0.400000,0.117621,0.769276,1.000000,0.400000,,0.571429,,2,0,0,3
cancer,Thyroid cancer,non_rag,patient_education,5,1.000000,0.400000,0.117621,0.769276,1.000000,0.400000,,0.571429,,2,0,0,3
cancer,Tongue cancer,rag,basic,5,1.000000,0.600000,0.230724,0.882379,1.000000,0.600000,,0.750000,,3,0,0,2
cancer,Tongue cancer,rag,oncology_expert,5,1.000000,0.400000,0.117621,0.769276,1.000000,0.400000,,0.571429,,2,0,0,3
cancer,Tongue cancer,rag,patient_education,5,1.000000,0.600000,0.230724,0.882379,1.000000,0.600000,,0.750000,,3,0,0,2
cancer,Tongue cancer,non_rag,basic,5,1.000000,0.400000,0.117621,0.769276,1.000000,0.400000,,0.571429,,2,0,0,3
cancer,Tongue cancer,non_rag,oncology_expert,5,1.000000,0.400000,0.117621,0.769276,1.000000,0.400000,,0.571429,,2,0,0,3
cancer,Tongue cancer,non_rag,patient_education,5,1.000000,0.400000,0.117621,0.769276,1.000000,0.400000,,0.571429,,2,0,0,3
cancer,Tonsil cancer,rag,basic,5,1.000000,0.400000,0.117621,0.769276,1.000000,0.400000,,0.571429,,2,0,0,3
cancer,Tonsil cancer,rag,oncology_expert,5,1.000000,0.600000,0.230724,0.882379,1.000000,0.600000,,0.750000,,3,0,0,2
cancer,Tonsil cancer,rag,patient_education,5,1.000000,0.800000,0.375535,0.963776,1.000000,0.800000,,0.888889,,4,0,0,1
cancer,Tonsil cancer,non_rag,basic,5,1.000000,0.600000,0.230724,0.882379,1.000000,0.600000,,0.750000,,3,0,0,2
cancer,Tonsil cancer,non_rag,oncology_expert,5,1.000000,0.600000,0.230724,0.882379,1.000000,0.600000,,0.750000,,3,0,0,2
cancer,Tonsil cancer,non_rag,patient_education,5,1.000000,0.800000,0.375535,0.963776,1.000000,0.800000,,0.888889,,4,0,0,1
cancer,"Embryonal Tumors, Medulloblastoma and Other Central Nervous System, Childhood (Brain Cancer)",rag,basic,4,1.000000,0.500000,0.150039,0.849961,1.000000,0.500000,,0.666667,,2,0,0,2
cancer,"Embryonal Tumors, Medulloblastoma and Other Central Nervous System, Childhood (Brain Cancer)",rag,oncology_expert,4,1.000000,0.500000,0.150039,0.849961,1.000000,0.500000,,0.666667,,2,0,0,2
cancer,"Embryonal Tumors, Medulloblastoma and Other Central Nervous System, Childhood (Brain Cancer)",rag,patient_education,4,1.000000,0.500000,0.150039,0.849961,1.000000,0.500000,,0.666667,,2,0,0,2
cancer,"Embryonal Tumors, Medulloblastoma and Other Central Nervous System, Childhood (Brain Cancer)",non_rag,basic,4,1.000000,0.500000,0.150039,0.849961,1.000000,0.500000,,0.666667,,2,0,0,2
cancer,"Embryonal Tumors, Medulloblastoma and Other Central Nervous System, Childhood (Brain Cancer)",non_rag,oncology_expert,4,1.000000,0.500000,0.150039,0.849961,1.000000,0.500000,,0.666667,,2,0,0,2
cancer,"Embryonal Tumors, Medulloblastoma and Other Central Nervous System, Childhood (Brain Cancer)",non_rag,patient_education,4,1.000000,0.500000,0.150039,0.849961,1.000000,0.500000,,0.666667,,2,0,0,2
cancer,Endometrial Cancer (Uterine Cancer),rag,basic,4,1.000000,0.500000,0.150039,0.849961,1.000000,0.500000,,0.666667,,2,0,0,2
cancer,Endometrial Cancer (Uterine Cancer),rag,oncology_expert,4,1.000000,0.500000,0.150039,0.849961,1.000000,0.500000,,0.666667,,2,0,0,2
cancer,Endometrial Cancer (Uterine Cancer),rag,patient_education,4,1.000000,0.500000,0.150039,0.849961,1.000000,0.500000,,0.666667,,2,0,0,2
cancer,Endometrial Cancer (Uterine Cancer),non_rag,basic,4,1.000000,0.750000,0.300642,0.954413,1.000000,0.750000,,0.857143,,3,0,0,1
cancer,Endometrial Cancer (Uterine Cancer),non_rag,oncology_expert,4,1.000000,0.750000,0.300642,0.954413,1.000000,0.750000,,0.857143,,3,0,0,1
cancer,Endometrial Cancer (Uterine Cancer),non_rag,patient_education,4,1.000000,0.750000,0.300642,0.954413,1.000000,0.750000,,0.857143,,3,0,0,1
cancer,Esophageal Cancer,rag,basic,4,0.750000,0.500000,0.150039,0.849961,0.666667,0.666667,0.000000,0.666667,0.333333,2,0,1,1
cancer,Esophageal Cancer,rag,oncology_expert,4,0.750000,0.500000,0.150039,0.849961,0.666667,0.666667,0.000000,0.666667,0.333333,2,0,1,1
cancer,Esophageal Cancer,rag,patient_education,4,0.750000,0.500000,0.150039,0.849961,0.666667,0.666667,0.000000,0.666667,0.333333,2,0,1,1
cancer,Esophageal Cancer,non_rag,basic,4,0.750000,0.250000,0.045587,0.699358,0.500000,0.333333,0.000000,0.400000,0.166667,1,0,1,2
cancer,Esophageal Cancer,non_rag,oncology_expert,4,0.750000,0.500000,0.150039,0.849961,0.666667,0.666667,0.000000,0.666667,0.333333,2,0,1,1
cancer,Esophageal Cancer,non_rag,patient_education,4,0.750000,0.250000,0.045587,0.699358,0.500000,0.333333,0.000000,0.400000,0.166667,1,0,1,2
cancer,Extragonadal Germ Cell Tumors,rag,basic,4,0.250000,1.000000,0.510109,1.000000,1.000000,1.000000,1.000000,1.000000,1.000000,1,3,0,0
cancer,Extragonadal Germ Cell Tumors,rag,oncology_expert,4,0.250000,1.000000,0.510109,1.000000,1.000000,1.000000,1.000000,1.000000,1.000000,1,3,0,0
cancer,Extragonadal Germ Cell Tumors,rag,patient_education,4,0.250000,1.000000,0.510109,1.000000,1.000000,1.000000,1.000000,1.000000,1.000000,1,3,0,0
cancer,Extragonadal Germ Cell Tumors,non_rag,basic,4,0.250000,1.000000,0.510109,1.000000,1.000000,1.000000,1.000000,1.000000,1.000000,1,3,0,0
cancer,Extragonadal Germ Cell Tumors,non_rag,oncology_expert,4,0.250000,1.000000,0.510109,1.000000,1.000000,1.000000,1.000000,1.000000,1.000000,1,3,0,0
cancer,Extragonadal Germ Cell Tumors,non_rag,patient_education,4,0.250000,1.000000,0.510109,1.000000,1.000000,1.000000,1.000000,1.000000,1.000000,1,3,0,0
cancer,Gastrointestinal Neuroendocrine Tumors,rag,basic,4,0.750000,0.500000,0.150039,0.849961,0.666667,0.666667,0.000000,0.666667,0.333333,2,0,1,1
cancer,Gastrointestinal Neuroendocrine Tumors,rag,oncology_expert,4,0.750000,0.500000,0.150039,0.849961,0.666667,0.666667,0.000000,0.666667,0.333333,2,0,1,1
cancer,Gastrointestinal Neuroendocrine Tumors,rag,patient_education,4,0.750000,0.500000,0.150039,0.849961,0.666667,0.666667,0.000000,0.666667,0.333333,2,0,1,1
cancer,Gastrointestinal Neuroendocrine Tumors,non_rag,basic,4,0.750000,0.750000,0.300642,0.954413,1.000000,0.666667,1.000000,0.800000,0.833333,2,1,0,1
cancer,Gastrointestinal Neuroendocrine Tumors,non_rag,oncology_expert,4,0.750000,1.000000,0.510109,1.000000,1.000000,1.000000,1.000000,1.000000,1.000000,3,1,0,0
cancer,Gastrointestinal Neuroendocrine Tumors,non_rag,patient_education,4,0.750000,0.750000,0.300642,0.954413,1.000000,0.666667,1.000000,0.800000,0.833333,2,1,0,1
cancer,Hypopharyngeal Cancer (Head and Neck Cancer),rag,basic,4,0.500000,0.750000,0.300642,0.954413,0.666667,1.000000,0.500000,0.800000,0.750000,2,1,1,0
cancer,Hypopharyngeal Cancer (Head and Neck Cancer),rag,oncology_expert,4,0.500000,0.750000,0.300642,0.954413,0.666667,1.000000,0.500000,0.800000,0.750000,2,1,1,0
cancer,Hypopharyngeal Cancer (Head and Neck Cancer),rag,patient_education,4,0.500000,0.750000,0.300642,0.954413,0.666667,1.000000,0.500000,0.800000,0.750000,2,1,1,0
cancer,Hypopharyngeal Cancer (Head and Neck Cancer),non_rag,basic,4,0.500000,0.750000,0.300642,0.954413,0.666667,1.000000,0.500000,0.800000,0.750000,2,1,1,0
cancer,Hypopharyngeal Cancer (Head and Neck Cancer),non_rag,oncology_expert,4,0.500000,0.750000,0.300642,0.954413,0.666667,1.000000,0.500000,0.800000,0.750000,2,1,1,0
cancer,Hypopharyngeal Cancer (Head and Neck Cancer),non_rag,patient_education,4,0.500000,0.750000,0.300642,0.954413,0.666667,1.000000,0.500000,0.800000,0.750000,2,1,1,0
cancer,Laryngeal Cancer (Head and Neck Cancer),rag,basic,4,1.000000,0.250000,0.045587,0.699358,1.000000,0.250000,,0.400000,,1,0,0,3
cancer,Laryngeal Cancer (Head and Neck Cancer),rag,oncology_expert,4,1.000000,0.250000,0.045587,0.699358,1.000000,0.250000,,0.400000,,1,0,0,3
cancer,Laryngeal Cancer (Head and Neck Cancer),rag,patient_education,4,1.000000,0.750000,0.300642,0.954413,1.000000,0.750000,,0.857143,,3,0,0,1
cancer,Laryngeal Cancer (Head and Neck Cancer),non_rag,basic,4,1.000000,0.750000,0.300642,0.954413,1.000000,0.750000,,0.857143,,3,0,0,1
cancer,Laryngeal Cancer (Head and Neck Cancer),non_rag,oncology_expert,4,1.000000,1.000000,0.510109,1.000000,1.000000,1.000000,,1.000000,,4,0,0,0
cancer,Laryngeal Cancer (Head and Neck Cancer),non_rag,patient_education,4,1.000000,1.000000,0.510109,1.000000,1.000000,1.000000,,1.000000,,4,0,0,0
cancer,Male Breast Cancer,rag,basic,4,0.750000,1.000000,0.510109,1.000000,1.000000,1.000000,1.000000,1.000000,1.000000,3,1,0,0
cancer,Male Breast Cancer,rag,oncology_expert,4,0.750000,0.750000,0.300642,0.954413,0.750000,1.000000,0.000000,0.857143,0.500000,3,0,1,0
cancer,Male Breast Cancer,rag,patient_education,4,0.750000,1.000000,0.510109,1.000000,1.000000,1.000000,1.000000,1.000000,1.000000,3,1,0,0
cancer,Male Breast Cancer,non_rag,basic,4,0.750000,1.000000,0.510109,1.000000,1.000000,1.000000,1.000000,1.000000,1.000000,3,1,0,0
cancer,Male Breast Cancer,non_rag,oncology_expert,4,0.750000,1.000000,0.510109,1.000000,1.000000,1.000000,1.000000,1.000000,1.000000,3,1,0,0
cancer,Male Breast Cancer,non_rag,patient_education,4,0.750000,1.000000,0.510109,1.000000,1.000000,1.000000,1.000000,1.000000,1.000000,3,1,0,0
cancer,Nasal Cavity and Paranasal Sinus Cancer (Head and Neck Cancer),rag,basic,4,1.000000,0.250000,0.045587,0.699358,1.000000,0.250000,,0.400000,,1,0,0,3
cancer,Nasal Cavity and Paranasal Sinus Cancer (Head and Neck Cancer),rag,oncology_expert,4,1.000000,0.250000,0.045587,0.699358,1.000000,0.250000,,0.400000,,1,0,0,3
cancer,Nasal Cavity and Paranasal Sinus Cancer (Head and Neck Cancer),rag,patient_education,4,1.000000,0.250000,0.045587,0.699358,1.000000,0.250000,,0.400000,,1,0,0,3
cancer,Nasal Cavity and Paranasal Sinus Cancer (Head and Neck Cancer),non_rag,basic,4,1.000000,0.250000,0.045587,0.699358,1.000000,0.250000,,0.400000,,1,0,0,3
cancer,Nasal Cavity and Paranasal Sinus Cancer (Head and Neck Cancer),non_rag,oncology_expert,4,1.000000,0.250000,0.045587,0.699358,1.000000,0.250000,,0.400000,,1,0,0,3
cancer,Nasal Cavity and Paranasal Sinus Cancer (Head and Neck Cancer),non_rag,patient_education,4,1.000000,0.250000,0.045587,0.699358,1.000000,0.250000,,0.400000,,1,0,0,3
cancer,Neuroendocrine Tumors (Gastrointestinal),rag,basic,4,0.750000,0.750000,0.300642,0.954413,1.000000,0.666667,1.000000,0.800000,0.833333,2,1,0,1
cancer,Neuroendocrine Tumors (Gastrointestinal),rag,oncology_expert,4,0.750000,0.750000,0.300642,0.954413,1.000000,0.666667,1.000000,0.800000,0.833333,2,1,0,1
cancer,Neuroendocrine Tumors (Gastrointestinal),rag,patient_education,4,0.750000,0.750000,0.300642,0.954413,1.000000,0.666667,1.000000,0.800000,0.833333,2,1,0,1
cancer,Neuroendocrine Tumors (Gastrointestinal),non_rag,basic,4,0.750000,0.500000,0.150039,0.849961,0.666667,0.666667,0.000000,0.666667,0.333333,2,0,1,1
cancer,Neuroendocrine Tumors (Gastrointestinal),non_rag,oncology_expert,4,0.750000,0.500000,0.150039,0.849961,0.666667,0.666667,0.000000,0.666667,0.333333,2,0,1,1
cancer,Neuroendocrine Tumors (Gastrointestinal),non_rag,patient_education,4,0.750000,0.500000,0.150039,0.849961,0.666667,0.666667,0.000000,0.666667,0.333333,2,0,1,1
cancer,Oral Cancer,rag,basic,4,0.500000,1.000000,0.510109,1.000000,1.000000,1.000000,1.000000,1.000000,1.000000,2,2,0,0
cancer,Oral Cancer,rag,oncology_expert,4,0.500000,1.000000,0.510109,1.000000,1.000000,1.000000,1.000000,1.000000,1.000000,2,2,0,0
cancer,Oral Cancer,rag,patient_education,4,0.500000,0.750000,0.300642,0.954413,1.000000,0.500000,1.000000,0.666667,0.750000,1,2,0,1
cancer,Oral Cancer,non_rag,basic,4,0.500000,1.000000,0.510109,1.000000,1.000000,1.000000,1.000000,1.000000,1.000000,2,2,0,0
cancer,Oral Cancer,non_rag,oncology_expert,4,0.500000,1.000000,0.510109,1.000000,1.000000,1.000000,1.000000,1.000000,1.000000,2,2,0,0
cancer,Oral Cancer,non_rag,patient_education,4,0.500000,1.000000,0.510109,1.000000,1.000000,1.000000,1.000000,1.000000,1.000000,2,2,0,0
cancer,Paranasal Sinus and Nasal Cavity Cancer (Head and Neck Cancer),rag,basic,4,0.750000,1.000000,0.510109,1.000000,1.000000,1.000000,1.000000,1.000000,1.000000,3,1,0,0
cancer,Paranasal Sinus and Nasal Cavity Cancer (Head and Neck Cancer),rag,oncology_expert,4,0.750000,0.750000,0.300642,0.954413,1.000000,0.666667,1.000000,0.800000,0.833333,2,1,0,1
cancer,Paranasal Sinus and Nasal Cavity Cancer (Head and Neck Cancer),rag,patient_education,4,0.750000,0.750000,0.300642,0.954413,1.000000,0.666667,1.000000,0.800000,0.833333,2,1,0,1
cancer,Paranasal Sinus and Nasal Cavity Cancer (Head and Neck Cancer),non_rag,basic,4,0.750000,0.750000,0.300642,0.954413,1.000000,0.666667,1.000000,0.800000,0.833333,2,1,0,1
cancer,Paranasal Sinus and Nasal Cavity Cancer (Head and Neck Cancer),non_rag,oncology_expert,4,0.750000,0.750000,0.300642,0.954413,1.000000,0.666667,1.000000,0.800000,0.833333,2,1,0,1
cancer,Paranasal Sinus and Nasal Cavity Cancer (Head and Neck Cancer),non_rag,patient_education,4,0.750000,1.000000,0.510109,1.000000,1.000000,1.000000,1.000000,1.000000,1.000000,3,1,0,0
cancer,Uterine cancer,rag,basic,4,1.000000,0.500000,0.150039,0.849961,1.000000,0.500000,,0.666667,,2,0,0,2
cancer,Uterine cancer,rag,oncology_expert,4,1.000000,0.500000,0.150039,0.849961,1.000000,0.500000,,0.666667,,2,0,0,2
cancer,Uterine cancer,rag,patient_education,4,1.000000,0.500000,0.150039,0.849961,1.000000,0.500000,,0.666667,,2,0,0,2
cancer,Uterine cancer,non_rag,basic,4,1.000000,0.500000,0.150039,0.849961,1.000000,0.500000,,0.666667,,2,0,0,2
cancer,Uterine cancer,non_rag,oncology_expert,4,1.000000,0.500000,0.150039,0.849961,1.000000,0.500000,,0.666667,,2,0,0,2
cancer,Uterine cancer,non_rag,patient_education,4,1.000000,0.500000,0.150039,0.849961,1.000000,0.500000,,0.666667,,2,0,0,2
cancer,Breast cancer,rag,basic,3,1.000000,0.333333,0.061492,0.792340,1.000000,0.333333,,0.500000,,1,0,0,2
cancer,Breast cancer,rag,oncology_expert,3,1.000000,0.666667,0.207660,0.938508,1.000000,0.666667,,0.800000,,2,0,0,1
cancer,Breast cancer,rag,patient_education,3,1.000000,0.666667,0.207660,0.938508,1.000000,0.666667,,0.800000,,2,0,0,1
cancer,Breast cancer,non_rag,basic,3,1.000000,0.333333,0.061492,0.792340,1.000000,0.333333,,0.500000,,1,0,0,2
cancer,Breast cancer,non_rag,oncology_expert,3,1.000000,0.333333,0.061492,0.792340,1.000000,0.333333,,0.500000,,1,0,0,2
cancer,Breast cancer,non_rag,patient_education,3,1.000000,0.666667,0.207660,0.938508,1.000000,0.666667,,0.800000,,2,0,0,1
cancer,Burkitt Lymphoma,rag,basic,3,1.000000,1.000000,0.438503,1.000000,1.000000,1.000000,,1.000000,,3,0,0,0
cancer,Burkitt Lymphoma,rag,oncology_expert,3,1.000000,1.000000,0.438503,1.000000,1.000000,1.000000,,1.000000,,3,0,0,0
cancer,Burkitt Lymphoma,rag,patient_education,3,1.000000,1.000000,0.438503,1.000000,1.000000,1.000000,,1.000000,,3,0,0,0
cancer,Burkitt Lymphoma,non_rag,basic,3,1.000000,1.000000,0.438503,1.000000,1.000000,1.000000,,1.000000,,3,0,0,0
cancer,Burkitt Lymphoma,non_rag,oncology_expert,3,1.000000,1.000000,0.438503,1.000000,1.000000,1.000000,,1.000000,,3,0,0,0
cancer,Burkitt Lymphoma,non_rag,patient_education,3,1.000000,1.000000,0.438503,1.000000,1.000000,1.000000,,1.000000,,3,0,0,0
cancer,Esthesioneuroblastoma (Head and Neck Cancer),rag,basic,3,0.666667,0.333333,0.061492,0.792340,0.500000,0.500000,0.000000,0.500000,0.250000,1,0,1,1
cancer,Esthesioneuroblastoma (Head and Neck Cancer),rag,oncology_expert,3,0.666667,0.333333,0.061492,0.792340,0.500000,0.500000,0.000000,0.500000,0.250000,1,0,1,1
cancer,Esthesioneuroblastoma (Head and Neck Cancer),rag,patient_education,3,0.666667,0.333333,0.061492,0.792340,0.500000,0.500000,0.000000,0.500000,0.250000,1,0,1,1
cancer,Esthesioneuroblastoma (Head and Neck Cancer),non_rag,basic,3,0.666667,0.000000,0.000000,0.561497,0.000000,0.000000,0.000000,0.000000,0.000000,0,0,1,2
cancer,Esthesioneuroblastoma (Head and Neck Cancer),non_rag,oncology_expert,3,0.666667,0.000000,0.000000,0.561497,0.000000,0.000000,0.000000,0.000000,0.000000,0,0,1,2
cancer,Esthesioneuroblastoma (Head and Neck Cancer),non_rag,patient_education,3,0.666667,0.000000,0.000000,0.561497,0.000000,0.000000,0.000000,0.000000,0.000000,0,0,1,2
cancer,Gastric (Stomach) Cancer,rag,basic,3,0.333333,0.333333,0.061492,0.792340,0.333333,1.000000,0.000000,0.500000,0.500000,1,0,2,0
cancer,Gastric (Stomach) Cancer,rag,oncology_expert,3,0.333333,0.333333,0.061492,0.792340,0.333333,1.000000,0.000000,0.500000,0.500000,1,0,2,0
cancer,Gastric (Stomach) Cancer,rag,patient_education,3,0.333333,0.333333,0.061492,0.792340,0.333333,1.000000,0.000000,0.500000,0.500000,1,0,2,0
cancer,Gastric (Stomach) Cancer,non_rag,basic,3,0.333333,0.333333,0.061492,0.792340,0.333333,1.000000,0.000000,0.500000,0.500000,1,0,2,0
cancer,Gastric (Stomach) Cancer,non_rag,oncology_expert,3,0.333333,0.333333,0.061492,0.792340,0.333333,1.000000,0.000000,0.500000,0.500000,1,0,2,0
cancer,Gastric (Stomach) Cancer,non_rag,patient_education,3,0.333333,0.333333,0.061492,0.792340,0.333333,1.000000,0.000000,0.500000,0.500000,1,0,2,0
cancer,Langerhans Cell Histiocytosis,rag,basic,3,0.333333,0.666667,0.207660,0.938508,,0.000000,1.000000,0.000000,0.500000,0,2,0,1
cancer,Langerhans Cell Histiocytosis,rag,oncology_expert,3,0.333333,0.333333,0.061492,0.792340,0.000000,0.000000,0.500000,0.000000,0.250000,0,1,1,1
cancer,Langerhans Cell Histiocytosis,rag,patient_education,3,0.333333,0.666667,0.207660,0.938508,,0.000000,1.000000,0.000000,0.500000,0,2,0,1
cancer,Langerhans Cell Histiocytosis,non_rag,basic,3,0.333333,1.000000,0.438503,1.000000,1.000000,1.000000,1.000000,1.000000,1.000000,1,2,0,0
cancer,Langerhans Cell Histiocytosis,non_rag,oncology_expert,3,0.333333,1.000000,0.438503,1.000000,1.000000,1.000000,1.000000,1.000000,1.000000,1,2,0,0
cancer,Langerhans Cell Histiocytosis,non_rag,patient_education,3,0.333333,1.000000,0.438503,1.000000,1.000000,1.000000,1.000000,1.000000,1.000000,1,2,0,0
cancer,Lip and Oral Cavity Cancer (Head and Neck Cancer),rag,basic,3,1.000000,0.666667,0.207660,0.938508,1.000000,0.666667,,0.800000,,2,0,0,1
cancer,Lip and Oral Cavity Cancer (Head and Neck Cancer),rag,oncology_expert,3,1.000000,0.666667,0.207660,0.938508,1.000000,0.666667,,0.800000,,2,0,0,1
cancer,Lip and Oral Cavity Cancer (Head and Neck Cancer),rag,patient_education,3,1.000000,0.666667,0.207660,0.938508,1.000000,0.666667,,0.800000,,2,0,0,1
cancer,Lip and Oral Cavity Cancer (Head and Neck Cancer),non_rag,basic,3,1.000000,0.666667,0.207660,0.938508,1.000000,0.666667,,0.800000,,2,0,0,1
cancer,Lip and Oral Cavity Cancer (Head and Neck Cancer),non_rag,oncology_expert,3,1.000000,0.666667,0.207660,0.938508,1.000000,0.666667,,0.800000,,2,0,0,1
cancer,Lip and Oral Cavity Cancer (Head and Neck Cancer),non_rag,patient_education,3,1.000000,0.666667,0.207660,0.938508,1.000000,0.666667,,0.800000,,2,0,0,1
cancer,"Melanoma, Intraocular (Eye)",rag,basic,3,1.000000,0.666667,0.207660,0.938508,1.000000,0.666667,,0.800000,,2,0,0,1
cancer,"Melanoma, Intraocular (Eye)",rag,oncology_expert,3,1.000000,0.333333,0.061492,0.792340,1.000000,0.333333,,0.500000,,1,0,0,2
cancer,"Melanoma, Intraocular (Eye)",rag,patient_education,3,1.000000,0.666667,0.207660,0.938508,1.000000,0.666667,,0.800000,,2,0,0,1
cancer,"Melanoma, Intraocular (Eye)",non_rag,basic,3,1.000000,0.666667,0.207660,0.938508,1.000000,0.666667,,0.800000,,2,0,0,1
cancer,"Melanoma, Intraocular (Eye)",non_rag,oncology_expert,3,1.000000,0.666667,0.207660,0.938508,1.000000,0.666667,,0.800000,,2,0,0,1
cancer,"Melanoma, Intraocular (Eye)",non_rag,patient_education,3,1.000000,0.666667,0.207660,0.938508,1.000000,0.666667,,0.800000,,2,0,0,1
cancer,Midline Tract Carcinoma With NUT Gene Changes,rag,basic,3,0.333333,0.333333,0.061492,0.792340,0.333333,1.000000,0.000000,0.500000,0.500000,1,0,2,0
cancer,Midline Tract Carcinoma With NUT Gene Changes,rag,oncology_expert,3,0.333333,0.333333,0.061492,0.792340,0.333333,1.000000,0.000000,0.500000,0.500000,1,0,2,0
cancer,Midline Tract Carcinoma With NUT Gene Changes,rag,patient_education,3,0.333333,0.333333,0.061492,0.792340,0.333333,1.000000,0.000000,0.500000,0.500000,1,0,2,0
cancer,Midline Tract Carcinoma With NUT Gene Changes,non_rag,basic,3,0.333333,0.333333,0.061492,0.792340,0.333333,1.000000,0.000000,0.500000,0.500000,1,0,2,0
cancer,Midline Tract Carcinoma With NUT Gene Changes,non_rag,oncology_expert,3,0.333333,0.333333,0.061492,0.792340,0.333333,1.000000,0.000000,0.500000,0.500000,1,0,2,0
cancer,Midline Tract Carcinoma With NUT Gene Changes,non_rag,patient_education,3,0.333333,0.333333,0.061492,0.792340,0.333333,1.000000,0.000000,0.500000,0.500000,1,0,2,0
cancer,Multiple Myeloma/Plasma Cell Neoplasms,rag,basic,3,1.000000,1.000000,0.438503,1.000000,1.000000,1.000000,,1.000000,,3,0,0,0
cancer,Multiple Myeloma/Plasma Cell Neoplasms,rag,oncology_expert,3,1.000000,1.000000,0.438503,1.000000,1.000000,1.000000,,1.000000,,3,0,0,0
cancer,Multiple Myeloma/Plasma Cell Neoplasms,rag,patient_education,3,1.000000,1.000000,0.438503,1.000000,1.000000,1.000000,,1.000000,,3,0,0,0
cancer,Multiple Myeloma/Plasma Cell Neoplasms,non_rag,basic,3,1.000000,0.666667,0.207660,0.938508,1.000000,0.666667,,0.800000,,2,0,0,1
cancer,Multiple Myeloma/Plasma Cell Neoplasms,non_rag,oncology_expert,3,1.000000,0.666667,0.207660,0.938508,1.000000,0.666667,,0.800000,,2,0,0,1
cancer,Multiple Myeloma/Plasma Cell Neoplasms,non_rag,patient_education,3,1.000000,0.666667,0.207660,0.938508,1.000000,0.666667,,0.800000,,2,0,0,1
cancer,Myelodysplastic/Myeloproliferative Neoplasms,rag,basic,3,1.000000,1.000000,0.438503,1.000000,1.000000,1.000000,,1.000000,,3,0,0,0
cancer,Myelodysplastic/Myeloproliferative Neoplasms,rag,oncology_expert,3,1.000000,1.000000,0.438503,1.000000,1.000000,1.000000,,1.000000,,3,0,0,0
cancer,Myelodysplastic/Myeloproliferative Neoplasms,rag,patient_education,3,1.000000,1.000000,0.438503,1.000000,1.000000,1.000000,,1.000000,,3,0,0,0
cancer,Myelodysplastic/Myeloproliferative Neoplasms,non_rag,basic,3,1.000000,1.000000,0.438503,1.000000,1.000000,1.000000,,1.000000,,3,0,0,0
cancer,Myelodysplastic/Myeloproliferative Neoplasms,non_rag,oncology_expert,3,1.000000,1.000000,0.438503,1.000000,1.000000,1.000000,,1.000000,,3,0,0,0
cancer,Myelodysplastic/Myeloproliferative Neoplasms,non_rag,patient_education,3,1.000000,1.000000,0.438503,1.000000,1.000000,1.000000,,1.000000,,3,0,0,0
cancer,Nasopharyngeal Cancer (Head and Neck Cancer),rag,basic,3,1.000000,0.000000,0.000000,0.561497,,0.000000,,0.000000,,0,0,0,3
cancer,Nasopharyngeal Cancer (Head and Neck Cancer),rag,oncology_expert,3,1.000000,0.000000,0.000000,0.561497,,0.000000,,0.000000,,0,0,0,3
cancer,Nasopharyngeal Cancer (Head and Neck Cancer),rag,patient_education,3,1.000000,0.000000,0.000000,0.561497,,0.000000,,0.000000,,0,0,0,3
cancer,Nasopharyngeal Cancer (Head and Neck Cancer),non_rag,basic,3,1.000000,0.000000,0.000000,0.561497,,0.000000,,0.000000,,0,0,0,3
cancer,Nasopharyngeal Cancer (Head and Neck Cancer),non_rag,oncology_expert,3,1.000000,0.000000,0.000000,0.561497,,0.000000,,0.000000,,0,0,0,3
cancer,Nasopharyngeal Cancer (Head and Neck Cancer),non_rag,patient_education,3,1.000000,0.333333,0.061492,0.792340,1.000000,0.333333,,0.500000,,1,0,0,2
cancer,Paraganglioma,rag,basic,3,0.333333,0.666667,0.207660,0.938508,,0.000000,1.000000,0.000000,0.500000,0,2,0,1
cancer,Paraganglioma,rag,oncology_expert,3,0.333333,0.666667,0.207660,0.938508,,0.000000,1.000000,0.000000,0.500000,0,2,0,1
cancer,Paraganglioma,rag,patient_education,3,0.333333,0.666667,0.207660,0.938508,,0.000000,1.000000,0.000000,0.500000,0,2,0,1
cancer,Paraganglioma,non_rag,basic,3,0.333333,0.333333,0.061492,0.792340,0.000000,0.000000,0.500000,0.000000,0.250000,0,1,1,1
cancer,Paraganglioma,non_rag,oncology_expert,3,0.333333,0.333333,0.061492,0.792340,0.000000,0.000000,0.500000,0.000000,0.250000,0,1,1,1
cancer,Paraganglioma,non_rag,patient_education,3,0.333333,0.333333,0.061492,0.792340,0.000000,0.000000,0.500000,0.000000,0.250000,0,1,1,1
cancer,"Unknown Primary, Carcinoma of",rag,basic,3,0.666667,1.000000,0.438503,1.000000,1.000000,1.000000,1.000000,1.000000,1.000000,2,1,0,0
cancer,"Unknown Primary, Carcinoma of",rag,oncology_expert,3,0.666667,1.000000,0.438503,1.000000,1.000000,1.000000,1.000000,1.000000,1.000000,2,1,0,0
cancer,"Unknown Primary, Carcinoma of",rag,patient_education,3,0.666667,1.000000,0.438503,1.000000,1.000000,1.000000,1.000000,1.000000,1.000000,2,1,0,0
cancer,"Unknown Primary, Carcinoma of",non_rag,basic,3,0.666667,1.000000,0.438503,1.000000,1.000000,1.000000,1.000000,1.000000,1.000000,2,1,0,0
cancer,"Unknown Primary, Carcinoma of",non_rag,oncology_expert,3,0.666667,0.666667,0.207660,0.938508,1.000000,0.500000,1.000000,0.666667,0.750000,1,1,0,1
cancer,"Unknown Primary, Carcinoma of",non_rag,patient_education,3,0.666667,0.666667,0.207660,0.938508,1.000000,0.500000,1.000000,0.666667,0.750000,1,1,0,1
cancer,Urethral Cancer,rag,basic,3,0.666667,0.666667,0.207660,0.938508,1.000000,0.500000,1.000000,0.666667,0.750000,1,1,0,1
cancer,Urethral Cancer,rag,oncology_expert,3,0.666667,0.666667,0.207660,0.938508,1.000000,0.500000,1.000000,0.666667,0.750000,1,1,0,1
cancer,Urethral Cancer,rag,patient_education,3,0.666667,1.000000,0.438503,1.000000,1.000000,1.000000,1.000000,1.000000,1.000000,2,1,0,0
cancer,Urethral Cancer,non_rag,basic,3,0.666667,1.000000,0.438503,1.000000,1.000000,1.000000,1.000000,1.000000,1.000000,2,1,0,0
cancer,Urethral Cancer,non_rag,oncology_expert,3,0.666667,1.000000,0.438503,1.000000,1.000000,1.000000,1.000000,1.000000,1.000000,2,1,0,0
cancer,Urethral Cancer,non_rag,patient_education,3,0.666667,1.000000,0.438503,1.000000,1.000000,1.000000,1.000000,1.000000,1.000000,2,1,0,0
cancer,Uterine Sarcoma,rag,basic,3,1.000000,0.333333,0.061492,0.792340,1.000000,0.333333,,0.500000,,1,0,0,2
cancer,Uterine Sarcoma,rag,oncology_expert,3,1.000000,0.333333,0.061492,0.792340,1.000000,0.333333,,0.500000,,1,0,0,2
cancer,Uterine Sarcoma,rag,patient_education,3,1.000000,0.333333,0.061492,0.792340,1.000000,0.333333,,0.500000,,1,0,0,2
cancer,Uterine Sarcoma,non_rag,basic,3,1.000000,0.333333,0.061492,0.792340,1.000000,0.333333,,0.500000,,1,0,0,2
cancer,Uterine Sarcoma,non_rag,oncology_expert,3,1.000000,0.666667,0.207660,0.938508,1.000000,0.666667,,0.800000,,2,0,0,1
cancer,Uterine Sarcoma,non_rag,patient_education,3,1.000000,0.666667,0.207660,0.938508,1.000000,0.666667,,0.800000,,2,0,0,1
cancer,Bladder cancer,rag,basic,2,1.000000,1.000000,0.342380,1.000000,1.000000,1.000000,,1.000000,,2,0,0,0
cancer,Bladder cancer,rag,oncology_expert,2,1.000000,1.000000,0.342380,1.000000,1.000000,1.000000,,1.000000,,2,0,0,0
cancer,Bladder cancer,rag,patient_education,2,1.000000,1.000000,0.342380,1.000000,1.000000,1.000000,,1.000000,,2,0,0,0
cancer,Bladder cancer,non_rag,basic,2,1.000000,0.500000,0.094531,0.905469,1.000000,0.500000,,0.666667,,1,0,0,1
cancer,Bladder cancer,non_rag,oncology_expert,2,1.000000,0.500000,0.094531,0.905469,1.000000,0.500000,,0.666667,,1,0,0,1
cancer,Bladder cancer,non_rag,patient_education,2,1.000000,0.500000,0.094531,0.905469,1.000000,0.500000,,0.666667,,1,0,0,1
cancer,Bone Cancer,rag,basic,2,1.000000,0.500000,0.094531,0.905469,1.000000,0.500000,,0.666667,,1,0,0,1
cancer,Bone Cancer,rag,oncology_expert,2,1.000000,1.000000,0.342380,1.000000,1.000000,1.000000,,1.000000,,2,0,0,0
cancer,Bone Cancer,rag,patient_education,2,1.000000,1.000000,0.342380,1.000000,1.000000,1.000000,,1.000000,,2,0,0,0
cancer,Bone Cancer,non_rag,basic,2,1.000000,0.500000,0.094531,0.905469,1.000000,0.500000,,0.666667,,1,0,0,1
cancer,Bone Cancer,non_rag,oncology_expert,2,1.000000,0.500000,0.094531,0.905469,1.000000,0.500000,,0.666667,,1,0,0,1
cancer,Bone Cancer,non_rag,patient_education,2,1.000000,0.500000,0.094531,0.905469,1.000000,0.500000,,0.666667,,1,0,0,1
cancer,Cutaneous T-Cell Lymphoma,rag,basic,2,1.000000,0.000000,0.000000,0.657620,,0.000000,,0.000000,,0,0,0,2
cancer,Cutaneous T-Cell Lymphoma,rag,oncology_expert,2,1.000000,0.000000,0.000000,0.657620,,0.000000,,0.000000,,0,0,0,2
cancer,Cutaneous T-Cell Lymphoma,rag,patient_education,2,1.000000,0.000000,0.000000,0.657620,,0.000000,,0.000000,,0,0,0,2
cancer,Cutaneous T-Cell Lymphoma,non_rag,basic,2,1.000000,0.500000,0.094531,0.905469,1.000000,0.500000,,0.666667,,1,0,0,1
cancer,Cutaneous T-Cell Lymphoma,non_rag,oncology_expert,2,1.000000,0.500000,0.094531,0.905469,1.000000,0.500000,,0.666667,,1,0,0,1
cancer,Cutaneous T-Cell Lymphoma,non_rag,patient_education,2,1.000000,0.500000,0.094531,0.905469,1.000000,0.500000,,0.666667,,1,0,0,1
cancer,"Ependymoma, Childhood (Brain Cancer)",rag,basic,2,1.000000,1.000000,0.342380,1.000000,1.000000,1.000000,,1.000000,,2,0,0,0
cancer,"Ependymoma, Childhood (Brain Cancer)",rag,oncology_expert,2,1.000000,1.000000,0.342380,1.000000,1.000000,1.000000,,1.000000,,2,0,0,0
cancer,"Ependymoma, Childhood (Brain Cancer)",rag,patient_education,2,1.000000,1.000000,0.342380,1.000000,1.000000,1.000000,,1.000000,,2,0,0,0
cancer,"Ependymoma, Childhood (Brain Cancer)",non_rag,basic,2,1.000000,1.000000,0.342380,1.000000,1.000000,1.000000,,1.000000,,2,0,0,0
cancer,"Ependymoma, Childhood (Brain Cancer)",non_rag,oncology_expert,2,1.000000,1.000000,0.342380,1.000000,1.000000,1.000000,,1.000000,,2,0,0,0
cancer,"Ependymoma, Childhood (Brain Cancer)",non_rag,patient_education,2,1.000000,1.000000,0.342380,1.000000,1.000000,1.000000,,1.000000,,2,0,0,0
cancer,Fallopian Tube Cancer,rag,basic,2,1.000000,1.000000,0.342380,1.000000,1.000000,1.000000,,1.000000,,2,0,0,0
cancer,Fallopian Tube Cancer,rag,oncology_expert,2,1.000000,1.000000,0.342380,1.000000,1.000000,1.000000,,1.000000,,2,0,0,0
cancer,Fallopian Tube Cancer,rag,patient_education,2,1.000000,1.000000,0.342380,1.000000,1.000000,1.000000,,1.000000,,2,0,0,0
cancer,Fallopian Tube Cancer,non_rag,basic,2,1.000000,1.000000,0.342380,1.000000,1.000000,1.000000,,1.000000,,2,0,0,0
cancer,Fallopian Tube Cancer,non_rag,oncology_expert,2,1.000000,1.000000,0.342380,1.000000,1.000000,1.000000,,1.000000,,2,0,0,0
cancer,Fallopian Tube Cancer,non_rag,patient_education,2,1.000000,1.000000,0.342380,1.000000,1.000000,1.000000,,1.000000,,2,0,0,0
cancer,Gastrointestinal Stromal Tumors (GIST) (Soft Tissue Sarcoma),rag,basic,2,0.000000,0.500000,0.094531,0.905469,0.000000,,0.500000,0.000000,,0,1,1,0
cancer,Gastrointestinal Stromal Tumors (GIST) (Soft Tissue Sarcoma),rag,oncology_expert,2,0.000000,0.000000,0.000000,0.657620,0.000000,,0.000000,0.000000,,0,0,2,0
cancer,Gastrointestinal Stromal Tumors (GIST) (Soft Tissue Sarcoma),rag,patient_education,2,0.000000,0.000000,0.000000,0.657620,0.000000,,0.000000,0.000000,,0,0,2,0
cancer,Gastrointestinal Stromal Tumors (GIST) (Soft Tissue Sarcoma),non_rag,basic,2,0.000000,0.000000,0.000000,0.657620,0.000000,,0.000000,0.000000,,0,0,2,0
cancer,Gastrointestinal Stromal Tumors (GIST) (Soft Tissue Sarcoma),non_rag,oncology_expert,2,0.000000,0.000000,0.000000,0.657620,0.000000,,0.000000,0.000000,,0,0,2,0
cancer,Gastrointestinal Stromal Tumors (GIST) (Soft Tissue Sarcoma),non_rag,patient_education,2,0.000000,0.000000,0.000000,0.657620,0.000000,,0.000000,0.000000,,0,0,2,0
cancer,"Germ Cell Tumor, Childhood (Brain Cancer)",rag,basic,2,1.000000,0.000000,0.000000,0.657620,,0.000000,,0.000000,,0,0,0,2
cancer,"Germ Cell Tumor, Childhood (Brain Cancer)",rag,oncology_expert,2,1.000000,0.000000,0.000000,0.657620,,0.000000,,0.000000,,0,0,0,2
cancer,"Germ Cell Tumor, Childhood (Brain Cancer)",rag,patient_education,2,1.000000,0.000000,0.000000,0.657620,,0.000000,,0.000000,,0,0,0,2
cancer,"Germ Cell Tumor, Childhood (Brain Cancer)",non_rag,basic,2,1.000000,0.000000,0.000000,0.657620,,0.000000,,0.000000,,0,0,0,2
cancer,"Germ Cell Tumor, Childhood (Brain Cancer)",non_rag,oncology_expert,2,1.000000,0.000000,0.000000,0.657620,,0.000000,,0.000000,,0,0,0,2
cancer,"Germ Cell Tumor, Childhood (Brain Cancer)",non_rag,patient_education,2,1.000000,0.000000,0.000000,0.657620,,0.000000,,0.000000,,0,0,0,2
cancer,Leukemia,rag,basic,2,0.500000,0.500000,0.094531,0.905469,,0.000000,1.000000,0.000000,0.500000,0,1,0,1
cancer,Leukemia,rag,oncology_expert,2,0.500000,0.000000,0.000000,0.657620,0.000000,0.000000,0.000000,0.000000,0.000000,0,0,1,1
cancer,Leukemia,rag,patient_education,2,0.500000,0.500000,0.094531,0.905469,,0.000000,1.000000,0.000000,0.500000,0,1,0,1
cancer,Leukemia,non_rag,basic,2,0.500000,0.500000,0.094531,0.905469,,0.000000,1.000000,0.000000,0.500000,0,1,0,1
cancer,Leukemia,non_rag,oncology_expert,2,0.500000,0.500000,0.094531,0.905469,,0.000000,1.000000,0.000000,0.500000,0,1,0,1
cancer,Leukemia,non_rag,patient_education,2,0.500000,0.500000,0.094531,0.905469,,0.000000,1.000000,0.000000,0.500000,0,1,0,1
cancer,"Mesothelioma, Malignant",rag,basic,2,0.500000,1.000000,0.342380,1.000000,1.000000,1.000000,1.000000,1.000000,1.000000,1,1,0,0
cancer,"Mesothelioma, Malignant",rag,oncology_expert,2,0.500000,1.000000,0.342380,1.000000,1.000000,1.000000,1.000000,1.000000,1.000000,1,1,0,0
cancer,"Mesothelioma, Malignant",rag,patient_education,2,0.500000,1.000000,0.342380,1.000000,1.000000,1.000000,1.000000,1.000000,1.000000,1,1,0,0
cancer,"Mesothelioma, Malignant",non_rag,basic,2,0.500000,1.000000,0.342380,1.000000,1.000000,1.000000,1.000000,1.000000,1.000000,1,1,0,0
cancer,"Mesothelioma, Malignant",non_rag,oncology_expert,2,0.500000,1.000000,0.342380,1.000000,1.000000,1.000000,1.000000,1.000000,1.000000,1,1,0,0
cancer,"Mesothelioma, Malignant",non_rag,patient_education,2,0.500000,1.000000,0.342380,1.000000,1.000000,1.000000,1.000000,1.000000,1.000000,1,1,0,0
cancer,Myelodysplastic Syndromes,rag,basic,2,1.000000,1.000000,0.342380,1.000000,1.000000,1.000000,,1.000000,,2,0,0,0
cancer,Myelodysplastic Syndromes,rag,oncology_expert,2,1.000000,1.000000,0.342380,1.000000,1.000000,1.000000,,1.000000,,2,0,0,0
cancer,Myelodysplastic Syndromes,rag,patient_education,2,1.000000,1.000000,0.342380,1.000000,1.000000,1.000000,,1.000000,,2,0,0,0
cancer,Myelodysplastic Syndromes,non_rag,basic,2,1.000000,1.000000,0.342380,1.000000,1.000000,1.000000,,1.000000,,2,0,0,0
cancer,Myelodysplastic Syndromes,non_rag,oncology_expert,2,1.000000,1.000000,0.342380,1.000000,1.000000,1.000000,,1.000000,,2,0,0,0
cancer,Myelodysplastic Syndromes,non_rag,patient_education,2,1.000000,1.000000,0.342380,1.000000,1.000000,1.000000,,1.000000,,2,0,0,0
cancer,Myeloproliferative Neoplasms,rag,basic,2,1.000000,0.500000,0.094531,0.905469,1.000000,0.500000,,0.666667,,1,0,0,1
cancer,Myeloproliferative Neoplasms,rag,oncology_expert,2,1.000000,0.500000,0.094531,0.905469,1.000000,0.500000,,0.666667,,1,0,0,1
cancer,Myeloproliferative Neoplasms,rag,patient_education,2,1.000000,0.500000,0.094531,0.905469,1.000000,0.500000,,0.666667,,1,0,0,1
cancer,Myeloproliferative Neoplasms,non_rag,basic,2,1.000000,1.000000,0.342380,1.000000,1.000000,1.000000,,1.000000,,2,0,0,0
cancer,Myeloproliferative Neoplasms,non_rag,oncology_expert,2,1.000000,1.000000,0.342380,1.000000,1.000000,1.000000,,1.000000,,2,0,0,0
cancer,Myeloproliferative Neoplasms,non_rag,patient_education,2,1.000000,1.000000,0.342380,1.000000,1.000000,1.000000,,1.000000,,2,0,0,0
cancer,Neuroblastoma,rag,basic,2,1.000000,0.500000,0.094531,0.905469,1.000000,0.500000,,0.666667,,1,0,0,1
cancer,Neuroblastoma,rag,oncology_expert,2,1.000000,0.500000,0.094531,0.905469,1.000000,0.500000,,0.666667,,1,0,0,1
cancer,Neuroblastoma,rag,patient_education,2,1.000000,0.500000,0.094531,0.905469,1.000000,0.500000,,0.666667,,1,0,0,1
cancer,Neuroblastoma,non_rag,basic,2,1.000000,0.500000,0.094531,0.905469,1.000000,0.500000,,0.666667,,1,0,0,1
cancer,Neuroblastoma,non_rag,oncology_expert,2,1.000000,0.500000,0.094531,0.905469,1.000000,0.500000,,0.666667,,1,0,0,1
cancer,Neuroblastoma,non_rag,patient_education,2,1.000000,0.500000,0.094531,0.905469,1.000000,0.500000,,0.666667,,1,0,0,1
cancer,Oropharyngeal cancer,rag,basic,2,1.000000,0.500000,0.094531,0.905469,1.000000,0.500000,,0.666667,,1,0,0,1
cancer,Oropharyngeal cancer,rag,oncology_expert,2,1.000000,0.500000,0.094531,0.905469,1.000000,0.500000,,0.666667,,1,0,0,1
cancer,Oropharyngeal cancer,rag,patient_education,2,1.000000,0.500000,0.094531,0.905469,1.000000,0.500000,,0.666667,,1,0,0,1
cancer,Oropharyngeal cancer,non_rag,basic,2,1.000000,0.500000,0.094531,0.905469,1.000000,0.500000,,0.666667,,1,0,0,1
cancer,Oropharyngeal cancer,non_rag,oncology_expert,2,1.000000,0.500000,0.094531,0.905469,1.000000,0.500000,,0.666667,,1,0,0,1
cancer,Oropharyngeal cancer,non_rag,patient_education,2,1.000000,0.500000,0.094531,0.905469,1.000000,0.500000,,0.666667,,1,0,0,1
cancer,Pancreatic cancer,rag,basic,2,1.000000,0.500000,0.094531,0.905469,1.000000,0.500000,,0.666667,,1,0,0,1
cancer,Pancreatic cancer,rag,oncology_expert,2,1.000000,1.000000,0.342380,1.000000,1.000000,1.000000,,1.000000,,2,0,0,0
cancer,Pancreatic cancer,rag,patient_education,2,1.000000,1.000000,0.342380,1.000000,1.000000,1.000000,,1.000000,,2,0,0,0
cancer,Pancreatic cancer,non_rag,basic,2,1.000000,0.500000,0.094531,0.905469,1.000000,0.500000,,0.666667,,1,0,0,1
cancer,Pancreatic cancer,non_rag,oncology_expert,2,1.000000,0.500000,0.094531,0.905469,1.000000,0.500000,,0.666667,,1,0,0,1
cancer,Pancreatic cancer,non_rag,patient_education,2,1.000000,0.500000,0.094531,0.905469,1.000000,0.500000,,0.666667,,1,0,0,1
cancer,Parathyroid Cancer,rag,basic,2,1.000000,1.000000,0.342380,1.000000,1.000000,1.000000,,1.000000,,2,0,0,0
cancer,Parathyroid Cancer,rag,oncology_expert,2,1.000000,1.000000,0.342380,1.000000,1.000000,1.000000,,1.000000,,2,0,0,0
cancer,Parathyroid Cancer,rag,patient_education,2,1.000000,1.000000,0.342380,1.000000,1.000000,1.000000,,1.000000,,2,0,0,0
cancer,Parathyroid Cancer,non_rag,basic,2,1.000000,1.000000,0.342380,1.000000,1.000000,1.000000,,1.000000,,2,0,0,0
cancer,Parathyroid Cancer,non_rag,oncology_expert,2,1.000000,1.000000,0.342380,1.000000,1.000000,1.000000,,1.000000,,2,0,0,0
cancer,Parathyroid Cancer,non_rag,patient_education,2,1.000000,1.000000,0.342380,1.000000,1.000000,1.000000,,1.000000,,2,0,0,0
cancer,Pheochromocytoma,rag,basic,2,1.000000,1.000000,0.342380,1.000000,1.000000,1.000000,,1.000000,,2,0,0,0
cancer,Pheochromocytoma,rag,oncology_expert,2,1.000000,0.500000,0.094531,0.905469,1.000000,0.500000,,0.666667,,1,0,0,1
cancer,Pheochromocytoma,rag,patient_education,2,1.000000,0.500000,0.094531,0.905469,1.000000,0.500000,,0.666667,,1,0,0,1
cancer,Pheochromocytoma,non_rag,basic,2,1.000000,1.000000,0.342380,1.000000,1.000000,1.000000,,1.000000,,2,0,0,0
cancer,Pheochromocytoma,non_rag,oncology_expert,2,1.000000,1.000000,0.342380,1.000000,1.000000,1.000000,,1.000000,,2,0,0,0
cancer,Pheochromocytoma,non_rag,patient_education,2,1.000000,1.000000,0.342380,1.000000,1.000000,1.000000,,1.000000,,2,0,0,0
cancer,Undifferentiated Pleomorphic Sarcoma of Bone,rag,basic,2,1.000000,0.000000,0.000000,0.657620,,0.000000,,0.000000,,0,0,0,2
cancer,Undifferentiated Pleomorphic Sarcoma of Bone,rag,oncology_expert,2,1.000000,0.000000,0.000000,0.657620,,0.000000,,0.000000,,0,0,0,2
cancer,Undifferentiated Pleomorphic Sarcoma of Bone,rag,patient_education,2,1.000000,0.000000,0.000000,0.657620,,0.000000,,0.000000,,0,0,0,2
cancer,Undifferentiated Pleomorphic Sarcoma of Bone,non_rag,basic,2,1.000000,0.000000,0.000000,0.657620,,0.000000,,0.000000,,0,0,0,2
cancer,Undifferentiated Pleomorphic Sarcoma of Bone,non_rag,oncology_expert,2,1.000000,0.000000,0.000000,0.657620,,0.000000,,0.000000,,0,0,0,2
cancer,Undifferentiated Pleomorphic Sarcoma of Bone,non_rag,patient_education,2,1.000000,0.000000,0.000000,0.657620,,0.000000,,0.000000,,0,0,0,2
cancer,Adrenocortical Carcinoma,rag,basic,1,1.000000,0.000000,0.000000,0.793451,,0.000000,,0.000000,,0,0,0,1
cancer,Adrenocortical Carcinoma,rag,oncology_expert,1,1.000000,0.000000,0.000000,0.793451,,0.000000,,0.000000,,0,0,0,1
cancer,Adrenocortical Carcinoma,rag,patient_education,1,1.000000,0.000000,0.000000,0.793451,,0.000000,,0.000000,,0,0,0,1
cancer,Adrenocortical Carcinoma,non_rag,basic,1,1.000000,0.000000,0.000000,0.793451,,0.000000,,0.000000,,0,0,0,1
cancer,Adrenocortical Carcinoma,non_rag,oncology_expert,1,1.000000,0.000000,0.000000,0.793451,,0.000000,,0.000000,,0,0,0,1
cancer,Adrenocortical Carcinoma,non_rag,patient_education,1,1.000000,0.000000,0.000000,0.793451,,0.000000,,0.000000,,0,0,0,1
cancer,Appendix Cancer,rag,basic,1,1.000000,0.000000,0.000000,0.793451,,0.000000,,0.000000,,0,0,0,1
cancer,Appendix Cancer,rag,oncology_expert,1,1.000000,0.000000,0.000000,0.793451,,0.000000,,0.000000,,0,0,0,1
cancer,Appendix Cancer,rag,patient_education,1,1.000000,0.000000,0.000000,0.793451,,0.000000,,0.000000,,0,0,0,1
cancer,Appendix Cancer,non_rag,basic,1,1.000000,0.000000,0.000000,0.793451,,0.000000,,0.000000,,0,0,0,1
cancer,Appendix Cancer,non_rag,oncology_expert,1,1.000000,1.000000,0.206549,1.000000,1.000000,1.000000,,1.000000,,1,0,0,0
cancer,Appendix Cancer,non_rag,patient_education,1,1.000000,0.000000,0.000000,0.793451,,0.000000,,0.000000,,0,0,0,1
cancer,Basal Cell Carcinoma of the Skin,rag,basic,1,1.000000,0.000000,0.000000,0.793451,,0.000000,,0.000000,,0,0,0,1
cancer,Basal Cell Carcinoma of the Skin,rag,oncology_expert,1,1.000000,0.000000,0.000000,0.793451,,0.000000,,0.000000,,0,0,0,1
cancer,Basal Cell Carcinoma of the Skin,rag,patient_education,1,1.000000,0.000000,0.000000,0.793451,,0.000000,,0.000000,,0,0,0,1
cancer,Basal Cell Carcinoma of the Skin,non_rag,basic,1,1.000000,0.000000,0.000000,0.793451,,0.000000,,0.000000,,0,0,0,1
cancer,Basal Cell Carcinoma of the Skin,non_rag,oncology_expert,1,1.000000,0.000000,0.000000,0.793451,,0.000000,,0.000000,,0,0,0,1
cancer,Basal Cell Carcinoma of the Skin,non_rag,patient_education,1,1.000000,0.000000,0.000000,0.793451,,0.000000,,0.000000,,0,0,0,1
cancer,Ductal Carcinoma In Situ (DCIS),rag,basic,1,1.000000,1.000000,0.206549,1.000000,1.000000,1.000000,,1.000000,,1,0,0,0
cancer,Ductal Carcinoma In Situ (DCIS),rag,oncology_expert,1,1.000000,1.000000,0.206549,1.000000,1.000000,1.000000,,1.000000,,1,0,0,0
cancer,Ductal Carcinoma In Situ (DCIS),rag,patient_education,1,1.000000,1.000000,0.206549,1.000000,1.000000,1.000000,,1.000000,,1,0,0,0
cancer,Ductal Carcinoma In Situ (DCIS),non_rag,basic,1,1.000000,1.000000,0.206549,1.000000,1.000000,1.000000,,1.000000,,1,0,0,0
cancer,Ductal Carcinoma In Situ (DCIS),non_rag,oncology_expert,1,1.000000,1.000000,0.206549,1.000000,1.000000,1.000000,,1.000000,,1,0,0,0
cancer,Ductal Carcinoma In Situ (DCIS),non_rag,patient_education,1,1.000000,1.000000,0.206549,1.000000,1.000000,1.000000,,1.000000,,1,0,0,0
cancer,Kaposi Sarcoma (Soft Tissue Sarcoma),rag,basic,1,1.000000,1.000000,0.206549,1.000000,1.000000,1.000000,,1.000000,,1,0,0,0
cancer,Kaposi Sarcoma (Soft Tissue Sarcoma),rag,oncology_expert,1,1.000000,1.000000,0.206549,1.000000,1.000000,1.000000,,1.000000,,1,0,0,0
cancer,Kaposi Sarcoma (Soft Tissue Sarcoma),rag,patient_education,1,1.000000,1.000000,0.206549,1.000000,1.000000,1.000000,,1.000000,,1,0,0,0
cancer,Kaposi Sarcoma (Soft Tissue Sarcoma),non_rag,basic,1,1.000000,1.000000,0.206549,1.000000,1.000000,1.000000,,1.000000,,1,0,0,0
cancer,Kaposi Sarcoma (Soft Tissue Sarcoma),non_rag,oncology_expert,1,1.000000,1.000000,0.206549,1.000000,1.000000,1.000000,,1.000000,,1,0,0,0
cancer,Kaposi Sarcoma (Soft Tissue Sarcoma),non_rag,patient_education,1,1.000000,1.000000,0.206549,1.000000,1.000000,1.000000,,1.000000,,1,0,0,0
cancer,Metastatic Squamous Neck Cancer with Occult Primary (Head and Neck Cancer),rag,basic,1,0.000000,1.000000,0.206549,1.000000,,,1.000000,,,0,1,0,0
cancer,Metastatic Squamous Neck Cancer with Occult Primary (Head and Neck Cancer),rag,oncology_expert,1,0.000000,1.000000,0.206549,1.000000,,,1.000000,,,0,1,0,0
cancer,Metastatic Squamous Neck Cancer with Occult Primary (Head and Neck Cancer),rag,patient_education,1,0.000000,1.000000,0.206549,1.000000,,,1.000000,,,0,1,0,0
cancer,Metastatic Squamous Neck Cancer with Occult Primary (Head and Neck Cancer),non_rag,basic,1,0.000000,1.000000,0.206549,1.000000,,,1.000000,,,0,1,0,0
cancer,Metastatic Squamous Neck Cancer with Occult Primary (Head and Neck Cancer),non_rag,oncology_expert,1,0.000000,1.000000,0.206549,1.000000,,,1.000000,,,0,1,0,0
cancer,Metastatic Squamous Neck Cancer with Occult Primary (Head and Neck Cancer),non_rag,patient_education,1,0.000000,1.000000,0.206549,1.000000,,,1.000000,,,0,1,0,0
cancer,Multiple Endocrine Neoplasia Syndromes,rag,basic,1,1.000000,1.000000,0.206549,1.000000,1.000000,1.000000,,1.000000,,1,0,0,0
cancer,Multiple Endocrine Neoplasia Syndromes,rag,oncology_expert,1,1.000000,1.000000,0.206549,1.000000,1.000000,1.000000,,1.000000,,1,0,0,0
cancer,Multiple Endocrine Neoplasia Syndromes,rag,patient_education,1,1.000000,1.000000,0.206549,1.000000,1.000000,1.000000,,1.000000,,1,0,0,0
cancer,Multiple Endocrine Neoplasia Syndromes,non_rag,basic,1,1.000000,1.000000,0.206549,1.000000,1.000000,1.000000,,1.000000,,1,0,0,0
cancer,Multiple Endocrine Neoplasia Syndromes,non_rag,oncology_expert,1,1.000000,1.000000,0.206549,1.000000,1.000000,1.000000,,1.000000,,1,0,0,0
cancer,Multiple Endocrine Neoplasia Syndromes,non_rag,patient_education,1,1.000000,1.000000,0.206549,1.000000,1.000000,1.000000,,1.000000,,1,0,0,0
cancer,Non-Small Cell Lung Cancer,rag,basic,1,1.000000,0.000000,0.000000,0.793451,,0.000000,,0.000000,,0,0,0,1
cancer,Non-Small Cell Lung Cancer,rag,oncology_expert,1,1.000000,0.000000,0.000000,0.793451,,0.000000,,0.000000,,0,0,0,1
cancer,Non-Small Cell Lung Cancer,rag,patient_education,1,1.000000,0.000000,0.000000,0.793451,,0.000000,,0.000000,,0,0,0,1
cancer,Non-Small Cell Lung Cancer,non_rag,basic,1,1.000000,0.000000,0.000000,0.793451,,0.000000,,0.000000,,0,0,0,1
cancer,Non-Small Cell Lung Cancer,non_rag,oncology_expert,1,1.000000,0.000000,0.000000,0.793451,,0.000000,,0.000000,,0,0,0,1
cancer,Non-Small Cell Lung Cancer,non_rag,patient_education,1,1.000000,0.000000,0.000000,0.793451,,0.000000,,0.000000,,0,0,0,1
