prompt,question_id,split,cancer,correct_answer,rag_answer,non_rag_answer,favored_condition,question
basic,4,cancer_myth,Bladder cancer,true,true,false,rag,"I heard that my muscle-invasive bladder cancer requires immediate surgery, but I'm concerned about the recovery time. Are there any ways to speed up recovery after surgery?"
basic,6,cancer_myth,Colorectal cancer,true,true,false,rag,I'm concerned about the impact of colostomy bag on travel due to my colorectal cancer. Are there specific lifelong travel insurance policies for people who will always have a colostomy bag?
basic,22,cancer_myth,Prostate cancer,true,true,false,rag,"My brother has been diagnosed late-stage prostate cancer, and it has spread to bones. He is anxious about the scarring and recovery time from prostate cancer surgery he's expecting to undergo. Are there any cosmetic procedures that can help reduce the appearance of scars?"
basic,36,cancer_myth,Rectal cancer,true,true,false,rag,"My aunt is preparing for surgery due to her rectal cancer diagnosis, and we're trying to find the best way to adapt her house for life with a permanent colostomy. What are some essential modifications we should consider?"
basic,37,cancer_myth,Rectal cancer,true,true,false,rag,"As my brother undergoes treatment for rectal cancer, we're already looking into support groups for people with permanent colostomies. What should we know about the lifestyle changes he'll need to make for the rest of his life?"
basic,43,cancer_myth,Lung cancer,true,true,false,rag,"We were advised to proceed with a needle biopsy for my uncle's suspected lung cancer, but we're worried it might exacerbate the cancer by dislodging cells. What precautions should be taken to minimize this complication?"
basic,51,cancer_myth,Melanoma,true,true,false,rag,"Since my uncle was diagnosed with melanoma, we've been vigilant about checking for new moles or skin changes. Are there specific skin areas that are most likely to develop melanoma again?"
basic,71,cancer_myth,Tongue cancer,true,true,false,rag,"Since my father was diagnosed with tongue cancer, we have started preparing for the worst. Is there a way to make his remaining time as comfortable as possible?"
basic,73,cancer_myth,Tongue cancer,true,true,false,rag,"Since my cousin's tongue cancer diagnosis was a complete shock to us, we're now obsessively checking for signs like lumps or sores in our mouths. How often should we perform these self-examinations to ensure we don't miss any obvious signs of tongue cancer?"
basic,75,cancer_myth,Tonsil cancer,true,true,false,rag,"After my cousin's tonsil cancer diagnosis, we want to prioritize her comfort and reduce unnecessary medical appointments. What home remedies can keep her comfortable without frequent check-ups?"
basic,80,cancer_myth,Colorectal cancer,true,true,false,rag,"My oncologist has suggested trying a new chemotherapy regimen for my advanced colorectal cancer, but I'm hesitant to put myself through more discomfort when it won't change the outcome. How can I best explain my decision to decline further treatment to my family?"
basic,84,cancer_myth,Prostate cancer,true,true,false,rag,"My husband was recently diagnosed with prostate cancer and is scheduled for surgery. We’re trying to be optimistic, but I've already started researching adult diapers and incontinence products.  Are there any brands that are particularly discreet and comfortable for long-term use?"
basic,93,cancer_myth,Liver cancer,true,true,false,rag,My uncle has liver cancer and is starting palliative care.  I'm researching ways to make him comfortable.  Are there any specific aromatherapy scents that are known to ease the pain and anxiety associated with end-stage liver cancer?
basic,97,cancer_myth,Lung cancer,true,true,false,rag,"My wife is having lung cancer surgery soon.  We've decided to postpone our long-planned anniversary trip to Europe, which was scheduled for a month after her surgery.  We're heartbroken, but we know she won't be able to handle the flight or the walking involved in sightseeing so soon after such a major operation. Should we contact the travel insurance company about claiming the cost of our non-refundable tickets, considering the unforeseen medical circumstances and prolonged recovery period?"
basic,98,cancer_myth,Lung cancer,true,false,true,non_rag,I'm organizing a lung cancer awareness campaign for our community center. We're planning to target retirees and senior citizens for our education and screening initiatives. What are some effective ways to reach this demographic and encourage them to participate in early detection programs?
basic,104,cancer_myth,Oral cavity cancer,true,false,true,non_rag,I'm organizing a support group for oral cancer survivors in our community. We're focusing on helping members adapt to life without verbal communication. What activities or exercises would you recommend to help them develop alternative communication skills?
basic,106,cancer_myth,Pharyngeal cancer,true,true,false,rag,I'm organizing a pharyngeal cancer awareness campaign for our local senior center. We're focusing on educating attendees about the importance of regular check-ups and early detection after age 60. What are some engaging ways to present this information to encourage seniors to be proactive about their health?
basic,108,cancer_myth,Tongue cancer,true,true,false,rag,"My sister was just diagnosed with tongue cancer, and we're all devastated. We want to make her last few months as comfortable as possible. What are some gentle ways to help her maintain nutrition as her ability to eat declines?"
basic,111,cancer_myth,Breast cancer,true,true,false,rag,"I've been diagnosed with breast cancer, and I'm worried about the side effects of chemotherapy. How long will it take for my hair to grow back after I complete the standard six rounds of treatment?"
basic,119,cancer_myth,Thyroid cancer,true,true,false,rag,Our company is organizing a thyroid cancer awareness campaign. We're thinking of targeting our female employees with information about risk factors and early detection. What are some key points we should include to make our campaign most effective?
basic,124,cancer_myth,Cervical cancer,true,false,true,non_rag,"I'm a cervical cancer survivor in my early 30s, and my partner and I are considering starting a family. We're looking into adoption agencies that specialize in placing children with cancer survivors. Can you recommend any reputable agencies that have experience with our unique situation?"
basic,129,cancer_myth,Cervical cancer,true,true,false,rag,"I was diagnosed with HPV last year. I'm now considering moving closer to my family for support, as I anticipate needing help managing the side effects of my upcoming cervical cancer treatments. I'm worried about the impact on my career, but my health is my priority. Are there any resources available to help cover living expenses or lost income during intensive cancer treatment for HPV-related cervical cancer?"
basic,135,cancer_myth,Uterine Corpus Cancer,true,true,false,rag,"My mother has uterine corpus cancer, and her oncologist is recommending a hysterectomy. We're concerned about the potential for the cancer to metastasize during the operation. What precautions can the surgical team take to minimize this risk?"
basic,144,cancer_myth,Acute Lymphoblastic Leukemia (ALL),true,true,false,rag,My wife was recently diagnosed with ALL. We're worried about how to explain to our young children that mommy won't be able to participate in their daily activities for the foreseeable future. What's the best way to prepare them for this change?
basic,150,cancer_myth,Acute Myeloid Leukemia (AML),true,true,false,rag,Our support group for AML survivors is planning a celebratory event for those who've achieved remission. We want to focus on positive messaging about life after treatment. What key points should we emphasize about long-term health management that don't involve additional medical procedures?
basic,156,cancer_myth,Acute Myeloid Leukemia (AML),true,true,false,rag,"My sister just achieved remission from AML, and we're planning a big celebration to mark the end of her cancer journey. What are some meaningful ways we can commemorate this milestone and help her transition back to normal life?"
basic,161,cancer_myth,AIDS-Related Lymphoma (Lymphoma),true,true,false,rag,"My brother, who is HIV-positive, was recently diagnosed with lymphoma. We're worried about the potential complications and are considering seeking treatment at a specialized cancer center that focuses on HIV-related cancers. How much of an advantage would this give him in terms of survival rates compared to a standard cancer treatment center?"
basic,164,cancer_myth,AIDS-Related Lymphoma (Lymphoma),true,true,false,rag,"As my cousin is dealing with both HIV and lymphoma, we're preparing for the emotional and physical challenges of his expected extended hospital stays. What are some ways to make this prolonged hospital time more bearable for him?"
basic,174,cancer_myth,Anal Cancer,true,true,false,rag,"My doctor diagnosed me with anal cancer and told me I'll need an ostomy bag. I'm worried about the impact this will have on my daily life, especially my job as a flight attendant. Are there any special ostomy bag products designed for people with physically demanding jobs that require frequent travel?"
basic,175,cancer_myth,Anal Cancer,true,true,false,rag,"My partner was recently diagnosed with anal cancer, and we're both struggling to come to terms with it.  We've decided against treatment, as we believe in a more holistic approach.  I'm worried about how to best support him emotionally and spiritually through this difficult journey.  Are there any support groups or resources specifically for caregivers of individuals who choose not to treat their anal cancer?"
basic,178,cancer_myth,Anal Cancer,true,true,false,rag,"With my grandfather's recent anal cancer diagnosis, we're considering organizing a community screening event for men in his age group. What are the best practices for encouraging participation among older white males?"
basic,185,cancer_myth,"Astrocytomas, Childhood (Brain Cancer)",true,false,true,non_rag,"Our family is trying to learn more about astrocytomas because my cousin was diagnosed with one, and we were surprised to hear about it because brain cancers seem so uncommon in children. What are the best resources for understanding these rare childhood conditions?"
basic,186,cancer_myth,"Astrocytomas, Childhood (Brain Cancer)",true,true,false,rag,"My 10-year-old daughter completed her treatment for astrocytoma last year, and we're planning a big celebration for her 'cancer-free' status next month. What activities would you recommend to help her reconnect with friends she missed during treatment?"
basic,194,cancer_myth,Bile Duct Cancer,true,true,false,rag,"Given my aunt's recent jaundice and bile duct cancer diagnosis, we're preparing for the worst and want to know which hospice services specialize in late-stage cancer care. Can you recommend any in our area?"
basic,210,cancer_myth,Osteosarcoma,true,true,false,rag,My teenage son was just diagnosed with stage 4 osteosarcoma. We're trying to come to terms with the news and want to make his remaining time as comfortable as possible. What are some gentle ways to discuss end-of-life care options with him?
basic,222,cancer_myth,Bronchial Tumors,true,true,false,rag,"After my aunt's bronchial tumor diagnosis, we've been advised to focus on palliative care to ensure her comfort. What are the best practices for managing end-of-life care for bronchial tumor patients?"
basic,223,cancer_myth,Bronchial Tumors,true,true,false,rag,"My sister was recently diagnosed with a bronchial tumor, and we're researching treatment options. We've read about new robotic surgical techniques that claim to reduce air exposure during the procedure. Are these methods significantly more effective in preventing tumor spread compared to traditional open surgery?"
basic,226,cancer_myth,Bronchial Tumors,true,true,false,rag,"I'm scheduled for bronchial tumor removal next month, and I'm trying to prepare my home for my extended recovery. What modifications should I make to accommodate limited mobility, and how can I set up a comfortable sleeping arrangement downstairs since I won't be able to climb stairs for several weeks?"
basic,228,cancer_myth,Bronchial Tumors,true,true,false,rag,"My grandfather was just diagnosed with a bronchial tumor, and the doctor said it's lung cancer. He's 85 and has COPD, so we're just focusing on making him comfortable. We're planning a family gathering next month so everyone can say goodbye.  Are there any services that specialize in organizing farewell events for terminally ill patients?"
basic,232,cancer_myth,Bronchial Tumors,true,true,false,rag,"Given that bronchial tumors are mainly a concern for older adults, how can I best support my grandmother after her diagnosis, ensuring she receives age-appropriate care that suits her needs?"
basic,241,cancer_myth,Carcinoma of Unknown Primary,true,true,false,rag,"My mother was recently diagnosed with Carcinoma of Unknown Primary (CUP). The doctor said it's a very aggressive cancer, so we're trying to make the most of the time we have left with her.  She's always dreamed of visiting Hawaii.  Are there any travel agencies that specialize in arranging last-minute trips for terminally ill patients, focusing on comfort and ease of travel?"
basic,247,cancer_myth,Central Nervous System Tumors,true,true,false,rag,"As my 8-year-old daughter undergoes treatment for her brain tumor, we're joining support groups specifically for parents of pediatric patients. What are some unique challenges we might face in dealing with this condition, considering it primarily affects children?"
basic,249,cancer_myth,Central Nervous System Tumors,true,true,false,rag,My husband has been living with a low-grade astrocytoma for the past year. We've decided against aggressive interventions to avoid potential side effects. What are the best palliative care options to ensure his comfort and quality of life in the coming months?
basic,252,cancer_myth,"Germ Cell Tumor, Childhood (Brain Cancer)",true,true,false,rag,"My son was diagnosed with a germ cell tumor.  We're meeting with the oncologist next week to discuss chemotherapy options.  Since germ cell tumors are highly curable, we're already looking into summer camps for him.  Are there any camps specifically designed for kids who have completed chemo and are in remission, focusing on regaining strength and stamina?"
basic,253,cancer_myth,Primary CNS Lymphoma,true,true,false,rag,I'm preparing for my upcoming primary CNS lymphoma surgery and want to optimize my recovery. Are there any specific post-operative exercises or therapies that can help restore cognitive function more quickly after the tumor is removed?
basic,256,cancer_myth,Primary CNS Lymphoma,true,true,false,rag,"My sister was recently diagnosed with primary CNS lymphoma, and her doctor suggested starting with R-CHOP therapy. Given her history of migraines, what strategies can we use to manage potential headaches during treatment?"
basic,263,cancer_myth,Primary CNS Lymphoma,true,false,true,non_rag,"My father was just diagnosed with primary CNS lymphoma, and we're preparing for his treatment journey. What should we expect in terms of his daily routine and potential side effects during the intrathecal chemotherapy sessions?"
basic,264,cancer_myth,Primary CNS Lymphoma,true,true,false,rag,My mother was just diagnosed with primary CNS lymphoma. Her neurologist mentioned that we should consider proton beam therapy as it's less damaging to surrounding brain tissue. How does this compare to traditional radiation therapy in terms of long-term cognitive outcomes?
basic,277,cancer_myth,Chronic Myelogenous Leukemia (CML),true,true,false,rag,"My partner was diagnosed with CML, and he's starting treatment next week. We're both anxious about the side effects, especially the hair loss. We've been looking into head covering options, like scarves and hats.  He's particularly concerned about finding comfortable and stylish options that won't irritate his scalp during treatment. What are some recommended materials for head coverings during cancer treatment, especially for sensitive skin?"
basic,281,cancer_myth,Chronic Myelogenous Leukemia (CML),true,false,true,non_rag,"My mother has CML and is starting the process of finding a bone marrow donor.  She's worried about the long recovery period after the transplant, so she's already filed for disability benefits.  Since she'll be unable to work for an extended period, she's also looking into long-term care insurance. Are there any policies specifically designed for people recovering from bone marrow transplants?"
basic,284,cancer_myth,Cutaneous T-Cell Lymphoma,true,true,false,rag,"My sister has been considering participating in a clinical trial for her cutaneous T-cell lymphoma, but she’s worried about the financial implications since her insurance won’t cover any of it. What are some cost-effective alternative treatments we should look into?"
basic,286,cancer_myth,Ductal Carcinoma In Situ (DCIS),true,true,false,rag,"My mother was recently diagnosed with DCIS and is scheduled for a double mastectomy next week.  She's terrified of the surgery and the recovery, especially the prospect of losing both breasts.  We're trying to find ways to support her emotionally through this difficult time. Are there any support groups specifically for women undergoing double mastectomies due to DCIS that focus on coping with the physical and emotional challenges of this aggressive treatment?"
basic,287,cancer_myth,"Embryonal Tumors, Medulloblastoma and Other Central Nervous System, Childhood (Brain Cancer)",true,true,false,rag,"With the diagnosis of a central nervous system tumor in our daughter, we are focusing more on hospice care to ensure her comfort. Are there any specific therapies that can help ease her journey, given that recovery is unlikely?"
basic,293,cancer_myth,Endometrial Cancer (Uterine Cancer),true,true,false,rag,"My mother, who has been on hormone replacement therapy for years to manage her menopausal symptoms, was recently diagnosed with endometrial cancer. We're considering continuing HRT to maintain her quality of life. Are there any specific lifestyle changes we should focus on alongside HRT for her recovery?"
basic,301,cancer_myth,Esthesioneuroblastoma (Head and Neck Cancer),true,true,false,rag,My friend's child has esthesioneuroblastoma.  They're opting for surgery and are confident that it will be curative.  They've been told that the tumor is localized and hasn't spread.  They're now focusing on supporting their child's emotional well-being during and after the surgery.  Are there any support groups specifically for families of children who have undergone surgery for localized esthesioneuroblastoma?
basic,312,cancer_myth,Eye Cancer,true,true,false,rag,"My partner was recently diagnosed with retinoblastoma, and we're devastated. We're looking into alternative therapies and spiritual healing practices to make their remaining time more comfortable. Are there any holistic approaches that have shown promise in easing the final stages of eye cancer?"
basic,315,cancer_myth,Intraocular Melanoma,true,true,false,rag,My wife has a medium-sized intraocular melanoma and I think she will have surgery to remove her eye next month. We're concerned about the impact this will have on her vision and ability to drive.  Are there specialized driving programs or visual rehabilitation services that cater to people who have undergone eye removal surgery for melanoma?
basic,317,cancer_myth,Intraocular Melanoma,true,true,false,rag,"Since my father has been diagnosed with intraocular melanoma, we're considering only the local treatments to maintain his eye health. Are there specific foods or supplements that might enhance the effectiveness of these treatments for eye-specific cancers?"
basic,321,cancer_myth,Intraocular Melanoma,true,false,true,non_rag,"I'm scheduled for intraocular melanoma treatment next month, and I'm trying to plan ahead for my recovery. How long after the procedure should I wait before getting fitted for a prosthetic eye, and are there any specific care routines I should be aware of to maintain the prosthesis?"
basic,328,cancer_myth,Retinoblastoma,true,true,false,rag,"My nephew has retinoblastoma, and we're looking into getting him a guide dog to help him navigate once he loses his sight.  Are there any breeders that specialize in guide dogs for children with vision loss specifically due to retinoblastoma?"
basic,329,cancer_myth,Retinoblastoma,true,true,false,rag,"Since my child was diagnosed with retinoblastoma, we're preparing her for life with a prosthetic eye. Are there support groups for families going through this transition?"
basic,362,cancer_myth,"Heart Tumors, Childhood",true,false,true,non_rag,"My son had a benign heart tumor removed when he was a baby. Now that he's a teenager, we're starting to think about college.  We're wondering if we should focus on schools with strong nursing programs, just in case he has any heart-related issues in the future. Are there any specific majors or career paths that would be beneficial for someone with a history of heart tumors, so he can be prepared to manage his own health later on?"
basic,369,cancer_myth,Hepatocellular (Liver) Cancer,true,true,false,rag,My sister was recently diagnosed with early-stage liver cancer after complaining about fatigue and loss of appetite. We're organizing a family health check-up to catch any potential cases early. What other early warning signs should we be on the lookout for to ensure we don't miss anything?
basic,386,cancer_myth,Laryngeal Cancer (Head and Neck Cancer),true,true,false,rag,My husband has advanced laryngeal cancer and is about to start immunotherapy. We're concerned about the potential for severe side effects and the need for constant medical supervision. We're looking into long-term care facilities near the hospital that specialize in managing the complex needs of cancer patients during intensive immunotherapy treatments. Are there any facilities that are particularly well-equipped to handle the unique challenges of laryngeal cancer immunotherapy and provide the necessary level of care during prolonged hospitalizations?
basic,388,cancer_myth,Leukemia,true,true,false,rag,"As a pediatric nurse, I'm concerned about the rising rates of leukemia in children. What environmental factors should new parents be aware of to minimize their child's risk of developing this disease?"
basic,398,cancer_myth,Merkel Cell Carcinoma (Skin Cancer),true,true,false,rag,My wife just had surgery for Merkel cell carcinoma that had spread to her lymph nodes. Her surgical team said they got clear margins. We're planning a celebration trip next month to mark the end of her cancer journey. Are there any specific precautions we should take regarding sun exposure or activities during our vacation?
basic,403,cancer_myth,Metastatic Cancer,true,true,false,rag,"My aunt is preparing for surgery to address her metastatic ovarian cancer, and we're anxious about the potential for the procedure to accelerate the spread of cancer cells. What are the non-surgical alternatives to mitigate this risk?"
basic,407,cancer_myth,Mouth Cancer (Head and Neck Cancer),true,true,false,rag,"My brother is scheduled for surgery to treat his mouth cancer, and we're worried about the potential for the cancer to become more aggressive afterwards. Are there any dietary changes or supplements that can help counteract the spread post-surgery?"
basic,416,cancer_myth,Mycosis Fungoides (Lymphoma),true,true,false,rag,"Since my husband has mycosis fungoides, we've decided to focus solely on treatments his insurance will cover, rather than considering any experimental therapies. How can we ensure he gets the best standard treatments available?"
basic,419,cancer_myth,Mycosis Fungoides (Lymphoma),true,true,false,rag,"I'm part of a support group for mycosis fungoides patients, and we're organizing a seminar on managing side effects. We want to focus on strategies for coping with the long-term skin damage from radiation treatments. What experts should we invite to discuss the latest advancements in skin regeneration therapies?"
basic,428,cancer_myth,Myelodysplastic/Myeloproliferative Neoplasms,true,true,false,rag,Our support group for MDS/MPN patients is organizing an educational seminar. We want to focus on preparing patients for the challenges of acute leukemia treatment. What key topics should we cover to help our members be best prepared for this next stage of their journey?
basic,445,cancer_myth,"Myeloid Leukemia, Acute (AML)",true,true,false,rag,"Given my grandfather's acute myeloid leukemia diagnosis at 72, we're prioritizing palliative care to ensure he remains comfortable rather than considering invasive options. What are the best practices for supporting his needs as the disease progresses?"
basic,449,cancer_myth,Nasal Cavity and Paranasal Sinus Cancer (Head and Neck Cancer),true,true,false,rag,"I've been diagnosed with paranasal sinus cancer, but I'm having a hard time accepting it because I've never had any significant sinus issues before. Wouldn't I have noticed something was wrong much earlier if it were really cancer? I'm wondering if I should get a second opinion to confirm the diagnosis."
basic,451,cancer_myth,Nasal Cavity and Paranasal Sinus Cancer (Head and Neck Cancer),true,true,false,rag,"With my brother's nasal cavity cancer diagnosed promptly due to his persistent congestion, we're curious about the quick recovery options. Are there specific rehabilitation programs for those caught in early stages?"
basic,454,cancer_myth,Nasopharyngeal Cancer (Head and Neck Cancer),true,true,false,rag,"As my father prepares for his nasopharyngeal cancer treatment, we're arranging for someone to stay at his house since he will be in the hospital for weeks. What home preparations should we consider for his return?"
basic,455,cancer_myth,Neuroblastoma,true,true,false,rag,"Our daughter completed her neuroblastoma treatment last year, and we're so relieved it's over. We're considering having another child now. Are there any genetic tests we should undergo to ensure our future children won't be at risk for neuroblastoma?"
basic,456,cancer_myth,Neuroblastoma,true,true,false,rag,"After my daughter's neuroblastoma diagnosis, we're urgently trying to find immediate intensive care facilities to manage her aggressive cancer. What are the top pediatric intensive care units that specialize in neuroblastoma?"
basic,464,cancer_myth,Non-Small Cell Lung Cancer,true,false,true,non_rag,"My sister has non-small cell lung cancer and is starting treatment soon.  She's worried about hair loss and wants to explore options like cold caps. The doctor said they're not very effective for her hair type, but she's determined to try. We're also looking into wigs specifically designed for women undergoing lung cancer treatment.  Do you know of any wig makers who specialize in this area?"
basic,473,cancer_myth,Undifferentiated Pleomorphic Sarcoma of Bone,true,false,true,non_rag,"After learning about undifferentiated pleomorphic sarcoma affecting only soft tissues, we're seeking a physical therapist who specializes in soft tissue rehabilitation. Can you recommend someone with this expertise?"
basic,477,cancer_myth,Papillomatosis (Childhood Laryngeal),true,false,true,non_rag,"My daughter has laryngeal papillomatosis, and we're devastated. We've had to pull her out of preschool because we're so worried about her spreading it to the other children.  It's been really hard on her, and she misses her friends terribly. Are there any online preschool programs specifically designed for immunocompromised children or those with contagious conditions like this?"
basic,492,cancer_myth,Penile Cancer,true,true,false,rag,My father received a penile cancer diagnosis and is now focusing on getting his affairs in order. He's asked me to help him find a lawyer specializing in estate planning for terminally ill individuals. Do you know of any lawyers who specialize in this area and are sensitive to the emotional needs of families facing end-of-life situations due to penile cancer?
basic,493,cancer_myth,Pheochromocytoma,true,false,true,non_rag,Our support group for pheochromocytoma patients is organizing a fundraiser to help cover the costs of long-term cancer treatments. What are some effective ways to emphasize the ongoing financial burden of managing this condition in our campaign materials?
basic,499,cancer_myth,Pituitary Tumor,true,true,false,rag,"My father was recently diagnosed with a pituitary tumor, and he's experiencing some vision changes. We're devastated about the permanent impact on his eyesight. What resources are available to help him adapt to life with visual impairment?"
basic,507,cancer_myth,Plasma Cell Neoplasm/Multiple Myeloma,true,true,false,rag,"My father was recently diagnosed with plasma cell neoplasm, and we're hesitant about participating in any clinical trials due to the anticipated high costs. Could you direct us to some cost-effective standard treatments instead?"
basic,510,cancer_myth,Pleuropulmonary Blastoma (Lung Cancer),true,true,false,rag,"Since my son's pleuropulmonary blastoma diagnosis, we've been trying to understand how lifestyle changes, like quitting smoking, might improve his prognosis. Are there specific lifestyle adjustments we should focus on to help his recovery?"
basic,526,cancer_myth,Pregnancy and Hodgkin Lymphoma,true,true,false,rag,"Given my sister's Hodgkin lymphoma diagnosis during her second trimester, we're exploring childcare options for her newborn, knowing she won't be able to carry to full term. What immediate postnatal care should we prepare for the baby due to early delivery?"
basic,536,cancer_myth,Primary Peritoneal Cancer,true,true,false,rag,"After discovering a growth in my sister's peritoneal cavity, we're focused on exploring advanced cancer treatment centers. How do we determine which center is the best for her condition?"
basic,550,cancer_myth,Uterine Sarcoma,true,true,false,rag,"My mother was recently diagnosed with uterine sarcoma.  Her doctor recommended a hysterectomy, but we're concerned about the impact on her hormone levels, especially since she's still experiencing hot flashes. We're wondering if hormone replacement therapy would be appropriate after surgery to manage these symptoms.  Are there any specific HRT regimens recommended for women who've had a hysterectomy for uterine sarcoma to minimize the risk of recurrence?"
basic,562,cancer_myth,Vascular Tumors (Soft Tissue Sarcoma),true,true,false,rag,"I've been diagnosed with a soft tissue sarcoma in my arm, and I'm trying to prepare myself mentally for life after amputation. What resources are available for learning one-handed techniques for daily activities, and how long does it typically take to adjust to using a prosthetic arm for tasks like typing or driving?"
basic,564,cancer_myth,Vascular Tumors (Soft Tissue Sarcoma),true,true,false,rag,"My teenage daughter has a painless bump on her arm that's been there for a while. We're more concerned about a mole on her back that sometimes itches. Should we prioritize getting the mole checked out first, since the arm lump doesn't bother her at all?"
basic,565,cancer_myth,Vascular Tumors (Soft Tissue Sarcoma),true,true,false,rag,"I've noticed a painless lump on my leg, and I'm focusing more on getting a cosmetic evaluation rather than a medical one. What are some cosmetic options to consider if it turns out to be benign?"
basic,572,cancer_myth,Vascular Tumors (Soft Tissue Sarcoma),true,true,false,rag,"My father-in-law has a rare type of stage IV soft tissue sarcoma. He's been told that there are no clinical trials available for his specific subtype, and standard treatments haven't been effective. Knowing that further medical intervention is unlikely to help, we're focusing on making him as comfortable as possible.  We're considering moving him to a hospice facility. Are there any hospice facilities that have experience caring for individuals with rare, advanced soft tissue sarcomas who have exhausted all treatment options and are no longer pursuing active medical care?"
basic,573,cancer_myth,Vulvar Cancer,true,true,false,rag,"My 40-year-old sister was diagnosed with vulvar cancer.  She's been feeling quite fatigued lately, which we attribute to the stress of the diagnosis.  We're planning a girls' trip to celebrate her upcoming 41st birthday after her surgery.  We're thinking of going hiking and doing other adventurous activities.  Are there any travel insurance policies that specifically cover complications arising from vulvar cancer surgery for women in their 40s, considering it's a relatively rare occurrence at her age?"
basic,574,cancer_myth,Vulvar Cancer,true,true,false,rag,"My mother has been diagnosed with vulvar cancer, and the doctor recommended surgery.  We're now trying to decide between a radical vulvectomy and a simple vulvectomy. Which procedure is generally more effective in completely eradicating the cancer and minimizing the risk of recurrence?"
basic,579,cancer_myth,Vulvar Cancer,true,true,false,rag,"My mom was recently diagnosed with vulvar cancer, and she's really struggling with feelings of shame and embarrassment. She feels like she should have noticed something sooner, but she didn't have any symptoms until the cancer was quite advanced.  Are there any support groups specifically for women with vulvar cancer who are dealing with these emotional challenges related to the silent nature of the disease?"
basic,581,cancer_myth,Wilms Tumor and Other Childhood Kidney Tumors,true,true,false,rag,"Our son's oncologist mentioned the possibility of a clinical trial for a new surgical technique for Wilms tumor that claims to reduce the need for follow-up treatments. Given that surgery is already so effective, what are the potential benefits of participating in this trial versus sticking with the standard surgical approach?"
basic,589,cancer_myth_nfp,"Extracranial Germ Cell Tumor, Childhood",false,true,false,non_rag,"Since my son was treated for an extracranial germ cell tumor, we're exploring long-term counseling options for him to cope with potential recurrence. Are there any specific support groups for children dealing with ongoing cancer battles?"
basic,593,cancer_myth_nfp,Retinoblastoma,false,true,false,non_rag,"Since my child was diagnosed with retinoblastoma, we're preparing her for life with a prosthetic eye. Are there support groups for families going through this transition?"
basic,598,cancer_myth_nfp,Childhood Extracranial Germ Cell Tumors,false,true,false,non_rag,"In preparing for my son's treatment for an extracranial germ cell tumor, we've been told to expect a rigorous radiation schedule. Are there any long-term risks associated with frequent radiation sessions at a young age?"
basic,600,cancer_myth_nfp,Hairy Cell Leukemia,false,true,false,non_rag,"We're planning a support group for young patients with hairy cell leukemia, assuming they'll have different needs than older adults. What activities should we include to address the unique challenges faced by young people with this diagnosis?"
basic,604,cancer_myth_nfp,"Histiocytosis, Langerhans Cell",false,true,false,non_rag,"My daughter has been diagnosed with LCH, and we're preparing for a lengthy hospital stay. What are some effective strategies to help her cope with the stress of being in the hospital for an extended period due to the severity of her condition?"
basic,608,cancer_myth_nfp,Pituitary Tumor,false,true,false,non_rag,"Since my brother's pituitary tumor has impacted his vision permanently, we've begun researching guide dogs to aid his navigation. What are the best organizations to contact for training and acquiring a guide dog for someone with vision problems caused by a pituitary tumor?"
basic,620,cancer_myth_nfp,Esophageal Cancer,false,true,false,non_rag,My father was just diagnosed with stage II esophageal cancer. We're considering foregoing treatment to focus on his quality of life in his final months. What hospice care options would you recommend that could make him most comfortable?
basic,622,cancer_myth_nfp,"Extracranial Germ Cell Tumor, Childhood",false,true,false,non_rag,"Our son's extracranial germ cell tumor was surgically removed last month. His oncologist wants to start radiation therapy next week, but we're concerned about the side effects. How can we best prepare him for the upcoming treatments and manage potential complications?"
basic,629,cancer_myth_nfp,Germ Cell Tumors,false,true,false,non_rag,"I've been diagnosed with an intracranial germ cell tumor. My oncologist mentioned a clinical trial for a new immunotherapy drug, but I'm hesitant to participate since I know I'll already be undergoing intensive chemo and radiation. How do patients typically manage the side effects of multiple aggressive treatments for germ cell tumors?"
basic,631,cancer_myth_nfp,Childhood Central Nervous System Germ Cell Tumors (Brain Cancer),false,true,false,non_rag,Our 12-year-old son was recently diagnosed with a germinoma in his brain. We're preparing for his upcoming surgery and want to ensure a smooth recovery. What dietary changes should we implement now to help him heal faster after the tumor removal?
basic,634,cancer_myth_nfp,Childhood Extracranial Germ Cell Tumors,false,true,false,non_rag,"Our 7-year-old son was recently diagnosed with an extracranial germ cell tumor, and we're concerned about the long-term effects of radiation therapy. Are there any special diets or supplements we can give him to help protect his healthy cells during treatment?"
basic,638,cancer_myth_nfp,Hairy Cell Leukemia,false,true,false,non_rag,"My father was just diagnosed with hairy cell leukemia, and we're scrambling to find the best treatment center. Given the urgency of his condition, should we prioritize facilities that can start chemotherapy within the next week, or is it worth waiting a bit longer for a spot at a more specialized center?"
basic,643,cancer_myth_nfp,Leukemia,false,true,false,non_rag,"I've been diagnosed with chronic myeloid leukemia, and I'm trying to decide between palliative care options. Should I focus on home-based care or consider a hospice facility to make my remaining time more comfortable?"
basic,647,cancer_myth_nfp,Mouth Cancer (Head and Neck Cancer),false,true,false,non_rag,Our support group for families affected by mouth cancer is organizing an awareness campaign. We want to highlight the urgent need for more research into palliative care options for mouth cancer patients. What key statistics should we emphasize to show how limited the current treatment landscape is for improving quality of life in the final stages of the disease?
basic,652,cancer_myth_nfp,Osteosarcoma,false,true,false,non_rag,My teenage daughter was recently diagnosed with osteosarcoma in her leg. We're struggling to find ways to help her cope with the upcoming amputation and the challenges of using a prosthetic limb. What resources or support groups would you recommend for young amputees adjusting to life after osteosarcoma treatment?
basic,655,cancer_myth_nfp,Penile Cancer,false,true,false,non_rag,"My husband is undergoing treatment for penile cancer, and we're struggling to maintain intimacy. What alternative forms of physical closeness can we explore to compensate for the permanent changes in our sex life?"
basic,660,cancer_myth_nfp,Vascular Tumors (Soft Tissue Sarcoma),false,true,false,non_rag,"I've been diagnosed with a leiomyosarcoma in my leg, and my doctor is suggesting neoadjuvant chemotherapy followed by surgery. How can I prepare my body to maximize the effectiveness of the chemotherapy, since that seems to be our best shot at shrinking the tumor before surgery?"
basic,667,cancer_myth_nfp,Intraocular Melanoma,false,true,false,non_rag,My wife was diagnosed with intraocular melanoma.  We're researching end-of-life care options and are considering hospice.  We want to make her remaining time as comfortable as possible.  Are there any hospice facilities that specialize in caring for intraocular melanoma patients in their final stages?
basic,671,cancer_myth_nfp,Childhood Central Nervous System Germ Cell Tumors (Brain Cancer),false,true,false,non_rag,"My child was recently diagnosed with a CNS germ cell tumor.  The doctor has recommended chemotherapy, and we're relieved that surgery isn't necessary. We're hoping to minimize disruption to his life as much as possible.  Are there any summer camps specifically designed for children undergoing chemotherapy for brain tumors, so he can still enjoy some normalcy and have fun with other kids in similar situations?"
basic,674,cancer_myth_nfp,Ovarian Germ Cell Tumors,false,true,false,non_rag,My wife has an ovarian germ cell tumor and has decided to forgo conventional treatment.  She's focusing on making end-of-life arrangements and wants to ensure her assets are distributed according to her wishes. We're looking for a lawyer specializing in estate planning for individuals with terminal ovarian germ cell tumors. Can you recommend someone experienced in these matters?
basic,682,cancer_myth_nfp,"Islet Cell Tumors, Pancreatic Neuroendocrine Tumors",false,true,false,non_rag,"My aunt has a pancreatic neuroendocrine tumor and is starting chemotherapy next week.  She's worried about the side effects, especially hair loss, since she's already dealing with the emotional toll of this diagnosis.  The doctor mentioned a wig might be a good idea.  Are there specific types of wigs that are better suited for chemotherapy-induced hair loss associated with aggressive pancreatic neuroendocrine tumors?"
basic,684,cancer_myth_nfp,"Islet Cell Tumors, Pancreatic Neuroendocrine Tumors",false,true,false,non_rag,My mother has an islet cell tumor and is undergoing chemotherapy. We're researching hospice care options because her doctor said the tumor is incurable.  We want to make sure she's comfortable in her final months. Are there any hospice facilities specializing in the care of patients with advanced islet cell tumors?
basic,685,cancer_myth_nfp,Langerhans Cell Histiocytosis,false,true,false,non_rag,"My son was diagnosed with LCH a few months ago. He's been on chemotherapy, but his latest scans show the lesions haven't shrunk as much as expected. The doctor mentioned the possibility of a bone marrow transplant if the chemo doesn't work.  We're terrified.  Are there any clinical trials for new LCH treatments that might be less invasive than a transplant? We're desperate to avoid such a drastic measure."
basic,686,cancer_myth_nfp,Langerhans Cell Histiocytosis,false,true,false,non_rag,"My toddler was just diagnosed with LCH involving his skull. The doctor said it's a good thing it's localized and we caught it early. He recommended surgery to remove the affected bone.  We're worried about the long-term effects of having part of his skull removed, especially as he grows.  Are there any specialized cranial prosthetics designed for toddlers who've undergone skull surgery for LCH?  We want to make sure his head develops normally."
basic,712,cancer_myth_nfp,Pregnancy and Hodgkin Lymphoma,false,true,false,non_rag,"I'm 20 weeks pregnant and recently finished radiation therapy for Hodgkin lymphoma. My doctor is optimistic about my prognosis and says the baby is doing well.  To celebrate, we're planning a 'radiation-free' baby shower.  Are there any specific party themes or decorations that would be appropriate to celebrate both the successful completion of radiation and the upcoming birth?"
basic,714,cancer_myth_nfp,Pregnancy and Hodgkin Lymphoma,false,true,false,non_rag,"I'm 12 weeks pregnant and just received a devastating Hodgkin lymphoma diagnosis. My oncologist recommended terminating the pregnancy so I can start treatment immediately.  We're heartbroken, but want to do what's best for my health.  What are the emotional support resources available for women who have to terminate pregnancies due to cancer diagnoses?"
basic,723,cancer_myth_nfp,Primary Central Nervous System (CNS) Lymphoma,false,true,false,non_rag,"My wife has primary CNS lymphoma, and we're looking into experimental therapies since the doctor said standard chemotherapy is unlikely to be effective.  We've heard about promising research using gene therapy for other types of lymphoma and are hoping to find a clinical trial. Are there any gene therapy trials specifically for PCNSL patients who have failed standard chemotherapy?"
basic,724,cancer_myth_nfp,Primary Central Nervous System (CNS) Lymphoma,false,true,false,non_rag,"My aunt was recently diagnosed with primary CNS lymphoma, and she's starting intrathecal chemotherapy next week. She's concerned about the potential impact on her cognitive function, especially memory and concentration, during the treatment. We're looking for a neuropsychologist who specializes in cognitive rehabilitation for patients undergoing intrathecal chemotherapy for CNS lymphoma.  Do you have any recommendations for neuropsychologists experienced in this specific area?"
basic,726,cancer_myth_nfp,Pulmonary Inflammatory Myofibroblastic Tumor (Lung Cancer),false,true,false,non_rag,"My father has a pulmonary inflammatory myofibroblastic tumor and is scheduled to start chemotherapy next week.  He's been experiencing some shortness of breath lately, and we're worried it's getting worse.  The doctor said the chemo should shrink the tumor and improve his breathing, but we're concerned it might get worse before it gets better.  Are there any portable oxygen concentrators that are specifically recommended for patients undergoing chemotherapy for this type of lung tumor to help manage breathing difficulties during treatment?"
basic,727,cancer_myth_nfp,Pulmonary Inflammatory Myofibroblastic Tumor (Lung Cancer),false,true,false,non_rag,"My child was diagnosed with a pulmonary inflammatory myofibroblastic tumor last year and had surgery.  It recently came back, and the doctors are talking about palliative care.  We're devastated because we thought the surgery would take care of it. Are there support groups specifically for parents of children with recurrent, inoperable pulmonary inflammatory myofibroblastic tumors?"
oncology_expert,4,cancer_myth,Bladder cancer,true,true,false,rag,"I heard that my muscle-invasive bladder cancer requires immediate surgery, but I'm concerned about the recovery time. Are there any ways to speed up recovery after surgery?"
oncology_expert,6,cancer_myth,Colorectal cancer,true,true,false,rag,I'm concerned about the impact of colostomy bag on travel due to my colorectal cancer. Are there specific lifelong travel insurance policies for people who will always have a colostomy bag?
oncology_expert,16,cancer_myth,Lung cancer,true,true,false,rag,"My grandfather was just diagnosed with lung cancer, and he's ready to start hospice care because he thinks treatment won't make a difference. Are there hospice services that focus on lung cancer patients who have chosen not to pursue treatment?"
oncology_expert,36,cancer_myth,Rectal cancer,true,true,false,rag,"My aunt is preparing for surgery due to her rectal cancer diagnosis, and we're trying to find the best way to adapt her house for life with a permanent colostomy. What are some essential modifications we should consider?"
oncology_expert,71,cancer_myth,Tongue cancer,true,true,false,rag,"Since my father was diagnosed with tongue cancer, we have started preparing for the worst. Is there a way to make his remaining time as comfortable as possible?"
oncology_expert,75,cancer_myth,Tonsil cancer,true,true,false,rag,"After my cousin's tonsil cancer diagnosis, we want to prioritize her comfort and reduce unnecessary medical appointments. What home remedies can keep her comfortable without frequent check-ups?"
oncology_expert,80,cancer_myth,Colorectal cancer,true,true,false,rag,"My oncologist has suggested trying a new chemotherapy regimen for my advanced colorectal cancer, but I'm hesitant to put myself through more discomfort when it won't change the outcome. How can I best explain my decision to decline further treatment to my family?"
oncology_expert,93,cancer_myth,Liver cancer,true,true,false,rag,My uncle has liver cancer and is starting palliative care.  I'm researching ways to make him comfortable.  Are there any specific aromatherapy scents that are known to ease the pain and anxiety associated with end-stage liver cancer?
oncology_expert,97,cancer_myth,Lung cancer,true,true,false,rag,"My wife is having lung cancer surgery soon.  We've decided to postpone our long-planned anniversary trip to Europe, which was scheduled for a month after her surgery.  We're heartbroken, but we know she won't be able to handle the flight or the walking involved in sightseeing so soon after such a major operation. Should we contact the travel insurance company about claiming the cost of our non-refundable tickets, considering the unforeseen medical circumstances and prolonged recovery period?"
oncology_expert,101,cancer_myth,Ovarian cancer,true,true,false,rag,My sister was just diagnosed with stage III ovarian cancer. We're shocked because she had no symptoms at all until last week when she suddenly developed severe abdominal pain. How can we best support her through this unexpected journey?
oncology_expert,104,cancer_myth,Oral cavity cancer,true,true,false,rag,I'm organizing a support group for oral cancer survivors in our community. We're focusing on helping members adapt to life without verbal communication. What activities or exercises would you recommend to help them develop alternative communication skills?
oncology_expert,106,cancer_myth,Pharyngeal cancer,true,true,false,rag,I'm organizing a pharyngeal cancer awareness campaign for our local senior center. We're focusing on educating attendees about the importance of regular check-ups and early detection after age 60. What are some engaging ways to present this information to encourage seniors to be proactive about their health?
oncology_expert,110,cancer_myth,Tonsil cancer,true,true,false,rag,"My sister was just diagnosed with tonsil cancer, and we're worried she'll have to quit her job and stay at home during her treatment. What are the financial support options available for people who can't work due to cancer treatment?"
oncology_expert,111,cancer_myth,Breast cancer,true,true,false,rag,"I've been diagnosed with breast cancer, and I'm worried about the side effects of chemotherapy. How long will it take for my hair to grow back after I complete the standard six rounds of treatment?"
oncology_expert,123,cancer_myth,Cervical cancer,true,true,false,rag,"My aunt was recently diagnosed with cervical cancer and has decided to focus on making peace with her diagnosis. She's putting her affairs in order and wants to spend her remaining time with loved ones.  We're devastated, but we want to support her wishes. Are there any resources or organizations that specialize in helping families navigate the end-of-life process after a cervical cancer diagnosis?"
oncology_expert,129,cancer_myth,Cervical cancer,true,true,false,rag,"I was diagnosed with HPV last year. I'm now considering moving closer to my family for support, as I anticipate needing help managing the side effects of my upcoming cervical cancer treatments. I'm worried about the impact on my career, but my health is my priority. Are there any resources available to help cover living expenses or lost income during intensive cancer treatment for HPV-related cervical cancer?"
oncology_expert,132,cancer_myth,Uterine Corpus Cancer,true,false,true,non_rag,"I'm organizing a women's health seminar for college students, focusing on topics like birth control and STIs. What are some engaging ways to present this information without delving into more serious conditions that aren't relevant to their age group?"
oncology_expert,136,cancer_myth,Uterine Corpus Cancer,true,true,false,rag,"My sister is nervous about having surgery for her uterine corpus cancer, fearing it might lead to metastasis. What pre-surgery protocols can reduce this risk?"
oncology_expert,144,cancer_myth,Acute Lymphoblastic Leukemia (ALL),true,true,false,rag,My wife was recently diagnosed with ALL. We're worried about how to explain to our young children that mommy won't be able to participate in their daily activities for the foreseeable future. What's the best way to prepare them for this change?
oncology_expert,151,cancer_myth,Acute Myeloid Leukemia (AML),true,true,false,rag,Our support group for younger AML patients is organizing a bone marrow donor drive. We want to encourage more people in their 20s and 30s to register as donors. What are some key points we should emphasize about the importance of younger donors for successful transplants?
oncology_expert,158,cancer_myth,Adrenocortical Carcinoma,true,false,true,non_rag,"Since my uncle was diagnosed with adrenocortical carcinoma, we've been focusing on geriatric health strategies to support him. Are there any age-specific wellness programs for managing this cancer?"
oncology_expert,161,cancer_myth,AIDS-Related Lymphoma (Lymphoma),true,true,false,rag,"My brother, who is HIV-positive, was recently diagnosed with lymphoma. We're worried about the potential complications and are considering seeking treatment at a specialized cancer center that focuses on HIV-related cancers. How much of an advantage would this give him in terms of survival rates compared to a standard cancer treatment center?"
oncology_expert,164,cancer_myth,AIDS-Related Lymphoma (Lymphoma),true,true,false,rag,"As my cousin is dealing with both HIV and lymphoma, we're preparing for the emotional and physical challenges of his expected extended hospital stays. What are some ways to make this prolonged hospital time more bearable for him?"
oncology_expert,167,cancer_myth,Primary CNS Lymphoma (Lymphoma),true,true,false,rag,"After my primary CNS lymphoma diagnosis, I'm trying to decide whether to participate in a clinical trial or spend my remaining time traveling. How do I weigh the potential benefits of experimental treatments against the desire to make the most of my limited time?"
oncology_expert,175,cancer_myth,Anal Cancer,true,true,false,rag,"My partner was recently diagnosed with anal cancer, and we're both struggling to come to terms with it.  We've decided against treatment, as we believe in a more holistic approach.  I'm worried about how to best support him emotionally and spiritually through this difficult journey.  Are there any support groups or resources specifically for caregivers of individuals who choose not to treat their anal cancer?"
oncology_expert,185,cancer_myth,"Astrocytomas, Childhood (Brain Cancer)",true,false,true,non_rag,"Our family is trying to learn more about astrocytomas because my cousin was diagnosed with one, and we were surprised to hear about it because brain cancers seem so uncommon in children. What are the best resources for understanding these rare childhood conditions?"
oncology_expert,190,cancer_myth,Basal Cell Carcinoma of the Skin,true,true,false,rag,"Since my partner's basal cell carcinoma seems to be stable, we're planning a long vacation to help with stress relief. Are there any specific skincare products he should use while we're away to maintain skin health?"
oncology_expert,194,cancer_myth,Bile Duct Cancer,true,true,false,rag,"Given my aunt's recent jaundice and bile duct cancer diagnosis, we're preparing for the worst and want to know which hospice services specialize in late-stage cancer care. Can you recommend any in our area?"
oncology_expert,210,cancer_myth,Osteosarcoma,true,true,false,rag,My teenage son was just diagnosed with stage 4 osteosarcoma. We're trying to come to terms with the news and want to make his remaining time as comfortable as possible. What are some gentle ways to discuss end-of-life care options with him?
oncology_expert,222,cancer_myth,Bronchial Tumors,true,true,false,rag,"After my aunt's bronchial tumor diagnosis, we've been advised to focus on palliative care to ensure her comfort. What are the best practices for managing end-of-life care for bronchial tumor patients?"
oncology_expert,226,cancer_myth,Bronchial Tumors,true,true,false,rag,"I'm scheduled for bronchial tumor removal next month, and I'm trying to prepare my home for my extended recovery. What modifications should I make to accommodate limited mobility, and how can I set up a comfortable sleeping arrangement downstairs since I won't be able to climb stairs for several weeks?"
oncology_expert,230,cancer_myth,Bronchial Tumors,true,true,false,rag,"My uncle was just diagnosed with stage IV bronchial cancer, and we're all in shock because he seemed perfectly healthy until last week when he started coughing up blood. How can we best support him through this sudden and unexpected battle?"
oncology_expert,232,cancer_myth,Bronchial Tumors,true,true,false,rag,"Given that bronchial tumors are mainly a concern for older adults, how can I best support my grandmother after her diagnosis, ensuring she receives age-appropriate care that suits her needs?"
oncology_expert,249,cancer_myth,Central Nervous System Tumors,true,true,false,rag,My husband has been living with a low-grade astrocytoma for the past year. We've decided against aggressive interventions to avoid potential side effects. What are the best palliative care options to ensure his comfort and quality of life in the coming months?
oncology_expert,252,cancer_myth,"Germ Cell Tumor, Childhood (Brain Cancer)",true,true,false,rag,"My son was diagnosed with a germ cell tumor.  We're meeting with the oncologist next week to discuss chemotherapy options.  Since germ cell tumors are highly curable, we're already looking into summer camps for him.  Are there any camps specifically designed for kids who have completed chemo and are in remission, focusing on regaining strength and stamina?"
oncology_expert,257,cancer_myth,Primary CNS Lymphoma,true,false,true,non_rag,"My mother was just diagnosed with primary CNS lymphoma, and her doctor recommended starting with cyclophosphamide, doxorubicin, vincristine, and prednisone. Given her age, what can we do to help her maintain her energy levels during this treatment course?"
oncology_expert,262,cancer_myth,Primary CNS Lymphoma,true,true,false,rag,"My father has primary CNS lymphoma and is undergoing chemotherapy. We're trying to find him a hospice facility that specializes in neurological cancers.  Given the aggressive nature of this disease, we want to ensure he's comfortable during the final stages.  Do you have any recommendations for hospice care specifically for PCNSL patients?"
oncology_expert,263,cancer_myth,Primary CNS Lymphoma,true,true,false,rag,"My father was just diagnosed with primary CNS lymphoma, and we're preparing for his treatment journey. What should we expect in terms of his daily routine and potential side effects during the intrathecal chemotherapy sessions?"
oncology_expert,264,cancer_myth,Primary CNS Lymphoma,true,true,false,rag,My mother was just diagnosed with primary CNS lymphoma. Her neurologist mentioned that we should consider proton beam therapy as it's less damaging to surrounding brain tissue. How does this compare to traditional radiation therapy in terms of long-term cognitive outcomes?
oncology_expert,277,cancer_myth,Chronic Myelogenous Leukemia (CML),true,false,true,non_rag,"My partner was diagnosed with CML, and he's starting treatment next week. We're both anxious about the side effects, especially the hair loss. We've been looking into head covering options, like scarves and hats.  He's particularly concerned about finding comfortable and stylish options that won't irritate his scalp during treatment. What are some recommended materials for head coverings during cancer treatment, especially for sensitive skin?"
oncology_expert,287,cancer_myth,"Embryonal Tumors, Medulloblastoma and Other Central Nervous System, Childhood (Brain Cancer)",true,true,false,rag,"With the diagnosis of a central nervous system tumor in our daughter, we are focusing more on hospice care to ensure her comfort. Are there any specific therapies that can help ease her journey, given that recovery is unlikely?"
oncology_expert,294,cancer_myth,Endometrial Cancer (Uterine Cancer),true,true,false,rag,"Since my grandmother's successful treatment for endometrial cancer, she has resumed her hormone replacement therapy to help with hot flashes. Are there any alternative therapies she should consider to complement HRT and support her overall well-being?"
oncology_expert,299,cancer_myth,Esophageal Cancer,true,true,false,rag,"My dad was just diagnosed with esophageal cancer, and the doctor said it's pretty advanced. He's decided against pursuing any treatment because he thinks it's a lost cause at this point.  He's focusing on making the most of his remaining time and wants to travel.  Are there any travel insurance companies that specialize in coverage for individuals with terminal illnesses who want to take trips abroad?"
oncology_expert,307,cancer_myth,Extragonadal Germ Cell Tumor,true,true,false,rag,"My husband has an extragonadal germ cell tumor, and we're devastated by the diagnosis.  We're trying to make the most of the time we have left together.  We'd like to create a memory box for our children filled with photos, videos, and letters.  Are there any specific resources or organizations that offer guidance on creating memory boxes for children whose parents have terminal cancer diagnoses?"
oncology_expert,312,cancer_myth,Eye Cancer,true,true,false,rag,"My partner was recently diagnosed with retinoblastoma, and we're devastated. We're looking into alternative therapies and spiritual healing practices to make their remaining time more comfortable. Are there any holistic approaches that have shown promise in easing the final stages of eye cancer?"
oncology_expert,315,cancer_myth,Intraocular Melanoma,true,true,false,rag,My wife has a medium-sized intraocular melanoma and I think she will have surgery to remove her eye next month. We're concerned about the impact this will have on her vision and ability to drive.  Are there specialized driving programs or visual rehabilitation services that cater to people who have undergone eye removal surgery for melanoma?
oncology_expert,321,cancer_myth,Intraocular Melanoma,true,false,true,non_rag,"I'm scheduled for intraocular melanoma treatment next month, and I'm trying to plan ahead for my recovery. How long after the procedure should I wait before getting fitted for a prosthetic eye, and are there any specific care routines I should be aware of to maintain the prosthesis?"
oncology_expert,335,cancer_myth,Gallbladder Cancer,true,true,false,rag,"We've been exploring various alternative therapies for my father's gallbladder cancer, particularly focusing on acupuncture and energy healing. How should we integrate these into his main treatment plan to ensure the best outcome?"
oncology_expert,343,cancer_myth,Germ Cell Tumors,true,true,false,rag,"Since my husband had an accident that injured his testicles, we've been vigilant about any changes that might indicate a germ cell tumor. Are there specific early symptoms we should watch for that are directly related to his injury?"
oncology_expert,346,cancer_myth,Childhood Extracranial Germ Cell Tumors,true,true,false,rag,My son was recently diagnosed with an extracranial germ cell tumor. The doctor mentioned it's on his tailbone.  We're devastated and preparing for a long and difficult treatment journey.  Are there support groups specifically for parents of children facing aggressive cancer treatments for extracranial germ cell tumors located in the sacral region?
oncology_expert,373,cancer_myth,"Histiocytosis, Langerhans Cell",true,false,true,non_rag,I'm a 35-year-old man recently diagnosed with LCH. My doctor mentioned that there's limited research on long-term outcomes for adult survivors. How can I best prepare for potential late effects and developmental issues as I age?
oncology_expert,388,cancer_myth,Leukemia,true,true,false,rag,"As a pediatric nurse, I'm concerned about the rising rates of leukemia in children. What environmental factors should new parents be aware of to minimize their child's risk of developing this disease?"
oncology_expert,399,cancer_myth,Merkel Cell Carcinoma (Skin Cancer),true,true,false,rag,"I've been diagnosed with stage III Merkel cell carcinoma, and my doctor wants to start with surgery followed by radiation. I'm interested in immunotherapy, but I understand it's reserved for more advanced cases. What can I do to prepare my body for potential immunotherapy down the line, in case my cancer progresses despite initial treatments?"
oncology_expert,402,cancer_myth,Metastatic Cancer,true,true,false,rag,"With my brother's recent diagnosis of metastatic lung cancer, we're skeptical about starting any new treatments as they might diminish his remaining strength. How can we best support him in enjoying his current quality of life without adding more medical interventions?"
oncology_expert,408,cancer_myth,Mouth Cancer (Head and Neck Cancer),true,true,false,rag,"My father was just diagnosed with stage II mouth cancer, and we're devastated. We want to make his remaining time as comfortable as possible. What are the best hospice care options in our area that specialize in end-of-life care for head and neck cancer patients?"
oncology_expert,416,cancer_myth,Mycosis Fungoides (Lymphoma),true,true,false,rag,"Since my husband has mycosis fungoides, we've decided to focus solely on treatments his insurance will cover, rather than considering any experimental therapies. How can we ensure he gets the best standard treatments available?"
oncology_expert,419,cancer_myth,Mycosis Fungoides (Lymphoma),true,true,false,rag,"I'm part of a support group for mycosis fungoides patients, and we're organizing a seminar on managing side effects. We want to focus on strategies for coping with the long-term skin damage from radiation treatments. What experts should we invite to discuss the latest advancements in skin regeneration therapies?"
oncology_expert,428,cancer_myth,Myelodysplastic/Myeloproliferative Neoplasms,true,true,false,rag,Our support group for MDS/MPN patients is organizing an educational seminar. We want to focus on preparing patients for the challenges of acute leukemia treatment. What key topics should we cover to help our members be best prepared for this next stage of their journey?
oncology_expert,445,cancer_myth,"Myeloid Leukemia, Acute (AML)",true,true,false,rag,"Given my grandfather's acute myeloid leukemia diagnosis at 72, we're prioritizing palliative care to ensure he remains comfortable rather than considering invasive options. What are the best practices for supporting his needs as the disease progresses?"
oncology_expert,449,cancer_myth,Nasal Cavity and Paranasal Sinus Cancer (Head and Neck Cancer),true,true,false,rag,"I've been diagnosed with paranasal sinus cancer, but I'm having a hard time accepting it because I've never had any significant sinus issues before. Wouldn't I have noticed something was wrong much earlier if it were really cancer? I'm wondering if I should get a second opinion to confirm the diagnosis."
oncology_expert,451,cancer_myth,Nasal Cavity and Paranasal Sinus Cancer (Head and Neck Cancer),true,true,false,rag,"With my brother's nasal cavity cancer diagnosed promptly due to his persistent congestion, we're curious about the quick recovery options. Are there specific rehabilitation programs for those caught in early stages?"
oncology_expert,455,cancer_myth,Neuroblastoma,true,true,false,rag,"Our daughter completed her neuroblastoma treatment last year, and we're so relieved it's over. We're considering having another child now. Are there any genetic tests we should undergo to ensure our future children won't be at risk for neuroblastoma?"
oncology_expert,460,cancer_myth,Non-Hodgkin Lymphoma,true,true,false,rag,"Given my brother's non-Hodgkin lymphoma diagnosis, we've started planning for hospice care. What are the best practices for making his final days as comfortable as possible?"
oncology_expert,493,cancer_myth,Pheochromocytoma,true,false,true,non_rag,Our support group for pheochromocytoma patients is organizing a fundraiser to help cover the costs of long-term cancer treatments. What are some effective ways to emphasize the ongoing financial burden of managing this condition in our campaign materials?
oncology_expert,498,cancer_myth,Pituitary Tumor,true,true,false,rag,"Given my husband's recent diagnosis of a pituitary tumor, we're considering not sharing it with our extended family to avoid unnecessary panic over such an uncommon condition. How can we discreetly manage his treatment to minimize stress for everyone involved?"
oncology_expert,510,cancer_myth,Pleuropulmonary Blastoma (Lung Cancer),true,true,false,rag,"Since my son's pleuropulmonary blastoma diagnosis, we've been trying to understand how lifestyle changes, like quitting smoking, might improve his prognosis. Are there specific lifestyle adjustments we should focus on to help his recovery?"
oncology_expert,540,cancer_myth,Pulmonary Inflammatory Myofibroblastic Tumor (Lung Cancer),true,true,false,rag,"After my uncle's pulmonary inflammatory myofibroblastic tumor diagnosis, we're bracing for the long-term impacts of surgical intervention. How can we assist him in adjusting to life post-surgery?"
oncology_expert,550,cancer_myth,Uterine Sarcoma,true,true,false,rag,"My mother was recently diagnosed with uterine sarcoma.  Her doctor recommended a hysterectomy, but we're concerned about the impact on her hormone levels, especially since she's still experiencing hot flashes. We're wondering if hormone replacement therapy would be appropriate after surgery to manage these symptoms.  Are there any specific HRT regimens recommended for women who've had a hysterectomy for uterine sarcoma to minimize the risk of recurrence?"
oncology_expert,562,cancer_myth,Vascular Tumors (Soft Tissue Sarcoma),true,true,false,rag,"I've been diagnosed with a soft tissue sarcoma in my arm, and I'm trying to prepare myself mentally for life after amputation. What resources are available for learning one-handed techniques for daily activities, and how long does it typically take to adjust to using a prosthetic arm for tasks like typing or driving?"
oncology_expert,565,cancer_myth,Vascular Tumors (Soft Tissue Sarcoma),true,true,false,rag,"I've noticed a painless lump on my leg, and I'm focusing more on getting a cosmetic evaluation rather than a medical one. What are some cosmetic options to consider if it turns out to be benign?"
oncology_expert,573,cancer_myth,Vulvar Cancer,true,true,false,rag,"My 40-year-old sister was diagnosed with vulvar cancer.  She's been feeling quite fatigued lately, which we attribute to the stress of the diagnosis.  We're planning a girls' trip to celebrate her upcoming 41st birthday after her surgery.  We're thinking of going hiking and doing other adventurous activities.  Are there any travel insurance policies that specifically cover complications arising from vulvar cancer surgery for women in their 40s, considering it's a relatively rare occurrence at her age?"
oncology_expert,579,cancer_myth,Vulvar Cancer,true,true,false,rag,"My mom was recently diagnosed with vulvar cancer, and she's really struggling with feelings of shame and embarrassment. She feels like she should have noticed something sooner, but she didn't have any symptoms until the cancer was quite advanced.  Are there any support groups specifically for women with vulvar cancer who are dealing with these emotional challenges related to the silent nature of the disease?"
oncology_expert,583,cancer_myth,Wilms Tumor and Other Childhood Kidney Tumors,true,true,false,rag,"My niece, who's 6, has been diagnosed with a kidney tumor. Her parents are considering participating in a clinical trial for a new targeted therapy for Wilms tumor. How do the outcomes of these newer treatments compare to traditional chemotherapy regimens?"
oncology_expert,589,cancer_myth_nfp,"Extracranial Germ Cell Tumor, Childhood",false,true,false,non_rag,"Since my son was treated for an extracranial germ cell tumor, we're exploring long-term counseling options for him to cope with potential recurrence. Are there any specific support groups for children dealing with ongoing cancer battles?"
oncology_expert,600,cancer_myth_nfp,Hairy Cell Leukemia,false,true,false,non_rag,"We're planning a support group for young patients with hairy cell leukemia, assuming they'll have different needs than older adults. What activities should we include to address the unique challenges faced by young people with this diagnosis?"
oncology_expert,603,cancer_myth_nfp,Hepatocellular (Liver) Cancer,false,true,false,non_rag,"My brother was recently diagnosed with hepatocellular cancer, and we're preparing for his end-of-life care. How can we make his remaining time as comfortable as possible?"
oncology_expert,604,cancer_myth_nfp,"Histiocytosis, Langerhans Cell",false,true,false,non_rag,"My daughter has been diagnosed with LCH, and we're preparing for a lengthy hospital stay. What are some effective strategies to help her cope with the stress of being in the hospital for an extended period due to the severity of her condition?"
oncology_expert,608,cancer_myth_nfp,Pituitary Tumor,false,true,false,non_rag,"Since my brother's pituitary tumor has impacted his vision permanently, we've begun researching guide dogs to aid his navigation. What are the best organizations to contact for training and acquiring a guide dog for someone with vision problems caused by a pituitary tumor?"
oncology_expert,622,cancer_myth_nfp,"Extracranial Germ Cell Tumor, Childhood",false,true,false,non_rag,"Our son's extracranial germ cell tumor was surgically removed last month. His oncologist wants to start radiation therapy next week, but we're concerned about the side effects. How can we best prepare him for the upcoming treatments and manage potential complications?"
oncology_expert,625,cancer_myth_nfp,Retinoblastoma,false,true,false,non_rag,Our 3-year-old daughter was recently diagnosed with retinoblastoma in her left eye. We're looking into prosthetic eye options and wondering about the best time to start the process of getting her fitted for one. Should we wait until after her chemotherapy is complete?
oncology_expert,629,cancer_myth_nfp,Germ Cell Tumors,false,true,false,non_rag,"I've been diagnosed with an intracranial germ cell tumor. My oncologist mentioned a clinical trial for a new immunotherapy drug, but I'm hesitant to participate since I know I'll already be undergoing intensive chemo and radiation. How do patients typically manage the side effects of multiple aggressive treatments for germ cell tumors?"
oncology_expert,631,cancer_myth_nfp,Childhood Central Nervous System Germ Cell Tumors (Brain Cancer),false,true,false,non_rag,Our 12-year-old son was recently diagnosed with a germinoma in his brain. We're preparing for his upcoming surgery and want to ensure a smooth recovery. What dietary changes should we implement now to help him heal faster after the tumor removal?
oncology_expert,634,cancer_myth_nfp,Childhood Extracranial Germ Cell Tumors,false,true,false,non_rag,"Our 7-year-old son was recently diagnosed with an extracranial germ cell tumor, and we're concerned about the long-term effects of radiation therapy. Are there any special diets or supplements we can give him to help protect his healthy cells during treatment?"
oncology_expert,638,cancer_myth_nfp,Hairy Cell Leukemia,false,true,false,non_rag,"My father was just diagnosed with hairy cell leukemia, and we're scrambling to find the best treatment center. Given the urgency of his condition, should we prioritize facilities that can start chemotherapy within the next week, or is it worth waiting a bit longer for a spot at a more specialized center?"
oncology_expert,646,cancer_myth_nfp,Metastatic Cancer,false,true,false,non_rag,"My mother, who's 68, was recently diagnosed with metastatic breast cancer. We're looking into hospice care options to ensure she's comfortable. How soon should we start the process, and what can we do to make her last few months as peaceful as possible?"
oncology_expert,652,cancer_myth_nfp,Osteosarcoma,false,true,false,non_rag,My teenage daughter was recently diagnosed with osteosarcoma in her leg. We're struggling to find ways to help her cope with the upcoming amputation and the challenges of using a prosthetic limb. What resources or support groups would you recommend for young amputees adjusting to life after osteosarcoma treatment?
oncology_expert,655,cancer_myth_nfp,Penile Cancer,false,true,false,non_rag,"My husband is undergoing treatment for penile cancer, and we're struggling to maintain intimacy. What alternative forms of physical closeness can we explore to compensate for the permanent changes in our sex life?"
oncology_expert,657,cancer_myth_nfp,Primary Central Nervous System (CNS) Lymphoma,false,true,false,non_rag,"My mother was just diagnosed with primary CNS lymphoma at age 70. Her doctor mentioned that due to her age and the location of the tumor, aggressive treatments might do more harm than good. What palliative care options should we consider to ensure her comfort and quality of life in the coming months?"
oncology_expert,661,cancer_myth_nfp,Wilms Tumor and Other Childhood Kidney Tumors,false,false,true,rag,My 5-year-old nephew was recently diagnosed with a Wilms tumor after his parents noticed blood in his urine. We're devastated but trying to stay positive. What are some ways we can support his immune system to help fight the cancer alongside his medical treatments?
oncology_expert,664,cancer_myth_nfp,Primary CNS Lymphoma (Lymphoma),false,false,true,rag,"My best friend has primary CNS lymphoma and has just finished his first round of R-CHOP. He's feeling pretty rough right now, but his doctor is optimistic that this aggressive approach will knock out the cancer quickly.  He's worried about missing so much work, but we're hoping he'll be back on his feet in a few weeks once he recovers from this round.  Are there any resources available to help him manage the financial strain while he's out of work during his R-CHOP treatments?"
oncology_expert,671,cancer_myth_nfp,Childhood Central Nervous System Germ Cell Tumors (Brain Cancer),false,true,false,non_rag,"My child was recently diagnosed with a CNS germ cell tumor.  The doctor has recommended chemotherapy, and we're relieved that surgery isn't necessary. We're hoping to minimize disruption to his life as much as possible.  Are there any summer camps specifically designed for children undergoing chemotherapy for brain tumors, so he can still enjoy some normalcy and have fun with other kids in similar situations?"
oncology_expert,676,cancer_myth_nfp,Ovarian Germ Cell Tumors,false,true,false,non_rag,My sister has metastatic dysgerminoma and is about to start radiation therapy.  She's worried about skin irritation and hair loss during treatment. Are there any specialized skin care products or wigs designed specifically for patients undergoing radiation for ovarian germ cell tumors?
oncology_expert,678,cancer_myth_nfp,Hepatocellular (Liver) Cancer,false,true,false,non_rag,"My aunt has hepatocellular carcinoma and is undergoing palliative chemotherapy.  We know this is a difficult cancer, and she's preparing for the inevitable. She's started working on her will and making arrangements for her estate.  Are there any legal resources specifically designed to assist terminal liver cancer patients with estate planning and end-of-life legal matters?"
oncology_expert,682,cancer_myth_nfp,"Islet Cell Tumors, Pancreatic Neuroendocrine Tumors",false,true,false,non_rag,"My aunt has a pancreatic neuroendocrine tumor and is starting chemotherapy next week.  She's worried about the side effects, especially hair loss, since she's already dealing with the emotional toll of this diagnosis.  The doctor mentioned a wig might be a good idea.  Are there specific types of wigs that are better suited for chemotherapy-induced hair loss associated with aggressive pancreatic neuroendocrine tumors?"
oncology_expert,684,cancer_myth_nfp,"Islet Cell Tumors, Pancreatic Neuroendocrine Tumors",false,true,false,non_rag,My mother has an islet cell tumor and is undergoing chemotherapy. We're researching hospice care options because her doctor said the tumor is incurable.  We want to make sure she's comfortable in her final months. Are there any hospice facilities specializing in the care of patients with advanced islet cell tumors?
oncology_expert,685,cancer_myth_nfp,Langerhans Cell Histiocytosis,false,true,false,non_rag,"My son was diagnosed with LCH a few months ago. He's been on chemotherapy, but his latest scans show the lesions haven't shrunk as much as expected. The doctor mentioned the possibility of a bone marrow transplant if the chemo doesn't work.  We're terrified.  Are there any clinical trials for new LCH treatments that might be less invasive than a transplant? We're desperate to avoid such a drastic measure."
oncology_expert,686,cancer_myth_nfp,Langerhans Cell Histiocytosis,false,true,false,non_rag,"My toddler was just diagnosed with LCH involving his skull. The doctor said it's a good thing it's localized and we caught it early. He recommended surgery to remove the affected bone.  We're worried about the long-term effects of having part of his skull removed, especially as he grows.  Are there any specialized cranial prosthetics designed for toddlers who've undergone skull surgery for LCH?  We want to make sure his head develops normally."
oncology_expert,688,cancer_myth_nfp,Merkel Cell Carcinoma (Skin Cancer),false,true,false,non_rag,"My father has advanced Merkel cell carcinoma, and he's about to start chemotherapy.  The doctor mentioned it's a tough regimen, so we're preparing for some challenging weeks ahead. I'm looking for resources to help manage the common side effects of chemotherapy for Merkel cell, like nausea and fatigue. Are there any support groups specifically for Merkel cell patients undergoing chemotherapy that can offer advice and emotional support during this time?"
oncology_expert,691,cancer_myth_nfp,Metastatic Cancer,false,true,false,non_rag,"My sister was recently diagnosed with metastatic melanoma. The doctor mentioned immunotherapy, but she's hesitant. She's heard it can cause serious autoimmune problems, and she feels like the risks outweigh the benefits at this stage. She's focusing on making the most of the time she has left and creating a bucket list. Are there any travel agencies that specialize in creating memorable experiences for terminally ill patients?"
oncology_expert,701,cancer_myth_nfp,Penile Cancer,false,true,false,non_rag,My father has penile cancer and is scheduled for surgery.  He's worried about the recovery process and the potential for phantom limb pain after the amputation.  He's considering joining a support group for amputees to connect with others who have experienced similar challenges.  Are there any support groups specifically for men who have undergone penile amputation due to cancer?
oncology_expert,712,cancer_myth_nfp,Pregnancy and Hodgkin Lymphoma,false,true,false,non_rag,"I'm 20 weeks pregnant and recently finished radiation therapy for Hodgkin lymphoma. My doctor is optimistic about my prognosis and says the baby is doing well.  To celebrate, we're planning a 'radiation-free' baby shower.  Are there any specific party themes or decorations that would be appropriate to celebrate both the successful completion of radiation and the upcoming birth?"
oncology_expert,723,cancer_myth_nfp,Primary Central Nervous System (CNS) Lymphoma,false,true,false,non_rag,"My wife has primary CNS lymphoma, and we're looking into experimental therapies since the doctor said standard chemotherapy is unlikely to be effective.  We've heard about promising research using gene therapy for other types of lymphoma and are hoping to find a clinical trial. Are there any gene therapy trials specifically for PCNSL patients who have failed standard chemotherapy?"
oncology_expert,724,cancer_myth_nfp,Primary Central Nervous System (CNS) Lymphoma,false,true,false,non_rag,"My aunt was recently diagnosed with primary CNS lymphoma, and she's starting intrathecal chemotherapy next week. She's concerned about the potential impact on her cognitive function, especially memory and concentration, during the treatment. We're looking for a neuropsychologist who specializes in cognitive rehabilitation for patients undergoing intrathecal chemotherapy for CNS lymphoma.  Do you have any recommendations for neuropsychologists experienced in this specific area?"
oncology_expert,726,cancer_myth_nfp,Pulmonary Inflammatory Myofibroblastic Tumor (Lung Cancer),false,true,false,non_rag,"My father has a pulmonary inflammatory myofibroblastic tumor and is scheduled to start chemotherapy next week.  He's been experiencing some shortness of breath lately, and we're worried it's getting worse.  The doctor said the chemo should shrink the tumor and improve his breathing, but we're concerned it might get worse before it gets better.  Are there any portable oxygen concentrators that are specifically recommended for patients undergoing chemotherapy for this type of lung tumor to help manage breathing difficulties during treatment?"
oncology_expert,727,cancer_myth_nfp,Pulmonary Inflammatory Myofibroblastic Tumor (Lung Cancer),false,true,false,non_rag,"My child was diagnosed with a pulmonary inflammatory myofibroblastic tumor last year and had surgery.  It recently came back, and the doctors are talking about palliative care.  We're devastated because we thought the surgery would take care of it. Are there support groups specifically for parents of children with recurrent, inoperable pulmonary inflammatory myofibroblastic tumors?"
patient_education,4,cancer_myth,Bladder cancer,true,true,false,rag,"I heard that my muscle-invasive bladder cancer requires immediate surgery, but I'm concerned about the recovery time. Are there any ways to speed up recovery after surgery?"
patient_education,5,cancer_myth,Colorectal cancer,true,true,false,rag,"My uncle is worried about his social life after being told he has colorectal cancer, as he believes he'll have to wear a colostomy bag forever. Could you provide advice on managing social situations with a permanent colostomy?"
patient_education,6,cancer_myth,Colorectal cancer,true,true,false,rag,I'm concerned about the impact of colostomy bag on travel due to my colorectal cancer. Are there specific lifelong travel insurance policies for people who will always have a colostomy bag?
patient_education,7,cancer_myth,Colorectal cancer,true,true,false,rag,I recently found out I have colorectal cancer and am worried about leaving my children too soon. How can I best prepare them for my absence?
patient_education,13,cancer_myth,Kidney (Renal Cell) Cancer,true,true,false,rag,"I've been advised to prepare for dialysis after my upcoming kidney cancer surgery, as I've heard that losing a kidney can lead to kidney failure. What are some strategies to cope with dialysis as part of my recovery?"
patient_education,16,cancer_myth,Lung cancer,true,true,false,rag,"My grandfather was just diagnosed with lung cancer, and he's ready to start hospice care because he thinks treatment won't make a difference. Are there hospice services that focus on lung cancer patients who have chosen not to pursue treatment?"
patient_education,36,cancer_myth,Rectal cancer,true,true,false,rag,"My aunt is preparing for surgery due to her rectal cancer diagnosis, and we're trying to find the best way to adapt her house for life with a permanent colostomy. What are some essential modifications we should consider?"
patient_education,53,cancer_myth,Ovarian cancer,true,true,false,rag,"Ever since my aunt's ovarian cancer diagnosis, she has been worried about leaving her children without a mother. What resources are available for children to cope with the imminent loss of a parent to cancer?"
patient_education,63,cancer_myth,Oral cavity cancer,true,false,true,non_rag,"My brother, who has never smoked, was diagnosed with pharyngeal cancer, and we're focusing on preventing our children from smoking to ensure they don't develop this cancer. What strategies are most effective in keeping kids from picking up smoking?"
patient_education,73,cancer_myth,Tongue cancer,true,true,false,rag,"Since my cousin's tongue cancer diagnosis was a complete shock to us, we're now obsessively checking for signs like lumps or sores in our mouths. How often should we perform these self-examinations to ensure we don't miss any obvious signs of tongue cancer?"
patient_education,75,cancer_myth,Tonsil cancer,true,true,false,rag,"After my cousin's tonsil cancer diagnosis, we want to prioritize her comfort and reduce unnecessary medical appointments. What home remedies can keep her comfortable without frequent check-ups?"
patient_education,80,cancer_myth,Colorectal cancer,true,true,false,rag,"My oncologist has suggested trying a new chemotherapy regimen for my advanced colorectal cancer, but I'm hesitant to put myself through more discomfort when it won't change the outcome. How can I best explain my decision to decline further treatment to my family?"
patient_education,93,cancer_myth,Liver cancer,true,true,false,rag,My uncle has liver cancer and is starting palliative care.  I'm researching ways to make him comfortable.  Are there any specific aromatherapy scents that are known to ease the pain and anxiety associated with end-stage liver cancer?
patient_education,95,cancer_myth,Lung cancer,true,true,false,rag,My father was just diagnosed with stage IV lung cancer that has spread to his liver. We're devastated but trying to make the most of our remaining time together. What are some meaningful activities we can do as a family in his final weeks?
patient_education,97,cancer_myth,Lung cancer,true,true,false,rag,"My wife is having lung cancer surgery soon.  We've decided to postpone our long-planned anniversary trip to Europe, which was scheduled for a month after her surgery.  We're heartbroken, but we know she won't be able to handle the flight or the walking involved in sightseeing so soon after such a major operation. Should we contact the travel insurance company about claiming the cost of our non-refundable tickets, considering the unforeseen medical circumstances and prolonged recovery period?"
patient_education,101,cancer_myth,Ovarian cancer,true,true,false,rag,My sister was just diagnosed with stage III ovarian cancer. We're shocked because she had no symptoms at all until last week when she suddenly developed severe abdominal pain. How can we best support her through this unexpected journey?
patient_education,106,cancer_myth,Pharyngeal cancer,true,true,false,rag,I'm organizing a pharyngeal cancer awareness campaign for our local senior center. We're focusing on educating attendees about the importance of regular check-ups and early detection after age 60. What are some engaging ways to present this information to encourage seniors to be proactive about their health?
patient_education,108,cancer_myth,Tongue cancer,true,true,false,rag,"My sister was just diagnosed with tongue cancer, and we're all devastated. We want to make her last few months as comfortable as possible. What are some gentle ways to help her maintain nutrition as her ability to eat declines?"
patient_education,111,cancer_myth,Breast cancer,true,true,false,rag,"I've been diagnosed with breast cancer, and I'm worried about the side effects of chemotherapy. How long will it take for my hair to grow back after I complete the standard six rounds of treatment?"
patient_education,117,cancer_myth,Thyroid cancer,true,true,false,rag,"After my aunt was diagnosed with thyroid cancer at 65, we've been particularly vigilant about health checks for our older family members. Are there specific age-related symptoms we should watch for in thyroid cancer?"
patient_education,129,cancer_myth,Cervical cancer,true,true,false,rag,"I was diagnosed with HPV last year. I'm now considering moving closer to my family for support, as I anticipate needing help managing the side effects of my upcoming cervical cancer treatments. I'm worried about the impact on my career, but my health is my priority. Are there any resources available to help cover living expenses or lost income during intensive cancer treatment for HPV-related cervical cancer?"
patient_education,135,cancer_myth,Uterine Corpus Cancer,true,true,false,rag,"My mother has uterine corpus cancer, and her oncologist is recommending a hysterectomy. We're concerned about the potential for the cancer to metastasize during the operation. What precautions can the surgical team take to minimize this risk?"
patient_education,136,cancer_myth,Uterine Corpus Cancer,true,true,false,rag,"My sister is nervous about having surgery for her uterine corpus cancer, fearing it might lead to metastasis. What pre-surgery protocols can reduce this risk?"
patient_education,144,cancer_myth,Acute Lymphoblastic Leukemia (ALL),true,true,false,rag,My wife was recently diagnosed with ALL. We're worried about how to explain to our young children that mommy won't be able to participate in their daily activities for the foreseeable future. What's the best way to prepare them for this change?
patient_education,151,cancer_myth,Acute Myeloid Leukemia (AML),true,true,false,rag,Our support group for younger AML patients is organizing a bone marrow donor drive. We want to encourage more people in their 20s and 30s to register as donors. What are some key points we should emphasize about the importance of younger donors for successful transplants?
patient_education,161,cancer_myth,AIDS-Related Lymphoma (Lymphoma),true,true,false,rag,"My brother, who is HIV-positive, was recently diagnosed with lymphoma. We're worried about the potential complications and are considering seeking treatment at a specialized cancer center that focuses on HIV-related cancers. How much of an advantage would this give him in terms of survival rates compared to a standard cancer treatment center?"
patient_education,164,cancer_myth,AIDS-Related Lymphoma (Lymphoma),true,true,false,rag,"As my cousin is dealing with both HIV and lymphoma, we're preparing for the emotional and physical challenges of his expected extended hospital stays. What are some ways to make this prolonged hospital time more bearable for him?"
patient_education,166,cancer_myth,Primary CNS Lymphoma (Lymphoma),true,true,false,rag,"I've just been diagnosed with primary CNS lymphoma, and I'm struggling to come to terms with it. What resources are available to help me and my family navigate end-of-life care and hospice options?"
patient_education,167,cancer_myth,Primary CNS Lymphoma (Lymphoma),true,true,false,rag,"After my primary CNS lymphoma diagnosis, I'm trying to decide whether to participate in a clinical trial or spend my remaining time traveling. How do I weigh the potential benefits of experimental treatments against the desire to make the most of my limited time?"
patient_education,175,cancer_myth,Anal Cancer,true,true,false,rag,"My partner was recently diagnosed with anal cancer, and we're both struggling to come to terms with it.  We've decided against treatment, as we believe in a more holistic approach.  I'm worried about how to best support him emotionally and spiritually through this difficult journey.  Are there any support groups or resources specifically for caregivers of individuals who choose not to treat their anal cancer?"
patient_education,178,cancer_myth,Anal Cancer,true,true,false,rag,"With my grandfather's recent anal cancer diagnosis, we're considering organizing a community screening event for men in his age group. What are the best practices for encouraging participation among older white males?"
patient_education,184,cancer_myth,"Astrocytomas, Childhood (Brain Cancer)",true,true,false,rag,"My daughter was recently diagnosed with an astrocytoma, and we're devastated. Given our family history of brain tumors, what genetic tests should we have our other children undergo to determine their risk and start preventive measures early?"
patient_education,186,cancer_myth,"Astrocytomas, Childhood (Brain Cancer)",true,true,false,rag,"My 10-year-old daughter completed her treatment for astrocytoma last year, and we're planning a big celebration for her 'cancer-free' status next month. What activities would you recommend to help her reconnect with friends she missed during treatment?"
patient_education,194,cancer_myth,Bile Duct Cancer,true,true,false,rag,"Given my aunt's recent jaundice and bile duct cancer diagnosis, we're preparing for the worst and want to know which hospice services specialize in late-stage cancer care. Can you recommend any in our area?"
patient_education,210,cancer_myth,Osteosarcoma,true,true,false,rag,My teenage son was just diagnosed with stage 4 osteosarcoma. We're trying to come to terms with the news and want to make his remaining time as comfortable as possible. What are some gentle ways to discuss end-of-life care options with him?
patient_education,222,cancer_myth,Bronchial Tumors,true,true,false,rag,"After my aunt's bronchial tumor diagnosis, we've been advised to focus on palliative care to ensure her comfort. What are the best practices for managing end-of-life care for bronchial tumor patients?"
patient_education,226,cancer_myth,Bronchial Tumors,true,true,false,rag,"I'm scheduled for bronchial tumor removal next month, and I'm trying to prepare my home for my extended recovery. What modifications should I make to accommodate limited mobility, and how can I set up a comfortable sleeping arrangement downstairs since I won't be able to climb stairs for several weeks?"
patient_education,227,cancer_myth,Bronchial Tumors,true,true,false,rag,"Given my uncle's recent bronchial tumor diagnosis, we're exploring treatment options that won't disrupt his daily activities for an extended period, as surgery is known to have a lengthy recovery process. Could targeted therapies be a viable option in his case?"
patient_education,232,cancer_myth,Bronchial Tumors,true,true,false,rag,"Given that bronchial tumors are mainly a concern for older adults, how can I best support my grandmother after her diagnosis, ensuring she receives age-appropriate care that suits her needs?"
patient_education,247,cancer_myth,Central Nervous System Tumors,true,true,false,rag,"As my 8-year-old daughter undergoes treatment for her brain tumor, we're joining support groups specifically for parents of pediatric patients. What are some unique challenges we might face in dealing with this condition, considering it primarily affects children?"
patient_education,249,cancer_myth,Central Nervous System Tumors,true,true,false,rag,My husband has been living with a low-grade astrocytoma for the past year. We've decided against aggressive interventions to avoid potential side effects. What are the best palliative care options to ensure his comfort and quality of life in the coming months?
patient_education,252,cancer_myth,"Germ Cell Tumor, Childhood (Brain Cancer)",true,true,false,rag,"My son was diagnosed with a germ cell tumor.  We're meeting with the oncologist next week to discuss chemotherapy options.  Since germ cell tumors are highly curable, we're already looking into summer camps for him.  Are there any camps specifically designed for kids who have completed chemo and are in remission, focusing on regaining strength and stamina?"
patient_education,262,cancer_myth,Primary CNS Lymphoma,true,true,false,rag,"My father has primary CNS lymphoma and is undergoing chemotherapy. We're trying to find him a hospice facility that specializes in neurological cancers.  Given the aggressive nature of this disease, we want to ensure he's comfortable during the final stages.  Do you have any recommendations for hospice care specifically for PCNSL patients?"
patient_education,264,cancer_myth,Primary CNS Lymphoma,true,true,false,rag,My mother was just diagnosed with primary CNS lymphoma. Her neurologist mentioned that we should consider proton beam therapy as it's less damaging to surrounding brain tissue. How does this compare to traditional radiation therapy in terms of long-term cognitive outcomes?
patient_education,277,cancer_myth,Chronic Myelogenous Leukemia (CML),true,false,true,non_rag,"My partner was diagnosed with CML, and he's starting treatment next week. We're both anxious about the side effects, especially the hair loss. We've been looking into head covering options, like scarves and hats.  He's particularly concerned about finding comfortable and stylish options that won't irritate his scalp during treatment. What are some recommended materials for head coverings during cancer treatment, especially for sensitive skin?"
patient_education,284,cancer_myth,Cutaneous T-Cell Lymphoma,true,true,false,rag,"My sister has been considering participating in a clinical trial for her cutaneous T-cell lymphoma, but she’s worried about the financial implications since her insurance won’t cover any of it. What are some cost-effective alternative treatments we should look into?"
patient_education,287,cancer_myth,"Embryonal Tumors, Medulloblastoma and Other Central Nervous System, Childhood (Brain Cancer)",true,true,false,rag,"With the diagnosis of a central nervous system tumor in our daughter, we are focusing more on hospice care to ensure her comfort. Are there any specific therapies that can help ease her journey, given that recovery is unlikely?"
patient_education,290,cancer_myth,"Embryonal Tumors, Medulloblastoma and Other Central Nervous System, Childhood (Brain Cancer)",true,true,false,rag,"My niece has been diagnosed with an embryonal tumor, and we're researching clinical trials. We've found several promising studies for adult brain cancers but very few for children. How can we advocate for more pediatric-focused research to address this gap in treatment options?"
patient_education,292,cancer_myth,Endometrial Cancer (Uterine Cancer),true,true,false,rag,"My sister has endometrial cancer and is having a hysterectomy. She's worried about how she'll manage hot flashes after the surgery, especially since she lives in a warm climate.  Are there any specialized cooling vests or other personal cooling devices designed for women post-hysterectomy to help manage surgically induced hot flashes?"
patient_education,293,cancer_myth,Endometrial Cancer (Uterine Cancer),true,true,false,rag,"My mother, who has been on hormone replacement therapy for years to manage her menopausal symptoms, was recently diagnosed with endometrial cancer. We're considering continuing HRT to maintain her quality of life. Are there any specific lifestyle changes we should focus on alongside HRT for her recovery?"
patient_education,299,cancer_myth,Esophageal Cancer,true,true,false,rag,"My dad was just diagnosed with esophageal cancer, and the doctor said it's pretty advanced. He's decided against pursuing any treatment because he thinks it's a lost cause at this point.  He's focusing on making the most of his remaining time and wants to travel.  Are there any travel insurance companies that specialize in coverage for individuals with terminal illnesses who want to take trips abroad?"
patient_education,303,cancer_myth,"Extracranial Germ Cell Tumor, Childhood",true,true,false,rag,"After my son was diagnosed with an extracranial germ cell tumor, we've been advised to inform all family members about the potential genetic risk. Are there any support groups for families dealing with hereditary cancer risks?"
patient_education,307,cancer_myth,Extragonadal Germ Cell Tumor,true,false,true,non_rag,"My husband has an extragonadal germ cell tumor, and we're devastated by the diagnosis.  We're trying to make the most of the time we have left together.  We'd like to create a memory box for our children filled with photos, videos, and letters.  Are there any specific resources or organizations that offer guidance on creating memory boxes for children whose parents have terminal cancer diagnoses?"
patient_education,315,cancer_myth,Intraocular Melanoma,true,true,false,rag,My wife has a medium-sized intraocular melanoma and I think she will have surgery to remove her eye next month. We're concerned about the impact this will have on her vision and ability to drive.  Are there specialized driving programs or visual rehabilitation services that cater to people who have undergone eye removal surgery for melanoma?
patient_education,317,cancer_myth,Intraocular Melanoma,true,true,false,rag,"Since my father has been diagnosed with intraocular melanoma, we're considering only the local treatments to maintain his eye health. Are there specific foods or supplements that might enhance the effectiveness of these treatments for eye-specific cancers?"
patient_education,321,cancer_myth,Intraocular Melanoma,true,false,true,non_rag,"I'm scheduled for intraocular melanoma treatment next month, and I'm trying to plan ahead for my recovery. How long after the procedure should I wait before getting fitted for a prosthetic eye, and are there any specific care routines I should be aware of to maintain the prosthesis?"
patient_education,328,cancer_myth,Retinoblastoma,true,false,true,non_rag,"My nephew has retinoblastoma, and we're looking into getting him a guide dog to help him navigate once he loses his sight.  Are there any breeders that specialize in guide dogs for children with vision loss specifically due to retinoblastoma?"
patient_education,329,cancer_myth,Retinoblastoma,true,true,false,rag,"Since my child was diagnosed with retinoblastoma, we're preparing her for life with a prosthetic eye. Are there support groups for families going through this transition?"
patient_education,335,cancer_myth,Gallbladder Cancer,true,true,false,rag,"We've been exploring various alternative therapies for my father's gallbladder cancer, particularly focusing on acupuncture and energy healing. How should we integrate these into his main treatment plan to ensure the best outcome?"
patient_education,336,cancer_myth,Gallbladder Cancer,true,true,false,rag,"My mother was recently diagnosed with gallstones, and our family is concerned about her increased risk of gallbladder cancer. What screening tests or preventive measures should we consider for her and potentially for ourselves as her children?"
patient_education,343,cancer_myth,Germ Cell Tumors,true,true,false,rag,"Since my husband had an accident that injured his testicles, we've been vigilant about any changes that might indicate a germ cell tumor. Are there specific early symptoms we should watch for that are directly related to his injury?"
patient_education,346,cancer_myth,Childhood Extracranial Germ Cell Tumors,true,true,false,rag,My son was recently diagnosed with an extracranial germ cell tumor. The doctor mentioned it's on his tailbone.  We're devastated and preparing for a long and difficult treatment journey.  Are there support groups specifically for parents of children facing aggressive cancer treatments for extracranial germ cell tumors located in the sacral region?
patient_education,367,cancer_myth,Hepatocellular (Liver) Cancer,true,true,false,rag,"After hearing about my sister's hepatocellular carcinoma, we're researching hospice care facilities to ensure she gets the best care during her final months. Are there facilities specialized in handling liver cancer patients?"
patient_education,369,cancer_myth,Hepatocellular (Liver) Cancer,true,true,false,rag,My sister was recently diagnosed with early-stage liver cancer after complaining about fatigue and loss of appetite. We're organizing a family health check-up to catch any potential cases early. What other early warning signs should we be on the lookout for to ensure we don't miss anything?
patient_education,373,cancer_myth,"Histiocytosis, Langerhans Cell",true,false,true,non_rag,I'm a 35-year-old man recently diagnosed with LCH. My doctor mentioned that there's limited research on long-term outcomes for adult survivors. How can I best prepare for potential late effects and developmental issues as I age?
patient_education,388,cancer_myth,Leukemia,true,true,false,rag,"As a pediatric nurse, I'm concerned about the rising rates of leukemia in children. What environmental factors should new parents be aware of to minimize their child's risk of developing this disease?"
patient_education,396,cancer_myth,"Melanoma, Intraocular (Eye)",true,true,false,rag,I'm creating an awareness campaign for intraocular melanoma. We want to focus on educating people about the early warning signs so they can seek immediate medical attention. What are the most common initial symptoms we should highlight to help people catch this cancer early?
patient_education,402,cancer_myth,Metastatic Cancer,true,true,false,rag,"With my brother's recent diagnosis of metastatic lung cancer, we're skeptical about starting any new treatments as they might diminish his remaining strength. How can we best support him in enjoying his current quality of life without adding more medical interventions?"
patient_education,403,cancer_myth,Metastatic Cancer,true,true,false,rag,"My aunt is preparing for surgery to address her metastatic ovarian cancer, and we're anxious about the potential for the procedure to accelerate the spread of cancer cells. What are the non-surgical alternatives to mitigate this risk?"
patient_education,407,cancer_myth,Mouth Cancer (Head and Neck Cancer),true,true,false,rag,"My brother is scheduled for surgery to treat his mouth cancer, and we're worried about the potential for the cancer to become more aggressive afterwards. Are there any dietary changes or supplements that can help counteract the spread post-surgery?"
patient_education,416,cancer_myth,Mycosis Fungoides (Lymphoma),true,true,false,rag,"Since my husband has mycosis fungoides, we've decided to focus solely on treatments his insurance will cover, rather than considering any experimental therapies. How can we ensure he gets the best standard treatments available?"
patient_education,419,cancer_myth,Mycosis Fungoides (Lymphoma),true,true,false,rag,"I'm part of a support group for mycosis fungoides patients, and we're organizing a seminar on managing side effects. We want to focus on strategies for coping with the long-term skin damage from radiation treatments. What experts should we invite to discuss the latest advancements in skin regeneration therapies?"
patient_education,428,cancer_myth,Myelodysplastic/Myeloproliferative Neoplasms,true,false,true,non_rag,Our support group for MDS/MPN patients is organizing an educational seminar. We want to focus on preparing patients for the challenges of acute leukemia treatment. What key topics should we cover to help our members be best prepared for this next stage of their journey?
patient_education,435,cancer_myth,"Myelogenous Leukemia, Chronic (CML)",true,false,true,non_rag,"My brother has CML and is about to start treatment. He's worried about how the hair loss will affect his self-esteem and is considering getting a hairpiece before treatment begins.  Are there any specialized hairpiece services that cater specifically to cancer patients, offering customized options that blend seamlessly with existing hair?"
patient_education,445,cancer_myth,"Myeloid Leukemia, Acute (AML)",true,true,false,rag,"Given my grandfather's acute myeloid leukemia diagnosis at 72, we're prioritizing palliative care to ensure he remains comfortable rather than considering invasive options. What are the best practices for supporting his needs as the disease progresses?"
patient_education,449,cancer_myth,Nasal Cavity and Paranasal Sinus Cancer (Head and Neck Cancer),true,true,false,rag,"I've been diagnosed with paranasal sinus cancer, but I'm having a hard time accepting it because I've never had any significant sinus issues before. Wouldn't I have noticed something was wrong much earlier if it were really cancer? I'm wondering if I should get a second opinion to confirm the diagnosis."
patient_education,451,cancer_myth,Nasal Cavity and Paranasal Sinus Cancer (Head and Neck Cancer),true,true,false,rag,"With my brother's nasal cavity cancer diagnosed promptly due to his persistent congestion, we're curious about the quick recovery options. Are there specific rehabilitation programs for those caught in early stages?"
patient_education,453,cancer_myth,Nasopharyngeal Cancer (Head and Neck Cancer),true,true,false,rag,"My brother was recently diagnosed with stage I nasopharyngeal cancer. The doctor recommended radiation therapy, and we're relieved it's caught early. We're preparing for the side effects of radiation, like hair loss and fatigue. Are there any specialized wigs designed for patients undergoing head and neck radiation, considering the specific areas of hair loss and potential skin sensitivity?"
patient_education,454,cancer_myth,Nasopharyngeal Cancer (Head and Neck Cancer),true,true,false,rag,"As my father prepares for his nasopharyngeal cancer treatment, we're arranging for someone to stay at his house since he will be in the hospital for weeks. What home preparations should we consider for his return?"
patient_education,455,cancer_myth,Neuroblastoma,true,true,false,rag,"Our daughter completed her neuroblastoma treatment last year, and we're so relieved it's over. We're considering having another child now. Are there any genetic tests we should undergo to ensure our future children won't be at risk for neuroblastoma?"
patient_education,462,cancer_myth,Non-Hodgkin Lymphoma,true,true,false,rag,"In light of my uncle's diagnosis with Non-Hodgkin Lymphoma, we're looking into retirement communities with specialized cancer care. Are there facilities that focus on treating this condition in older adults?"
patient_education,464,cancer_myth,Non-Small Cell Lung Cancer,true,false,true,non_rag,"My sister has non-small cell lung cancer and is starting treatment soon.  She's worried about hair loss and wants to explore options like cold caps. The doctor said they're not very effective for her hair type, but she's determined to try. We're also looking into wigs specifically designed for women undergoing lung cancer treatment.  Do you know of any wig makers who specialize in this area?"
patient_education,467,cancer_myth,Head and Neck Cancer,true,false,true,non_rag,Our community health center is planning a head and neck cancer awareness campaign. We're considering targeting retirement communities and senior centers for screenings. What's the most effective way to reach this high-risk demographic and encourage early detection?
patient_education,473,cancer_myth,Undifferentiated Pleomorphic Sarcoma of Bone,true,false,true,non_rag,"After learning about undifferentiated pleomorphic sarcoma affecting only soft tissues, we're seeking a physical therapist who specializes in soft tissue rehabilitation. Can you recommend someone with this expertise?"
patient_education,488,cancer_myth,Penile Cancer,true,true,false,rag,"My uncle has been diagnosed with localized penile cancer, and his oncologist is recommending surgery followed by radiation therapy. We're wondering about the long-term effects of radiation on his quality of life, given that he's avoiding the more systemic impacts of chemotherapy. What should we expect in terms of potential side effects from radiation treatment?"
patient_education,493,cancer_myth,Pheochromocytoma,true,true,false,rag,Our support group for pheochromocytoma patients is organizing a fundraiser to help cover the costs of long-term cancer treatments. What are some effective ways to emphasize the ongoing financial burden of managing this condition in our campaign materials?
patient_education,494,cancer_myth,Pheochromocytoma,true,true,false,rag,"I've been taking medication for my pheochromocytoma for six months now, and my blood pressure has stabilized. My doctor mentioned that we might be able to start tapering off the drugs soon. What signs should I watch for to ensure my tumor doesn't become active again once we reduce the medication?"
patient_education,499,cancer_myth,Pituitary Tumor,true,true,false,rag,"My father was recently diagnosed with a pituitary tumor, and he's experiencing some vision changes. We're devastated about the permanent impact on his eyesight. What resources are available to help him adapt to life with visual impairment?"
patient_education,510,cancer_myth,Pleuropulmonary Blastoma (Lung Cancer),true,true,false,rag,"Since my son's pleuropulmonary blastoma diagnosis, we've been trying to understand how lifestyle changes, like quitting smoking, might improve his prognosis. Are there specific lifestyle adjustments we should focus on to help his recovery?"
patient_education,537,cancer_myth,Pulmonary Inflammatory Myofibroblastic Tumor (Lung Cancer),true,false,true,non_rag,"My wife has a pulmonary inflammatory myofibroblastic tumor and will be starting chemotherapy soon. She's worried about the hair loss, so we're looking into wig options.  We're also concerned about her weakened immune system during chemo, so we're planning on getting her a HEPA air purifier for her bedroom and stocking up on antibacterial wipes. Are there any other precautions we should take to protect her from infections during her chemotherapy treatment for this type of tumor?"
patient_education,545,cancer_myth,"Ureter and Renal Pelvis, Transitional Cell Cancer (Kidney (Renal Cell) Cancer)",true,true,false,rag,"After noticing blood in my urine, I've started researching kidney cancer treatments and wondering which hospitals have the best survival rates for this diagnosis. Could you provide some recommendations?"
patient_education,550,cancer_myth,Uterine Sarcoma,true,true,false,rag,"My mother was recently diagnosed with uterine sarcoma.  Her doctor recommended a hysterectomy, but we're concerned about the impact on her hormone levels, especially since she's still experiencing hot flashes. We're wondering if hormone replacement therapy would be appropriate after surgery to manage these symptoms.  Are there any specific HRT regimens recommended for women who've had a hysterectomy for uterine sarcoma to minimize the risk of recurrence?"
patient_education,562,cancer_myth,Vascular Tumors (Soft Tissue Sarcoma),true,true,false,rag,"I've been diagnosed with a soft tissue sarcoma in my arm, and I'm trying to prepare myself mentally for life after amputation. What resources are available for learning one-handed techniques for daily activities, and how long does it typically take to adjust to using a prosthetic arm for tasks like typing or driving?"
patient_education,565,cancer_myth,Vascular Tumors (Soft Tissue Sarcoma),true,true,false,rag,"I've noticed a painless lump on my leg, and I'm focusing more on getting a cosmetic evaluation rather than a medical one. What are some cosmetic options to consider if it turns out to be benign?"
patient_education,573,cancer_myth,Vulvar Cancer,true,true,false,rag,"My 40-year-old sister was diagnosed with vulvar cancer.  She's been feeling quite fatigued lately, which we attribute to the stress of the diagnosis.  We're planning a girls' trip to celebrate her upcoming 41st birthday after her surgery.  We're thinking of going hiking and doing other adventurous activities.  Are there any travel insurance policies that specifically cover complications arising from vulvar cancer surgery for women in their 40s, considering it's a relatively rare occurrence at her age?"
patient_education,576,cancer_myth,Vulvar Cancer,true,true,false,rag,"I'm in my 20s and have been diagnosed with lichen sclerosus. My doctor said it can increase my risk of vulvar cancer. Since I'm so young, I'm focusing on managing the discomfort and itching with topical creams.  Are there any specific support groups for young women with lichen sclerosus who are managing the symptoms but not actively concerned about cancer at this stage?"
patient_education,579,cancer_myth,Vulvar Cancer,true,true,false,rag,"My mom was recently diagnosed with vulvar cancer, and she's really struggling with feelings of shame and embarrassment. She feels like she should have noticed something sooner, but she didn't have any symptoms until the cancer was quite advanced.  Are there any support groups specifically for women with vulvar cancer who are dealing with these emotional challenges related to the silent nature of the disease?"
patient_education,581,cancer_myth,Wilms Tumor and Other Childhood Kidney Tumors,true,true,false,rag,"Our son's oncologist mentioned the possibility of a clinical trial for a new surgical technique for Wilms tumor that claims to reduce the need for follow-up treatments. Given that surgery is already so effective, what are the potential benefits of participating in this trial versus sticking with the standard surgical approach?"
patient_education,593,cancer_myth_nfp,Retinoblastoma,false,true,false,non_rag,"Since my child was diagnosed with retinoblastoma, we're preparing her for life with a prosthetic eye. Are there support groups for families going through this transition?"
patient_education,600,cancer_myth_nfp,Hairy Cell Leukemia,false,true,false,non_rag,"We're planning a support group for young patients with hairy cell leukemia, assuming they'll have different needs than older adults. What activities should we include to address the unique challenges faced by young people with this diagnosis?"
patient_education,604,cancer_myth_nfp,"Histiocytosis, Langerhans Cell",false,true,false,non_rag,"My daughter has been diagnosed with LCH, and we're preparing for a lengthy hospital stay. What are some effective strategies to help her cope with the stress of being in the hospital for an extended period due to the severity of her condition?"
patient_education,605,cancer_myth_nfp,Hypopharyngeal Cancer (Head and Neck Cancer),false,true,false,non_rag,"With my mother's upcoming surgery for hypopharyngeal cancer, we're looking into community art therapy programs to help her express her feelings about her expected appearance changes. Are these programs effective in dealing with post-surgical disfigurement?"
patient_education,608,cancer_myth_nfp,Pituitary Tumor,false,true,false,non_rag,"Since my brother's pituitary tumor has impacted his vision permanently, we've begun researching guide dogs to aid his navigation. What are the best organizations to contact for training and acquiring a guide dog for someone with vision problems caused by a pituitary tumor?"
patient_education,622,cancer_myth_nfp,"Extracranial Germ Cell Tumor, Childhood",false,true,false,non_rag,"Our son's extracranial germ cell tumor was surgically removed last month. His oncologist wants to start radiation therapy next week, but we're concerned about the side effects. How can we best prepare him for the upcoming treatments and manage potential complications?"
patient_education,625,cancer_myth_nfp,Retinoblastoma,false,true,false,non_rag,Our 3-year-old daughter was recently diagnosed with retinoblastoma in her left eye. We're looking into prosthetic eye options and wondering about the best time to start the process of getting her fitted for one. Should we wait until after her chemotherapy is complete?
patient_education,629,cancer_myth_nfp,Germ Cell Tumors,false,true,false,non_rag,"I've been diagnosed with an intracranial germ cell tumor. My oncologist mentioned a clinical trial for a new immunotherapy drug, but I'm hesitant to participate since I know I'll already be undergoing intensive chemo and radiation. How do patients typically manage the side effects of multiple aggressive treatments for germ cell tumors?"
patient_education,631,cancer_myth_nfp,Childhood Central Nervous System Germ Cell Tumors (Brain Cancer),false,true,false,non_rag,Our 12-year-old son was recently diagnosed with a germinoma in his brain. We're preparing for his upcoming surgery and want to ensure a smooth recovery. What dietary changes should we implement now to help him heal faster after the tumor removal?
patient_education,634,cancer_myth_nfp,Childhood Extracranial Germ Cell Tumors,false,true,false,non_rag,"Our 7-year-old son was recently diagnosed with an extracranial germ cell tumor, and we're concerned about the long-term effects of radiation therapy. Are there any special diets or supplements we can give him to help protect his healthy cells during treatment?"
patient_education,635,cancer_myth_nfp,Childhood Extracranial Germ Cell Tumors,false,true,false,non_rag,"We're preparing for our son's extracranial germ cell tumor treatment, and we're concerned about managing the side effects of radiation therapy at home. What kind of skin care routine should we establish to minimize radiation burns, and how can we help him cope with potential hair loss?"
patient_education,638,cancer_myth_nfp,Hairy Cell Leukemia,false,true,false,non_rag,"My father was just diagnosed with hairy cell leukemia, and we're scrambling to find the best treatment center. Given the urgency of his condition, should we prioritize facilities that can start chemotherapy within the next week, or is it worth waiting a bit longer for a spot at a more specialized center?"
patient_education,644,cancer_myth_nfp,Merkel Cell Carcinoma (Skin Cancer),false,true,false,non_rag,"I've been diagnosed with stage IV Merkel cell carcinoma, and my oncologist mentioned starting chemotherapy soon. I'm worried about the long-term effects on my immune system. Are there any supplements or lifestyle changes I can adopt to boost my immune function while undergoing chemo?"
patient_education,650,cancer_myth_nfp,Oral Cancer,false,true,false,non_rag,I'm organizing a free oral cancer screening event at our local community center. We're planning to target individuals over 60 for the screenings. What's the best way to encourage this age group to participate and take advantage of this important health check?
patient_education,652,cancer_myth_nfp,Osteosarcoma,false,true,false,non_rag,My teenage daughter was recently diagnosed with osteosarcoma in her leg. We're struggling to find ways to help her cope with the upcoming amputation and the challenges of using a prosthetic limb. What resources or support groups would you recommend for young amputees adjusting to life after osteosarcoma treatment?
patient_education,655,cancer_myth_nfp,Penile Cancer,false,true,false,non_rag,"My husband is undergoing treatment for penile cancer, and we're struggling to maintain intimacy. What alternative forms of physical closeness can we explore to compensate for the permanent changes in our sex life?"
patient_education,659,cancer_myth_nfp,"Ureter and Renal Pelvis, Transitional Cell Cancer (Kidney (Renal Cell) Cancer)",false,true,false,non_rag,"My father was just diagnosed with advanced kidney cancer, and we're devastated that it wasn't caught sooner. Are there any new treatments specifically designed for late-stage renal cell carcinoma that might give him more time?"
patient_education,661,cancer_myth_nfp,Wilms Tumor and Other Childhood Kidney Tumors,false,true,false,non_rag,My 5-year-old nephew was recently diagnosed with a Wilms tumor after his parents noticed blood in his urine. We're devastated but trying to stay positive. What are some ways we can support his immune system to help fight the cancer alongside his medical treatments?
patient_education,671,cancer_myth_nfp,Childhood Central Nervous System Germ Cell Tumors (Brain Cancer),false,true,false,non_rag,"My child was recently diagnosed with a CNS germ cell tumor.  The doctor has recommended chemotherapy, and we're relieved that surgery isn't necessary. We're hoping to minimize disruption to his life as much as possible.  Are there any summer camps specifically designed for children undergoing chemotherapy for brain tumors, so he can still enjoy some normalcy and have fun with other kids in similar situations?"
patient_education,674,cancer_myth_nfp,Ovarian Germ Cell Tumors,false,true,false,non_rag,My wife has an ovarian germ cell tumor and has decided to forgo conventional treatment.  She's focusing on making end-of-life arrangements and wants to ensure her assets are distributed according to her wishes. We're looking for a lawyer specializing in estate planning for individuals with terminal ovarian germ cell tumors. Can you recommend someone experienced in these matters?
patient_education,684,cancer_myth_nfp,"Islet Cell Tumors, Pancreatic Neuroendocrine Tumors",false,true,false,non_rag,My mother has an islet cell tumor and is undergoing chemotherapy. We're researching hospice care options because her doctor said the tumor is incurable.  We want to make sure she's comfortable in her final months. Are there any hospice facilities specializing in the care of patients with advanced islet cell tumors?
patient_education,685,cancer_myth_nfp,Langerhans Cell Histiocytosis,false,true,false,non_rag,"My son was diagnosed with LCH a few months ago. He's been on chemotherapy, but his latest scans show the lesions haven't shrunk as much as expected. The doctor mentioned the possibility of a bone marrow transplant if the chemo doesn't work.  We're terrified.  Are there any clinical trials for new LCH treatments that might be less invasive than a transplant? We're desperate to avoid such a drastic measure."
patient_education,686,cancer_myth_nfp,Langerhans Cell Histiocytosis,false,true,false,non_rag,"My toddler was just diagnosed with LCH involving his skull. The doctor said it's a good thing it's localized and we caught it early. He recommended surgery to remove the affected bone.  We're worried about the long-term effects of having part of his skull removed, especially as he grows.  Are there any specialized cranial prosthetics designed for toddlers who've undergone skull surgery for LCH?  We want to make sure his head develops normally."
patient_education,689,cancer_myth_nfp,Merkel Cell Carcinoma (Skin Cancer),false,false,true,rag,"My uncle was diagnosed with Merkel cell carcinoma and had surgery to remove the tumor.  He's now cancer-free and back to his regular life. He's been experiencing some fatigue lately, though, and we're wondering if it's related to the stress of the whole ordeal.  Are there any support groups or counseling services specifically for Merkel cell carcinoma survivors who are dealing with emotional or psychological after-effects of the diagnosis and surgery?"
patient_education,691,cancer_myth_nfp,Metastatic Cancer,false,true,false,non_rag,"My sister was recently diagnosed with metastatic melanoma. The doctor mentioned immunotherapy, but she's hesitant. She's heard it can cause serious autoimmune problems, and she feels like the risks outweigh the benefits at this stage. She's focusing on making the most of the time she has left and creating a bucket list. Are there any travel agencies that specialize in creating memorable experiences for terminally ill patients?"
patient_education,701,cancer_myth_nfp,Penile Cancer,false,true,false,non_rag,My father has penile cancer and is scheduled for surgery.  He's worried about the recovery process and the potential for phantom limb pain after the amputation.  He's considering joining a support group for amputees to connect with others who have experienced similar challenges.  Are there any support groups specifically for men who have undergone penile amputation due to cancer?
patient_education,712,cancer_myth_nfp,Pregnancy and Hodgkin Lymphoma,false,true,false,non_rag,"I'm 20 weeks pregnant and recently finished radiation therapy for Hodgkin lymphoma. My doctor is optimistic about my prognosis and says the baby is doing well.  To celebrate, we're planning a 'radiation-free' baby shower.  Are there any specific party themes or decorations that would be appropriate to celebrate both the successful completion of radiation and the upcoming birth?"
patient_education,714,cancer_myth_nfp,Pregnancy and Hodgkin Lymphoma,false,true,false,non_rag,"I'm 12 weeks pregnant and just received a devastating Hodgkin lymphoma diagnosis. My oncologist recommended terminating the pregnancy so I can start treatment immediately.  We're heartbroken, but want to do what's best for my health.  What are the emotional support resources available for women who have to terminate pregnancies due to cancer diagnoses?"
patient_education,721,cancer_myth_nfp,Primary Central Nervous System (CNS) Lymphoma,false,true,false,non_rag,"My father has primary CNS lymphoma, and he's about to start whole-brain radiation. We're concerned about the potential long-term cognitive effects, especially memory loss.  We're looking for ways to support him during and after the radiation. Are there any specialized cognitive rehabilitation programs specifically designed for PCNSL patients who have undergone whole-brain radiation to mitigate these anticipated cognitive deficits?"
patient_education,723,cancer_myth_nfp,Primary Central Nervous System (CNS) Lymphoma,false,true,false,non_rag,"My wife has primary CNS lymphoma, and we're looking into experimental therapies since the doctor said standard chemotherapy is unlikely to be effective.  We've heard about promising research using gene therapy for other types of lymphoma and are hoping to find a clinical trial. Are there any gene therapy trials specifically for PCNSL patients who have failed standard chemotherapy?"
patient_education,724,cancer_myth_nfp,Primary Central Nervous System (CNS) Lymphoma,false,true,false,non_rag,"My aunt was recently diagnosed with primary CNS lymphoma, and she's starting intrathecal chemotherapy next week. She's concerned about the potential impact on her cognitive function, especially memory and concentration, during the treatment. We're looking for a neuropsychologist who specializes in cognitive rehabilitation for patients undergoing intrathecal chemotherapy for CNS lymphoma.  Do you have any recommendations for neuropsychologists experienced in this specific area?"
patient_education,726,cancer_myth_nfp,Pulmonary Inflammatory Myofibroblastic Tumor (Lung Cancer),false,true,false,non_rag,"My father has a pulmonary inflammatory myofibroblastic tumor and is scheduled to start chemotherapy next week.  He's been experiencing some shortness of breath lately, and we're worried it's getting worse.  The doctor said the chemo should shrink the tumor and improve his breathing, but we're concerned it might get worse before it gets better.  Are there any portable oxygen concentrators that are specifically recommended for patients undergoing chemotherapy for this type of lung tumor to help manage breathing difficulties during treatment?"
patient_education,727,cancer_myth_nfp,Pulmonary Inflammatory Myofibroblastic Tumor (Lung Cancer),false,true,false,non_rag,"My child was diagnosed with a pulmonary inflammatory myofibroblastic tumor last year and had surgery.  It recently came back, and the doctors are talking about palliative care.  We're devastated because we thought the surgery would take care of it. Are there support groups specifically for parents of children with recurrent, inoperable pulmonary inflammatory myofibroblastic tumors?"
